frame_index,filename,timestamp_seconds,timestamp_clock,segment,script_text
1,frame_000001_00-00-00-000.jpg,0.000,00:00:00.000,Quote mở đầu (Hermann Weyl),"""The introduction of numbers as coordinates is an act of violence."" - Hermann Weyl."
2,frame_000002_00-00-01-000.jpg,1.000,00:00:01.000,Quote mở đầu (Hermann Weyl),"""The introduction of numbers as coordinates is an act of violence."" - Hermann Weyl."
3,frame_000003_00-00-02-000.jpg,2.000,00:00:02.000,Quote mở đầu (Hermann Weyl),"""The introduction of numbers as coordinates is an act of violence."" - Hermann Weyl."
4,frame_000004_00-00-03-000.jpg,3.000,00:00:03.000,Quote mở đầu (Hermann Weyl),"""The introduction of numbers as coordinates is an act of violence."" - Hermann Weyl."
5,frame_000005_00-00-04-000.jpg,4.000,00:00:04.000,Quote mở đầu (Hermann Weyl),"""The introduction of numbers as coordinates is an act of violence."" - Hermann Weyl."
6,frame_000006_00-00-05-000.jpg,5.000,00:00:05.000,Quote mở đầu (Hermann Weyl),"""The introduction of numbers as coordinates is an act of violence."" - Hermann Weyl."
7,frame_000007_00-00-06-000.jpg,6.000,00:00:06.000,Quote mở đầu (Hermann Weyl),"""The introduction of numbers as coordinates is an act of violence."" - Hermann Weyl."
8,frame_000008_00-00-07-000.jpg,7.000,00:00:07.000,Quote mở đầu (Hermann Weyl),"""The introduction of numbers as coordinates is an act of violence."" - Hermann Weyl."
9,frame_000009_00-00-08-000.jpg,8.000,00:00:08.000,Quote mở đầu (Hermann Weyl),"""The introduction of numbers as coordinates is an act of violence."" - Hermann Weyl."
10,frame_000010_00-00-09-000.jpg,9.000,00:00:09.000,Quote mở đầu (Hermann Weyl),"""The introduction of numbers as coordinates is an act of violence."" - Hermann Weyl."
11,frame_000011_00-00-10-000.jpg,10.000,00:00:10.000,Quote mở đầu (Hermann Weyl),"""The introduction of numbers as coordinates is an act of violence."" - Hermann Weyl."
12,frame_000012_00-00-11-000.jpg,11.000,00:00:11.000,Vector là building block — 3 góc nhìn,"The fundamental, root of it all building block for linear algebra is the vector. There are three distinct but related ideas about vectors: the physics student perspective, the computer science student perspective, and the mathematician's perspective."
13,frame_000013_00-00-12-000.jpg,12.000,00:00:12.000,Vector là building block — 3 góc nhìn,"The fundamental, root of it all building block for linear algebra is the vector. There are three distinct but related ideas about vectors: the physics student perspective, the computer science student perspective, and the mathematician's perspective."
14,frame_000014_00-00-13-000.jpg,13.000,00:00:13.000,Vector là building block — 3 góc nhìn,"The fundamental, root of it all building block for linear algebra is the vector. There are three distinct but related ideas about vectors: the physics student perspective, the computer science student perspective, and the mathematician's perspective."
15,frame_000015_00-00-14-000.jpg,14.000,00:00:14.000,Vector là building block — 3 góc nhìn,"The fundamental, root of it all building block for linear algebra is the vector. There are three distinct but related ideas about vectors: the physics student perspective, the computer science student perspective, and the mathematician's perspective."
16,frame_000016_00-00-15-000.jpg,15.000,00:00:15.000,Vector là building block — 3 góc nhìn,"The fundamental, root of it all building block for linear algebra is the vector. There are three distinct but related ideas about vectors: the physics student perspective, the computer science student perspective, and the mathematician's perspective."
17,frame_000017_00-00-16-000.jpg,16.000,00:00:16.000,Vector là building block — 3 góc nhìn,"The fundamental, root of it all building block for linear algebra is the vector. There are three distinct but related ideas about vectors: the physics student perspective, the computer science student perspective, and the mathematician's perspective."
18,frame_000018_00-00-17-000.jpg,17.000,00:00:17.000,Vector là building block — 3 góc nhìn,"The fundamental, root of it all building block for linear algebra is the vector. There are three distinct but related ideas about vectors: the physics student perspective, the computer science student perspective, and the mathematician's perspective."
19,frame_000019_00-00-18-000.jpg,18.000,00:00:18.000,Vector là building block — 3 góc nhìn,"The fundamental, root of it all building block for linear algebra is the vector. There are three distinct but related ideas about vectors: the physics student perspective, the computer science student perspective, and the mathematician's perspective."
20,frame_000020_00-00-19-000.jpg,19.000,00:00:19.000,Vector là building block — 3 góc nhìn,"The fundamental, root of it all building block for linear algebra is the vector. There are three distinct but related ideas about vectors: the physics student perspective, the computer science student perspective, and the mathematician's perspective."
21,frame_000021_00-00-20-000.jpg,20.000,00:00:20.000,Vector là building block — 3 góc nhìn,"The fundamental, root of it all building block for linear algebra is the vector. There are three distinct but related ideas about vectors: the physics student perspective, the computer science student perspective, and the mathematician's perspective."
22,frame_000022_00-00-21-000.jpg,21.000,00:00:21.000,Vector là building block — 3 góc nhìn,"The fundamental, root of it all building block for linear algebra is the vector. There are three distinct but related ideas about vectors: the physics student perspective, the computer science student perspective, and the mathematician's perspective."
23,frame_000023_00-00-22-000.jpg,22.000,00:00:22.000,Vector là building block — 3 góc nhìn,"The fundamental, root of it all building block for linear algebra is the vector. There are three distinct but related ideas about vectors: the physics student perspective, the computer science student perspective, and the mathematician's perspective."
24,frame_000024_00-00-23-000.jpg,23.000,00:00:23.000,Vector là building block — 3 góc nhìn,"The fundamental, root of it all building block for linear algebra is the vector. There are three distinct but related ideas about vectors: the physics student perspective, the computer science student perspective, and the mathematician's perspective."
25,frame_000025_00-00-24-000.jpg,24.000,00:00:24.000,Vector là building block — 3 góc nhìn,"The fundamental, root of it all building block for linear algebra is the vector. There are three distinct but related ideas about vectors: the physics student perspective, the computer science student perspective, and the mathematician's perspective."
26,frame_000026_00-00-25-000.jpg,25.000,00:00:25.000,Vector là building block — 3 góc nhìn,"The fundamental, root of it all building block for linear algebra is the vector. There are three distinct but related ideas about vectors: the physics student perspective, the computer science student perspective, and the mathematician's perspective."
27,frame_000027_00-00-26-000.jpg,26.000,00:00:26.000,Vector là building block — 3 góc nhìn,"The fundamental, root of it all building block for linear algebra is the vector. There are three distinct but related ideas about vectors: the physics student perspective, the computer science student perspective, and the mathematician's perspective."
28,frame_000028_00-00-27-000.jpg,27.000,00:00:27.000,Vector là building block — 3 góc nhìn,"The fundamental, root of it all building block for linear algebra is the vector. There are three distinct but related ideas about vectors: the physics student perspective, the computer science student perspective, and the mathematician's perspective."
29,frame_000029_00-00-28-000.jpg,28.000,00:00:28.000,Vector là building block — 3 góc nhìn,"The fundamental, root of it all building block for linear algebra is the vector. There are three distinct but related ideas about vectors: the physics student perspective, the computer science student perspective, and the mathematician's perspective."
30,frame_000030_00-00-29-000.jpg,29.000,00:00:29.000,Vector là building block — 3 góc nhìn,"The fundamental, root of it all building block for linear algebra is the vector. There are three distinct but related ideas about vectors: the physics student perspective, the computer science student perspective, and the mathematician's perspective."
31,frame_000031_00-00-30-000.jpg,30.000,00:00:30.000,Góc nhìn Vật lý: vector là mũi tên,"The physics student perspective is that vectors are arrows pointing in space. What defines a given vector is its length and the direction it's pointing. As long as those two facts are the same, you can move it all around and it's still the same vector. Vectors in the flat plane are two-dimensional; those in broader space are three-dimensional."
32,frame_000032_00-00-31-000.jpg,31.000,00:00:31.000,Góc nhìn Vật lý: vector là mũi tên,"The physics student perspective is that vectors are arrows pointing in space. What defines a given vector is its length and the direction it's pointing. As long as those two facts are the same, you can move it all around and it's still the same vector. Vectors in the flat plane are two-dimensional; those in broader space are three-dimensional."
33,frame_000033_00-00-32-000.jpg,32.000,00:00:32.000,Góc nhìn Vật lý: vector là mũi tên,"The physics student perspective is that vectors are arrows pointing in space. What defines a given vector is its length and the direction it's pointing. As long as those two facts are the same, you can move it all around and it's still the same vector. Vectors in the flat plane are two-dimensional; those in broader space are three-dimensional."
34,frame_000034_00-00-33-000.jpg,33.000,00:00:33.000,Góc nhìn Vật lý: vector là mũi tên,"The physics student perspective is that vectors are arrows pointing in space. What defines a given vector is its length and the direction it's pointing. As long as those two facts are the same, you can move it all around and it's still the same vector. Vectors in the flat plane are two-dimensional; those in broader space are three-dimensional."
35,frame_000035_00-00-34-000.jpg,34.000,00:00:34.000,Góc nhìn Vật lý: vector là mũi tên,"The physics student perspective is that vectors are arrows pointing in space. What defines a given vector is its length and the direction it's pointing. As long as those two facts are the same, you can move it all around and it's still the same vector. Vectors in the flat plane are two-dimensional; those in broader space are three-dimensional."
36,frame_000036_00-00-35-000.jpg,35.000,00:00:35.000,Góc nhìn Vật lý: vector là mũi tên,"The physics student perspective is that vectors are arrows pointing in space. What defines a given vector is its length and the direction it's pointing. As long as those two facts are the same, you can move it all around and it's still the same vector. Vectors in the flat plane are two-dimensional; those in broader space are three-dimensional."
37,frame_000037_00-00-36-000.jpg,36.000,00:00:36.000,Góc nhìn Vật lý: vector là mũi tên,"The physics student perspective is that vectors are arrows pointing in space. What defines a given vector is its length and the direction it's pointing. As long as those two facts are the same, you can move it all around and it's still the same vector. Vectors in the flat plane are two-dimensional; those in broader space are three-dimensional."
38,frame_000038_00-00-37-000.jpg,37.000,00:00:37.000,Góc nhìn Vật lý: vector là mũi tên,"The physics student perspective is that vectors are arrows pointing in space. What defines a given vector is its length and the direction it's pointing. As long as those two facts are the same, you can move it all around and it's still the same vector. Vectors in the flat plane are two-dimensional; those in broader space are three-dimensional."
39,frame_000039_00-00-38-000.jpg,38.000,00:00:38.000,Góc nhìn Vật lý: vector là mũi tên,"The physics student perspective is that vectors are arrows pointing in space. What defines a given vector is its length and the direction it's pointing. As long as those two facts are the same, you can move it all around and it's still the same vector. Vectors in the flat plane are two-dimensional; those in broader space are three-dimensional."
40,frame_000040_00-00-39-000.jpg,39.000,00:00:39.000,Góc nhìn Vật lý: vector là mũi tên,"The physics student perspective is that vectors are arrows pointing in space. What defines a given vector is its length and the direction it's pointing. As long as those two facts are the same, you can move it all around and it's still the same vector. Vectors in the flat plane are two-dimensional; those in broader space are three-dimensional."
41,frame_000041_00-00-40-000.jpg,40.000,00:00:40.000,Góc nhìn Vật lý: vector là mũi tên,"The physics student perspective is that vectors are arrows pointing in space. What defines a given vector is its length and the direction it's pointing. As long as those two facts are the same, you can move it all around and it's still the same vector. Vectors in the flat plane are two-dimensional; those in broader space are three-dimensional."
42,frame_000042_00-00-41-000.jpg,41.000,00:00:41.000,Góc nhìn Vật lý: vector là mũi tên,"The physics student perspective is that vectors are arrows pointing in space. What defines a given vector is its length and the direction it's pointing. As long as those two facts are the same, you can move it all around and it's still the same vector. Vectors in the flat plane are two-dimensional; those in broader space are three-dimensional."
43,frame_000043_00-00-42-000.jpg,42.000,00:00:42.000,Góc nhìn Vật lý: vector là mũi tên,"The physics student perspective is that vectors are arrows pointing in space. What defines a given vector is its length and the direction it's pointing. As long as those two facts are the same, you can move it all around and it's still the same vector. Vectors in the flat plane are two-dimensional; those in broader space are three-dimensional."
44,frame_000044_00-00-43-000.jpg,43.000,00:00:43.000,Góc nhìn Vật lý: vector là mũi tên,"The physics student perspective is that vectors are arrows pointing in space. What defines a given vector is its length and the direction it's pointing. As long as those two facts are the same, you can move it all around and it's still the same vector. Vectors in the flat plane are two-dimensional; those in broader space are three-dimensional."
45,frame_000045_00-00-44-000.jpg,44.000,00:00:44.000,Góc nhìn Vật lý: vector là mũi tên,"The physics student perspective is that vectors are arrows pointing in space. What defines a given vector is its length and the direction it's pointing. As long as those two facts are the same, you can move it all around and it's still the same vector. Vectors in the flat plane are two-dimensional; those in broader space are three-dimensional."
46,frame_000046_00-00-45-000.jpg,45.000,00:00:45.000,Góc nhìn Vật lý: vector là mũi tên,"The physics student perspective is that vectors are arrows pointing in space. What defines a given vector is its length and the direction it's pointing. As long as those two facts are the same, you can move it all around and it's still the same vector. Vectors in the flat plane are two-dimensional; those in broader space are three-dimensional."
47,frame_000047_00-00-46-000.jpg,46.000,00:00:46.000,Góc nhìn Vật lý: vector là mũi tên,"The physics student perspective is that vectors are arrows pointing in space. What defines a given vector is its length and the direction it's pointing. As long as those two facts are the same, you can move it all around and it's still the same vector. Vectors in the flat plane are two-dimensional; those in broader space are three-dimensional."
48,frame_000048_00-00-47-000.jpg,47.000,00:00:47.000,Góc nhìn Vật lý: vector là mũi tên,"The physics student perspective is that vectors are arrows pointing in space. What defines a given vector is its length and the direction it's pointing. As long as those two facts are the same, you can move it all around and it's still the same vector. Vectors in the flat plane are two-dimensional; those in broader space are three-dimensional."
49,frame_000049_00-00-48-000.jpg,48.000,00:00:48.000,Góc nhìn Vật lý: vector là mũi tên,"The physics student perspective is that vectors are arrows pointing in space. What defines a given vector is its length and the direction it's pointing. As long as those two facts are the same, you can move it all around and it's still the same vector. Vectors in the flat plane are two-dimensional; those in broader space are three-dimensional."
50,frame_000050_00-00-49-000.jpg,49.000,00:00:49.000,Góc nhìn Vật lý: vector là mũi tên,"The physics student perspective is that vectors are arrows pointing in space. What defines a given vector is its length and the direction it's pointing. As long as those two facts are the same, you can move it all around and it's still the same vector. Vectors in the flat plane are two-dimensional; those in broader space are three-dimensional."
51,frame_000051_00-00-50-000.jpg,50.000,00:00:50.000,Góc nhìn Vật lý: vector là mũi tên,"The physics student perspective is that vectors are arrows pointing in space. What defines a given vector is its length and the direction it's pointing. As long as those two facts are the same, you can move it all around and it's still the same vector. Vectors in the flat plane are two-dimensional; those in broader space are three-dimensional."
52,frame_000052_00-00-51-000.jpg,51.000,00:00:51.000,Góc nhìn CS: vector là danh sách số có thứ tự,"The computer science perspective is that vectors are ordered lists of numbers. For example, doing analytics about house prices where the features are square footage and price: you model each house with a pair of numbers. The order matters. You'd be modeling houses as two-dimensional vectors, where 'vector' is pretty much a fancy word for list, and what makes it two-dimensional is the length of that list is two."
53,frame_000053_00-00-52-000.jpg,52.000,00:00:52.000,Góc nhìn CS: vector là danh sách số có thứ tự,"The computer science perspective is that vectors are ordered lists of numbers. For example, doing analytics about house prices where the features are square footage and price: you model each house with a pair of numbers. The order matters. You'd be modeling houses as two-dimensional vectors, where 'vector' is pretty much a fancy word for list, and what makes it two-dimensional is the length of that list is two."
54,frame_000054_00-00-53-000.jpg,53.000,00:00:53.000,Góc nhìn CS: vector là danh sách số có thứ tự,"The computer science perspective is that vectors are ordered lists of numbers. For example, doing analytics about house prices where the features are square footage and price: you model each house with a pair of numbers. The order matters. You'd be modeling houses as two-dimensional vectors, where 'vector' is pretty much a fancy word for list, and what makes it two-dimensional is the length of that list is two."
55,frame_000055_00-00-54-000.jpg,54.000,00:00:54.000,Góc nhìn CS: vector là danh sách số có thứ tự,"The computer science perspective is that vectors are ordered lists of numbers. For example, doing analytics about house prices where the features are square footage and price: you model each house with a pair of numbers. The order matters. You'd be modeling houses as two-dimensional vectors, where 'vector' is pretty much a fancy word for list, and what makes it two-dimensional is the length of that list is two."
56,frame_000056_00-00-55-000.jpg,55.000,00:00:55.000,Góc nhìn CS: vector là danh sách số có thứ tự,"The computer science perspective is that vectors are ordered lists of numbers. For example, doing analytics about house prices where the features are square footage and price: you model each house with a pair of numbers. The order matters. You'd be modeling houses as two-dimensional vectors, where 'vector' is pretty much a fancy word for list, and what makes it two-dimensional is the length of that list is two."
57,frame_000057_00-00-56-000.jpg,56.000,00:00:56.000,Góc nhìn CS: vector là danh sách số có thứ tự,"The computer science perspective is that vectors are ordered lists of numbers. For example, doing analytics about house prices where the features are square footage and price: you model each house with a pair of numbers. The order matters. You'd be modeling houses as two-dimensional vectors, where 'vector' is pretty much a fancy word for list, and what makes it two-dimensional is the length of that list is two."
58,frame_000058_00-00-57-000.jpg,57.000,00:00:57.000,Góc nhìn CS: vector là danh sách số có thứ tự,"The computer science perspective is that vectors are ordered lists of numbers. For example, doing analytics about house prices where the features are square footage and price: you model each house with a pair of numbers. The order matters. You'd be modeling houses as two-dimensional vectors, where 'vector' is pretty much a fancy word for list, and what makes it two-dimensional is the length of that list is two."
59,frame_000059_00-00-58-000.jpg,58.000,00:00:58.000,Góc nhìn CS: vector là danh sách số có thứ tự,"The computer science perspective is that vectors are ordered lists of numbers. For example, doing analytics about house prices where the features are square footage and price: you model each house with a pair of numbers. The order matters. You'd be modeling houses as two-dimensional vectors, where 'vector' is pretty much a fancy word for list, and what makes it two-dimensional is the length of that list is two."
60,frame_000060_00-00-59-000.jpg,59.000,00:00:59.000,Góc nhìn CS: vector là danh sách số có thứ tự,"The computer science perspective is that vectors are ordered lists of numbers. For example, doing analytics about house prices where the features are square footage and price: you model each house with a pair of numbers. The order matters. You'd be modeling houses as two-dimensional vectors, where 'vector' is pretty much a fancy word for list, and what makes it two-dimensional is the length of that list is two."
61,frame_000061_00-01-00-000.jpg,60.000,00:01:00.000,Góc nhìn CS: vector là danh sách số có thứ tự,"The computer science perspective is that vectors are ordered lists of numbers. For example, doing analytics about house prices where the features are square footage and price: you model each house with a pair of numbers. The order matters. You'd be modeling houses as two-dimensional vectors, where 'vector' is pretty much a fancy word for list, and what makes it two-dimensional is the length of that list is two."
62,frame_000062_00-01-01-000.jpg,61.000,00:01:01.000,Góc nhìn CS: vector là danh sách số có thứ tự,"The computer science perspective is that vectors are ordered lists of numbers. For example, doing analytics about house prices where the features are square footage and price: you model each house with a pair of numbers. The order matters. You'd be modeling houses as two-dimensional vectors, where 'vector' is pretty much a fancy word for list, and what makes it two-dimensional is the length of that list is two."
63,frame_000063_00-01-02-000.jpg,62.000,00:01:02.000,Góc nhìn CS: vector là danh sách số có thứ tự,"The computer science perspective is that vectors are ordered lists of numbers. For example, doing analytics about house prices where the features are square footage and price: you model each house with a pair of numbers. The order matters. You'd be modeling houses as two-dimensional vectors, where 'vector' is pretty much a fancy word for list, and what makes it two-dimensional is the length of that list is two."
64,frame_000064_00-01-03-000.jpg,63.000,00:01:03.000,Góc nhìn CS: vector là danh sách số có thứ tự,"The computer science perspective is that vectors are ordered lists of numbers. For example, doing analytics about house prices where the features are square footage and price: you model each house with a pair of numbers. The order matters. You'd be modeling houses as two-dimensional vectors, where 'vector' is pretty much a fancy word for list, and what makes it two-dimensional is the length of that list is two."
65,frame_000065_00-01-04-000.jpg,64.000,00:01:04.000,Góc nhìn CS: vector là danh sách số có thứ tự,"The computer science perspective is that vectors are ordered lists of numbers. For example, doing analytics about house prices where the features are square footage and price: you model each house with a pair of numbers. The order matters. You'd be modeling houses as two-dimensional vectors, where 'vector' is pretty much a fancy word for list, and what makes it two-dimensional is the length of that list is two."
66,frame_000066_00-01-05-000.jpg,65.000,00:01:05.000,Góc nhìn CS: vector là danh sách số có thứ tự,"The computer science perspective is that vectors are ordered lists of numbers. For example, doing analytics about house prices where the features are square footage and price: you model each house with a pair of numbers. The order matters. You'd be modeling houses as two-dimensional vectors, where 'vector' is pretty much a fancy word for list, and what makes it two-dimensional is the length of that list is two."
67,frame_000067_00-01-06-000.jpg,66.000,00:01:06.000,Góc nhìn CS: vector là danh sách số có thứ tự,"The computer science perspective is that vectors are ordered lists of numbers. For example, doing analytics about house prices where the features are square footage and price: you model each house with a pair of numbers. The order matters. You'd be modeling houses as two-dimensional vectors, where 'vector' is pretty much a fancy word for list, and what makes it two-dimensional is the length of that list is two."
68,frame_000068_00-01-07-000.jpg,67.000,00:01:07.000,Góc nhìn CS: vector là danh sách số có thứ tự,"The computer science perspective is that vectors are ordered lists of numbers. For example, doing analytics about house prices where the features are square footage and price: you model each house with a pair of numbers. The order matters. You'd be modeling houses as two-dimensional vectors, where 'vector' is pretty much a fancy word for list, and what makes it two-dimensional is the length of that list is two."
69,frame_000069_00-01-08-000.jpg,68.000,00:01:08.000,Góc nhìn CS: vector là danh sách số có thứ tự,"The computer science perspective is that vectors are ordered lists of numbers. For example, doing analytics about house prices where the features are square footage and price: you model each house with a pair of numbers. The order matters. You'd be modeling houses as two-dimensional vectors, where 'vector' is pretty much a fancy word for list, and what makes it two-dimensional is the length of that list is two."
70,frame_000070_00-01-09-000.jpg,69.000,00:01:09.000,Góc nhìn CS: vector là danh sách số có thứ tự,"The computer science perspective is that vectors are ordered lists of numbers. For example, doing analytics about house prices where the features are square footage and price: you model each house with a pair of numbers. The order matters. You'd be modeling houses as two-dimensional vectors, where 'vector' is pretty much a fancy word for list, and what makes it two-dimensional is the length of that list is two."
71,frame_000071_00-01-10-000.jpg,70.000,00:01:10.000,Góc nhìn CS: vector là danh sách số có thứ tự,"The computer science perspective is that vectors are ordered lists of numbers. For example, doing analytics about house prices where the features are square footage and price: you model each house with a pair of numbers. The order matters. You'd be modeling houses as two-dimensional vectors, where 'vector' is pretty much a fancy word for list, and what makes it two-dimensional is the length of that list is two."
72,frame_000072_00-01-11-000.jpg,71.000,00:01:11.000,Góc nhìn CS: vector là danh sách số có thứ tự,"The computer science perspective is that vectors are ordered lists of numbers. For example, doing analytics about house prices where the features are square footage and price: you model each house with a pair of numbers. The order matters. You'd be modeling houses as two-dimensional vectors, where 'vector' is pretty much a fancy word for list, and what makes it two-dimensional is the length of that list is two."
73,frame_000073_00-01-12-000.jpg,72.000,00:01:12.000,Góc nhìn CS: vector là danh sách số có thứ tự,"The computer science perspective is that vectors are ordered lists of numbers. For example, doing analytics about house prices where the features are square footage and price: you model each house with a pair of numbers. The order matters. You'd be modeling houses as two-dimensional vectors, where 'vector' is pretty much a fancy word for list, and what makes it two-dimensional is the length of that list is two."
74,frame_000074_00-01-13-000.jpg,73.000,00:01:13.000,Góc nhìn CS: vector là danh sách số có thứ tự,"The computer science perspective is that vectors are ordered lists of numbers. For example, doing analytics about house prices where the features are square footage and price: you model each house with a pair of numbers. The order matters. You'd be modeling houses as two-dimensional vectors, where 'vector' is pretty much a fancy word for list, and what makes it two-dimensional is the length of that list is two."
75,frame_000075_00-01-14-000.jpg,74.000,00:01:14.000,Góc nhìn CS: vector là danh sách số có thứ tự,"The computer science perspective is that vectors are ordered lists of numbers. For example, doing analytics about house prices where the features are square footage and price: you model each house with a pair of numbers. The order matters. You'd be modeling houses as two-dimensional vectors, where 'vector' is pretty much a fancy word for list, and what makes it two-dimensional is the length of that list is two."
76,frame_000076_00-01-15-000.jpg,75.000,00:01:15.000,Góc nhìn CS: vector là danh sách số có thứ tự,"The computer science perspective is that vectors are ordered lists of numbers. For example, doing analytics about house prices where the features are square footage and price: you model each house with a pair of numbers. The order matters. You'd be modeling houses as two-dimensional vectors, where 'vector' is pretty much a fancy word for list, and what makes it two-dimensional is the length of that list is two."
77,frame_000077_00-01-16-000.jpg,76.000,00:01:16.000,Góc nhìn CS: vector là danh sách số có thứ tự,"The computer science perspective is that vectors are ordered lists of numbers. For example, doing analytics about house prices where the features are square footage and price: you model each house with a pair of numbers. The order matters. You'd be modeling houses as two-dimensional vectors, where 'vector' is pretty much a fancy word for list, and what makes it two-dimensional is the length of that list is two."
78,frame_000078_00-01-17-000.jpg,77.000,00:01:17.000,Góc nhìn CS: vector là danh sách số có thứ tự,"The computer science perspective is that vectors are ordered lists of numbers. For example, doing analytics about house prices where the features are square footage and price: you model each house with a pair of numbers. The order matters. You'd be modeling houses as two-dimensional vectors, where 'vector' is pretty much a fancy word for list, and what makes it two-dimensional is the length of that list is two."
79,frame_000079_00-01-18-000.jpg,78.000,00:01:18.000,Góc nhìn CS: vector là danh sách số có thứ tự,"The computer science perspective is that vectors are ordered lists of numbers. For example, doing analytics about house prices where the features are square footage and price: you model each house with a pair of numbers. The order matters. You'd be modeling houses as two-dimensional vectors, where 'vector' is pretty much a fancy word for list, and what makes it two-dimensional is the length of that list is two."
80,frame_000080_00-01-19-000.jpg,79.000,00:01:19.000,Góc nhìn CS: vector là danh sách số có thứ tự,"The computer science perspective is that vectors are ordered lists of numbers. For example, doing analytics about house prices where the features are square footage and price: you model each house with a pair of numbers. The order matters. You'd be modeling houses as two-dimensional vectors, where 'vector' is pretty much a fancy word for list, and what makes it two-dimensional is the length of that list is two."
81,frame_000081_00-01-20-000.jpg,80.000,00:01:20.000,Góc nhìn CS: vector là danh sách số có thứ tự,"The computer science perspective is that vectors are ordered lists of numbers. For example, doing analytics about house prices where the features are square footage and price: you model each house with a pair of numbers. The order matters. You'd be modeling houses as two-dimensional vectors, where 'vector' is pretty much a fancy word for list, and what makes it two-dimensional is the length of that list is two."
82,frame_000082_00-01-21-000.jpg,81.000,00:01:21.000,Góc nhìn CS: vector là danh sách số có thứ tự,"The computer science perspective is that vectors are ordered lists of numbers. For example, doing analytics about house prices where the features are square footage and price: you model each house with a pair of numbers. The order matters. You'd be modeling houses as two-dimensional vectors, where 'vector' is pretty much a fancy word for list, and what makes it two-dimensional is the length of that list is two."
83,frame_000083_00-01-22-000.jpg,82.000,00:01:22.000,Góc nhìn CS: vector là danh sách số có thứ tự,"The computer science perspective is that vectors are ordered lists of numbers. For example, doing analytics about house prices where the features are square footage and price: you model each house with a pair of numbers. The order matters. You'd be modeling houses as two-dimensional vectors, where 'vector' is pretty much a fancy word for list, and what makes it two-dimensional is the length of that list is two."
84,frame_000084_00-01-23-000.jpg,83.000,00:01:23.000,Góc nhìn CS: vector là danh sách số có thứ tự,"The computer science perspective is that vectors are ordered lists of numbers. For example, doing analytics about house prices where the features are square footage and price: you model each house with a pair of numbers. The order matters. You'd be modeling houses as two-dimensional vectors, where 'vector' is pretty much a fancy word for list, and what makes it two-dimensional is the length of that list is two."
85,frame_000085_00-01-24-000.jpg,84.000,00:01:24.000,Góc nhìn CS: vector là danh sách số có thứ tự,"The computer science perspective is that vectors are ordered lists of numbers. For example, doing analytics about house prices where the features are square footage and price: you model each house with a pair of numbers. The order matters. You'd be modeling houses as two-dimensional vectors, where 'vector' is pretty much a fancy word for list, and what makes it two-dimensional is the length of that list is two."
86,frame_000086_00-01-25-000.jpg,85.000,00:01:25.000,Góc nhìn Toán học: tổng quát hóa,"The mathematician seeks to generalize both views: a vector can be anything where there's a sensible notion of adding two vectors and multiplying a vector by a number. The details are rather abstract; it's healthy to ignore it until the last video of this series, favoring a more concrete setting in the interim."
87,frame_000087_00-01-26-000.jpg,86.000,00:01:26.000,Góc nhìn Toán học: tổng quát hóa,"The mathematician seeks to generalize both views: a vector can be anything where there's a sensible notion of adding two vectors and multiplying a vector by a number. The details are rather abstract; it's healthy to ignore it until the last video of this series, favoring a more concrete setting in the interim."
88,frame_000088_00-01-27-000.jpg,87.000,00:01:27.000,Góc nhìn Toán học: tổng quát hóa,"The mathematician seeks to generalize both views: a vector can be anything where there's a sensible notion of adding two vectors and multiplying a vector by a number. The details are rather abstract; it's healthy to ignore it until the last video of this series, favoring a more concrete setting in the interim."
89,frame_000089_00-01-28-000.jpg,88.000,00:01:28.000,Góc nhìn Toán học: tổng quát hóa,"The mathematician seeks to generalize both views: a vector can be anything where there's a sensible notion of adding two vectors and multiplying a vector by a number. The details are rather abstract; it's healthy to ignore it until the last video of this series, favoring a more concrete setting in the interim."
90,frame_000090_00-01-29-000.jpg,89.000,00:01:29.000,Góc nhìn Toán học: tổng quát hóa,"The mathematician seeks to generalize both views: a vector can be anything where there's a sensible notion of adding two vectors and multiplying a vector by a number. The details are rather abstract; it's healthy to ignore it until the last video of this series, favoring a more concrete setting in the interim."
91,frame_000091_00-01-30-000.jpg,90.000,00:01:30.000,Góc nhìn Toán học: tổng quát hóa,"The mathematician seeks to generalize both views: a vector can be anything where there's a sensible notion of adding two vectors and multiplying a vector by a number. The details are rather abstract; it's healthy to ignore it until the last video of this series, favoring a more concrete setting in the interim."
92,frame_000092_00-01-31-000.jpg,91.000,00:01:31.000,Góc nhìn Toán học: tổng quát hóa,"The mathematician seeks to generalize both views: a vector can be anything where there's a sensible notion of adding two vectors and multiplying a vector by a number. The details are rather abstract; it's healthy to ignore it until the last video of this series, favoring a more concrete setting in the interim."
93,frame_000093_00-01-32-000.jpg,92.000,00:01:32.000,Góc nhìn Toán học: tổng quát hóa,"The mathematician seeks to generalize both views: a vector can be anything where there's a sensible notion of adding two vectors and multiplying a vector by a number. The details are rather abstract; it's healthy to ignore it until the last video of this series, favoring a more concrete setting in the interim."
94,frame_000094_00-01-33-000.jpg,93.000,00:01:33.000,Góc nhìn Toán học: tổng quát hóa,"The mathematician seeks to generalize both views: a vector can be anything where there's a sensible notion of adding two vectors and multiplying a vector by a number. The details are rather abstract; it's healthy to ignore it until the last video of this series, favoring a more concrete setting in the interim."
95,frame_000095_00-01-34-000.jpg,94.000,00:01:34.000,Góc nhìn Toán học: tổng quát hóa,"The mathematician seeks to generalize both views: a vector can be anything where there's a sensible notion of adding two vectors and multiplying a vector by a number. The details are rather abstract; it's healthy to ignore it until the last video of this series, favoring a more concrete setting in the interim."
96,frame_000096_00-01-35-000.jpg,95.000,00:01:35.000,Góc nhìn Toán học: tổng quát hóa,"The mathematician seeks to generalize both views: a vector can be anything where there's a sensible notion of adding two vectors and multiplying a vector by a number. The details are rather abstract; it's healthy to ignore it until the last video of this series, favoring a more concrete setting in the interim."
97,frame_000097_00-01-36-000.jpg,96.000,00:01:36.000,Góc nhìn Toán học: tổng quát hóa,"The mathematician seeks to generalize both views: a vector can be anything where there's a sensible notion of adding two vectors and multiplying a vector by a number. The details are rather abstract; it's healthy to ignore it until the last video of this series, favoring a more concrete setting in the interim."
98,frame_000098_00-01-37-000.jpg,97.000,00:01:37.000,Góc nhìn Toán học: tổng quát hóa,"The mathematician seeks to generalize both views: a vector can be anything where there's a sensible notion of adding two vectors and multiplying a vector by a number. The details are rather abstract; it's healthy to ignore it until the last video of this series, favoring a more concrete setting in the interim."
99,frame_000099_00-01-38-000.jpg,98.000,00:01:38.000,Góc nhìn Toán học: tổng quát hóa,"The mathematician seeks to generalize both views: a vector can be anything where there's a sensible notion of adding two vectors and multiplying a vector by a number. The details are rather abstract; it's healthy to ignore it until the last video of this series, favoring a more concrete setting in the interim."
100,frame_000100_00-01-39-000.jpg,99.000,00:01:39.000,Góc nhìn Toán học: tổng quát hóa,"The mathematician seeks to generalize both views: a vector can be anything where there's a sensible notion of adding two vectors and multiplying a vector by a number. The details are rather abstract; it's healthy to ignore it until the last video of this series, favoring a more concrete setting in the interim."
101,frame_000101_00-01-40-000.jpg,100.000,00:01:40.000,Góc nhìn Toán học: tổng quát hóa,"The mathematician seeks to generalize both views: a vector can be anything where there's a sensible notion of adding two vectors and multiplying a vector by a number. The details are rather abstract; it's healthy to ignore it until the last video of this series, favoring a more concrete setting in the interim."
102,frame_000102_00-01-41-000.jpg,101.000,00:01:41.000,Góc nhìn Toán học: tổng quát hóa,"The mathematician seeks to generalize both views: a vector can be anything where there's a sensible notion of adding two vectors and multiplying a vector by a number. The details are rather abstract; it's healthy to ignore it until the last video of this series, favoring a more concrete setting in the interim."
103,frame_000103_00-01-42-000.jpg,102.000,00:01:42.000,Góc nhìn Toán học: tổng quát hóa,"The mathematician seeks to generalize both views: a vector can be anything where there's a sensible notion of adding two vectors and multiplying a vector by a number. The details are rather abstract; it's healthy to ignore it until the last video of this series, favoring a more concrete setting in the interim."
104,frame_000104_00-01-43-000.jpg,103.000,00:01:43.000,Góc nhìn Toán học: tổng quát hóa,"The mathematician seeks to generalize both views: a vector can be anything where there's a sensible notion of adding two vectors and multiplying a vector by a number. The details are rather abstract; it's healthy to ignore it until the last video of this series, favoring a more concrete setting in the interim."
105,frame_000105_00-01-44-000.jpg,104.000,00:01:44.000,Góc nhìn Toán học: tổng quát hóa,"The mathematician seeks to generalize both views: a vector can be anything where there's a sensible notion of adding two vectors and multiplying a vector by a number. The details are rather abstract; it's healthy to ignore it until the last video of this series, favoring a more concrete setting in the interim."
106,frame_000106_00-01-45-000.jpg,105.000,00:01:45.000,Góc nhìn Toán học: tổng quát hóa,"The mathematician seeks to generalize both views: a vector can be anything where there's a sensible notion of adding two vectors and multiplying a vector by a number. The details are rather abstract; it's healthy to ignore it until the last video of this series, favoring a more concrete setting in the interim."
107,frame_000107_00-01-46-000.jpg,106.000,00:01:46.000,Góc nhìn Toán học: tổng quát hóa,"The mathematician seeks to generalize both views: a vector can be anything where there's a sensible notion of adding two vectors and multiplying a vector by a number. The details are rather abstract; it's healthy to ignore it until the last video of this series, favoring a more concrete setting in the interim."
108,frame_000108_00-01-47-000.jpg,107.000,00:01:47.000,Góc nhìn Toán học: tổng quát hóa,"The mathematician seeks to generalize both views: a vector can be anything where there's a sensible notion of adding two vectors and multiplying a vector by a number. The details are rather abstract; it's healthy to ignore it until the last video of this series, favoring a more concrete setting in the interim."
109,frame_000109_00-01-48-000.jpg,108.000,00:01:48.000,Góc nhìn Toán học: tổng quát hóa,"The mathematician seeks to generalize both views: a vector can be anything where there's a sensible notion of adding two vectors and multiplying a vector by a number. The details are rather abstract; it's healthy to ignore it until the last video of this series, favoring a more concrete setting in the interim."
110,frame_000110_00-01-49-000.jpg,109.000,00:01:49.000,Góc nhìn Toán học: tổng quát hóa,"The mathematician seeks to generalize both views: a vector can be anything where there's a sensible notion of adding two vectors and multiplying a vector by a number. The details are rather abstract; it's healthy to ignore it until the last video of this series, favoring a more concrete setting in the interim."
111,frame_000111_00-01-50-000.jpg,110.000,00:01:50.000,Góc nhìn Toán học: tổng quát hóa,"The mathematician seeks to generalize both views: a vector can be anything where there's a sensible notion of adding two vectors and multiplying a vector by a number. The details are rather abstract; it's healthy to ignore it until the last video of this series, favoring a more concrete setting in the interim."
112,frame_000112_00-01-51-000.jpg,111.000,00:01:51.000,Góc nhìn Toán học: tổng quát hóa,"The mathematician seeks to generalize both views: a vector can be anything where there's a sensible notion of adding two vectors and multiplying a vector by a number. The details are rather abstract; it's healthy to ignore it until the last video of this series, favoring a more concrete setting in the interim."
113,frame_000113_00-01-52-000.jpg,112.000,00:01:52.000,Góc nhìn Toán học: tổng quát hóa,"The mathematician seeks to generalize both views: a vector can be anything where there's a sensible notion of adding two vectors and multiplying a vector by a number. The details are rather abstract; it's healthy to ignore it until the last video of this series, favoring a more concrete setting in the interim."
114,frame_000114_00-01-53-000.jpg,113.000,00:01:53.000,Góc nhìn Toán học: tổng quát hóa,"The mathematician seeks to generalize both views: a vector can be anything where there's a sensible notion of adding two vectors and multiplying a vector by a number. The details are rather abstract; it's healthy to ignore it until the last video of this series, favoring a more concrete setting in the interim."
115,frame_000115_00-01-54-000.jpg,114.000,00:01:54.000,Góc nhìn Toán học: tổng quát hóa,"The mathematician seeks to generalize both views: a vector can be anything where there's a sensible notion of adding two vectors and multiplying a vector by a number. The details are rather abstract; it's healthy to ignore it until the last video of this series, favoring a more concrete setting in the interim."
116,frame_000116_00-01-55-000.jpg,115.000,00:01:55.000,Góc nhìn Toán học: tổng quát hóa,"The mathematician seeks to generalize both views: a vector can be anything where there's a sensible notion of adding two vectors and multiplying a vector by a number. The details are rather abstract; it's healthy to ignore it until the last video of this series, favoring a more concrete setting in the interim."
117,frame_000117_00-01-56-000.jpg,116.000,00:01:56.000,Góc nhìn Toán học: tổng quát hóa,"The mathematician seeks to generalize both views: a vector can be anything where there's a sensible notion of adding two vectors and multiplying a vector by a number. The details are rather abstract; it's healthy to ignore it until the last video of this series, favoring a more concrete setting in the interim."
118,frame_000118_00-01-57-000.jpg,117.000,00:01:57.000,Hình ảnh cần giữ trong đầu: mũi tên gốc tại origin,"Vector addition and multiplication by numbers play an important role throughout linear algebra. Settle on a specific thought: whenever I introduce a new topic involving vectors, first think about an arrow, inside a coordinate system like the x-y plane, with its tail sitting at the origin."
119,frame_000119_00-01-58-000.jpg,118.000,00:01:58.000,Hình ảnh cần giữ trong đầu: mũi tên gốc tại origin,"Vector addition and multiplication by numbers play an important role throughout linear algebra. Settle on a specific thought: whenever I introduce a new topic involving vectors, first think about an arrow, inside a coordinate system like the x-y plane, with its tail sitting at the origin."
120,frame_000120_00-01-59-000.jpg,119.000,00:01:59.000,Hình ảnh cần giữ trong đầu: mũi tên gốc tại origin,"Vector addition and multiplication by numbers play an important role throughout linear algebra. Settle on a specific thought: whenever I introduce a new topic involving vectors, first think about an arrow, inside a coordinate system like the x-y plane, with its tail sitting at the origin."
121,frame_000121_00-02-00-000.jpg,120.000,00:02:00.000,Hình ảnh cần giữ trong đầu: mũi tên gốc tại origin,"Vector addition and multiplication by numbers play an important role throughout linear algebra. Settle on a specific thought: whenever I introduce a new topic involving vectors, first think about an arrow, inside a coordinate system like the x-y plane, with its tail sitting at the origin."
122,frame_000122_00-02-01-000.jpg,121.000,00:02:01.000,Hình ảnh cần giữ trong đầu: mũi tên gốc tại origin,"Vector addition and multiplication by numbers play an important role throughout linear algebra. Settle on a specific thought: whenever I introduce a new topic involving vectors, first think about an arrow, inside a coordinate system like the x-y plane, with its tail sitting at the origin."
123,frame_000123_00-02-02-000.jpg,122.000,00:02:02.000,Hình ảnh cần giữ trong đầu: mũi tên gốc tại origin,"Vector addition and multiplication by numbers play an important role throughout linear algebra. Settle on a specific thought: whenever I introduce a new topic involving vectors, first think about an arrow, inside a coordinate system like the x-y plane, with its tail sitting at the origin."
124,frame_000124_00-02-03-000.jpg,123.000,00:02:03.000,Hình ảnh cần giữ trong đầu: mũi tên gốc tại origin,"Vector addition and multiplication by numbers play an important role throughout linear algebra. Settle on a specific thought: whenever I introduce a new topic involving vectors, first think about an arrow, inside a coordinate system like the x-y plane, with its tail sitting at the origin."
125,frame_000125_00-02-04-000.jpg,124.000,00:02:04.000,Hình ảnh cần giữ trong đầu: mũi tên gốc tại origin,"Vector addition and multiplication by numbers play an important role throughout linear algebra. Settle on a specific thought: whenever I introduce a new topic involving vectors, first think about an arrow, inside a coordinate system like the x-y plane, with its tail sitting at the origin."
126,frame_000126_00-02-05-000.jpg,125.000,00:02:05.000,Hình ảnh cần giữ trong đầu: mũi tên gốc tại origin,"Vector addition and multiplication by numbers play an important role throughout linear algebra. Settle on a specific thought: whenever I introduce a new topic involving vectors, first think about an arrow, inside a coordinate system like the x-y plane, with its tail sitting at the origin."
127,frame_000127_00-02-06-000.jpg,126.000,00:02:06.000,Hình ảnh cần giữ trong đầu: mũi tên gốc tại origin,"Vector addition and multiplication by numbers play an important role throughout linear algebra. Settle on a specific thought: whenever I introduce a new topic involving vectors, first think about an arrow, inside a coordinate system like the x-y plane, with its tail sitting at the origin."
128,frame_000128_00-02-07-000.jpg,127.000,00:02:07.000,Hình ảnh cần giữ trong đầu: mũi tên gốc tại origin,"Vector addition and multiplication by numbers play an important role throughout linear algebra. Settle on a specific thought: whenever I introduce a new topic involving vectors, first think about an arrow, inside a coordinate system like the x-y plane, with its tail sitting at the origin."
129,frame_000129_00-02-08-000.jpg,128.000,00:02:08.000,Hình ảnh cần giữ trong đầu: mũi tên gốc tại origin,"Vector addition and multiplication by numbers play an important role throughout linear algebra. Settle on a specific thought: whenever I introduce a new topic involving vectors, first think about an arrow, inside a coordinate system like the x-y plane, with its tail sitting at the origin."
130,frame_000130_00-02-09-000.jpg,129.000,00:02:09.000,Hình ảnh cần giữ trong đầu: mũi tên gốc tại origin,"Vector addition and multiplication by numbers play an important role throughout linear algebra. Settle on a specific thought: whenever I introduce a new topic involving vectors, first think about an arrow, inside a coordinate system like the x-y plane, with its tail sitting at the origin."
131,frame_000131_00-02-10-000.jpg,130.000,00:02:10.000,Hình ảnh cần giữ trong đầu: mũi tên gốc tại origin,"Vector addition and multiplication by numbers play an important role throughout linear algebra. Settle on a specific thought: whenever I introduce a new topic involving vectors, first think about an arrow, inside a coordinate system like the x-y plane, with its tail sitting at the origin."
132,frame_000132_00-02-11-000.jpg,131.000,00:02:11.000,Hình ảnh cần giữ trong đầu: mũi tên gốc tại origin,"Vector addition and multiplication by numbers play an important role throughout linear algebra. Settle on a specific thought: whenever I introduce a new topic involving vectors, first think about an arrow, inside a coordinate system like the x-y plane, with its tail sitting at the origin."
133,frame_000133_00-02-12-000.jpg,132.000,00:02:12.000,Hình ảnh cần giữ trong đầu: mũi tên gốc tại origin,"Vector addition and multiplication by numbers play an important role throughout linear algebra. Settle on a specific thought: whenever I introduce a new topic involving vectors, first think about an arrow, inside a coordinate system like the x-y plane, with its tail sitting at the origin."
134,frame_000134_00-02-13-000.jpg,133.000,00:02:13.000,Hình ảnh cần giữ trong đầu: mũi tên gốc tại origin,"Vector addition and multiplication by numbers play an important role throughout linear algebra. Settle on a specific thought: whenever I introduce a new topic involving vectors, first think about an arrow, inside a coordinate system like the x-y plane, with its tail sitting at the origin."
135,frame_000135_00-02-14-000.jpg,134.000,00:02:14.000,Hình ảnh cần giữ trong đầu: mũi tên gốc tại origin,"Vector addition and multiplication by numbers play an important role throughout linear algebra. Settle on a specific thought: whenever I introduce a new topic involving vectors, first think about an arrow, inside a coordinate system like the x-y plane, with its tail sitting at the origin."
136,frame_000136_00-02-15-000.jpg,135.000,00:02:15.000,Hình ảnh cần giữ trong đầu: mũi tên gốc tại origin,"Vector addition and multiplication by numbers play an important role throughout linear algebra. Settle on a specific thought: whenever I introduce a new topic involving vectors, first think about an arrow, inside a coordinate system like the x-y plane, with its tail sitting at the origin."
137,frame_000137_00-02-16-000.jpg,136.000,00:02:16.000,Hình ảnh cần giữ trong đầu: mũi tên gốc tại origin,"Vector addition and multiplication by numbers play an important role throughout linear algebra. Settle on a specific thought: whenever I introduce a new topic involving vectors, first think about an arrow, inside a coordinate system like the x-y plane, with its tail sitting at the origin."
138,frame_000138_00-02-17-000.jpg,137.000,00:02:17.000,Hình ảnh cần giữ trong đầu: mũi tên gốc tại origin,"Vector addition and multiplication by numbers play an important role throughout linear algebra. Settle on a specific thought: whenever I introduce a new topic involving vectors, first think about an arrow, inside a coordinate system like the x-y plane, with its tail sitting at the origin."
139,frame_000139_00-02-18-000.jpg,138.000,00:02:18.000,Hình ảnh cần giữ trong đầu: mũi tên gốc tại origin,"Vector addition and multiplication by numbers play an important role throughout linear algebra. Settle on a specific thought: whenever I introduce a new topic involving vectors, first think about an arrow, inside a coordinate system like the x-y plane, with its tail sitting at the origin."
140,frame_000140_00-02-19-000.jpg,139.000,00:02:19.000,Hình ảnh cần giữ trong đầu: mũi tên gốc tại origin,"Vector addition and multiplication by numbers play an important role throughout linear algebra. Settle on a specific thought: whenever I introduce a new topic involving vectors, first think about an arrow, inside a coordinate system like the x-y plane, with its tail sitting at the origin."
141,frame_000141_00-02-20-000.jpg,140.000,00:02:20.000,Hình ảnh cần giữ trong đầu: mũi tên gốc tại origin,"Vector addition and multiplication by numbers play an important role throughout linear algebra. Settle on a specific thought: whenever I introduce a new topic involving vectors, first think about an arrow, inside a coordinate system like the x-y plane, with its tail sitting at the origin."
142,frame_000142_00-02-21-000.jpg,141.000,00:02:21.000,Hình ảnh cần giữ trong đầu: mũi tên gốc tại origin,"Vector addition and multiplication by numbers play an important role throughout linear algebra. Settle on a specific thought: whenever I introduce a new topic involving vectors, first think about an arrow, inside a coordinate system like the x-y plane, with its tail sitting at the origin."
143,frame_000143_00-02-22-000.jpg,142.000,00:02:22.000,Hình ảnh cần giữ trong đầu: mũi tên gốc tại origin,"Vector addition and multiplication by numbers play an important role throughout linear algebra. Settle on a specific thought: whenever I introduce a new topic involving vectors, first think about an arrow, inside a coordinate system like the x-y plane, with its tail sitting at the origin."
144,frame_000144_00-02-23-000.jpg,143.000,00:02:23.000,Hình ảnh cần giữ trong đầu: mũi tên gốc tại origin,"Vector addition and multiplication by numbers play an important role throughout linear algebra. Settle on a specific thought: whenever I introduce a new topic involving vectors, first think about an arrow, inside a coordinate system like the x-y plane, with its tail sitting at the origin."
145,frame_000145_00-02-24-000.jpg,144.000,00:02:24.000,Hình ảnh cần giữ trong đầu: mũi tên gốc tại origin,"Vector addition and multiplication by numbers play an important role throughout linear algebra. Settle on a specific thought: whenever I introduce a new topic involving vectors, first think about an arrow, inside a coordinate system like the x-y plane, with its tail sitting at the origin."
146,frame_000146_00-02-25-000.jpg,145.000,00:02:25.000,Hình ảnh cần giữ trong đầu: mũi tên gốc tại origin,"Vector addition and multiplication by numbers play an important role throughout linear algebra. Settle on a specific thought: whenever I introduce a new topic involving vectors, first think about an arrow, inside a coordinate system like the x-y plane, with its tail sitting at the origin."
147,frame_000147_00-02-26-000.jpg,146.000,00:02:26.000,Hình ảnh cần giữ trong đầu: mũi tên gốc tại origin,"Vector addition and multiplication by numbers play an important role throughout linear algebra. Settle on a specific thought: whenever I introduce a new topic involving vectors, first think about an arrow, inside a coordinate system like the x-y plane, with its tail sitting at the origin."
148,frame_000148_00-02-27-000.jpg,147.000,00:02:27.000,Hình ảnh cần giữ trong đầu: mũi tên gốc tại origin,"Vector addition and multiplication by numbers play an important role throughout linear algebra. Settle on a specific thought: whenever I introduce a new topic involving vectors, first think about an arrow, inside a coordinate system like the x-y plane, with its tail sitting at the origin."
149,frame_000149_00-02-28-000.jpg,148.000,00:02:28.000,Hình ảnh cần giữ trong đầu: mũi tên gốc tại origin,"Vector addition and multiplication by numbers play an important role throughout linear algebra. Settle on a specific thought: whenever I introduce a new topic involving vectors, first think about an arrow, inside a coordinate system like the x-y plane, with its tail sitting at the origin."
150,frame_000150_00-02-29-000.jpg,149.000,00:02:29.000,Hình ảnh cần giữ trong đầu: mũi tên gốc tại origin,"Vector addition and multiplication by numbers play an important role throughout linear algebra. Settle on a specific thought: whenever I introduce a new topic involving vectors, first think about an arrow, inside a coordinate system like the x-y plane, with its tail sitting at the origin."
151,frame_000151_00-02-30-000.jpg,150.000,00:02:30.000,Hình ảnh cần giữ trong đầu: mũi tên gốc tại origin,"Vector addition and multiplication by numbers play an important role throughout linear algebra. Settle on a specific thought: whenever I introduce a new topic involving vectors, first think about an arrow, inside a coordinate system like the x-y plane, with its tail sitting at the origin."
152,frame_000152_00-02-31-000.jpg,151.000,00:02:31.000,Hình ảnh cần giữ trong đầu: mũi tên gốc tại origin,"Vector addition and multiplication by numbers play an important role throughout linear algebra. Settle on a specific thought: whenever I introduce a new topic involving vectors, first think about an arrow, inside a coordinate system like the x-y plane, with its tail sitting at the origin."
153,frame_000153_00-02-32-000.jpg,152.000,00:02:32.000,Hình ảnh cần giữ trong đầu: mũi tên gốc tại origin,"Vector addition and multiplication by numbers play an important role throughout linear algebra. Settle on a specific thought: whenever I introduce a new topic involving vectors, first think about an arrow, inside a coordinate system like the x-y plane, with its tail sitting at the origin."
154,frame_000154_00-02-33-000.jpg,153.000,00:02:33.000,Hình ảnh cần giữ trong đầu: mũi tên gốc tại origin,"Vector addition and multiplication by numbers play an important role throughout linear algebra. Settle on a specific thought: whenever I introduce a new topic involving vectors, first think about an arrow, inside a coordinate system like the x-y plane, with its tail sitting at the origin."
155,frame_000155_00-02-34-000.jpg,154.000,00:02:34.000,Hình ảnh cần giữ trong đầu: mũi tên gốc tại origin,"Vector addition and multiplication by numbers play an important role throughout linear algebra. Settle on a specific thought: whenever I introduce a new topic involving vectors, first think about an arrow, inside a coordinate system like the x-y plane, with its tail sitting at the origin."
156,frame_000156_00-02-35-000.jpg,155.000,00:02:35.000,Hình ảnh cần giữ trong đầu: mũi tên gốc tại origin,"Vector addition and multiplication by numbers play an important role throughout linear algebra. Settle on a specific thought: whenever I introduce a new topic involving vectors, first think about an arrow, inside a coordinate system like the x-y plane, with its tail sitting at the origin."
157,frame_000157_00-02-36-000.jpg,156.000,00:02:36.000,Hình ảnh cần giữ trong đầu: mũi tên gốc tại origin,"Vector addition and multiplication by numbers play an important role throughout linear algebra. Settle on a specific thought: whenever I introduce a new topic involving vectors, first think about an arrow, inside a coordinate system like the x-y plane, with its tail sitting at the origin."
158,frame_000158_00-02-37-000.jpg,157.000,00:02:37.000,Hình ảnh cần giữ trong đầu: mũi tên gốc tại origin,"Vector addition and multiplication by numbers play an important role throughout linear algebra. Settle on a specific thought: whenever I introduce a new topic involving vectors, first think about an arrow, inside a coordinate system like the x-y plane, with its tail sitting at the origin."
159,frame_000159_00-02-38-000.jpg,158.000,00:02:38.000,Hình ảnh cần giữ trong đầu: mũi tên gốc tại origin,"Vector addition and multiplication by numbers play an important role throughout linear algebra. Settle on a specific thought: whenever I introduce a new topic involving vectors, first think about an arrow, inside a coordinate system like the x-y plane, with its tail sitting at the origin."
160,frame_000160_00-02-39-000.jpg,159.000,00:02:39.000,Hình ảnh cần giữ trong đầu: mũi tên gốc tại origin,"Vector addition and multiplication by numbers play an important role throughout linear algebra. Settle on a specific thought: whenever I introduce a new topic involving vectors, first think about an arrow, inside a coordinate system like the x-y plane, with its tail sitting at the origin."
161,frame_000161_00-02-40-000.jpg,160.000,00:02:40.000,Hình ảnh cần giữ trong đầu: mũi tên gốc tại origin,"Vector addition and multiplication by numbers play an important role throughout linear algebra. Settle on a specific thought: whenever I introduce a new topic involving vectors, first think about an arrow, inside a coordinate system like the x-y plane, with its tail sitting at the origin."
162,frame_000162_00-02-41-000.jpg,161.000,00:02:41.000,Khác biệt với Vật lý: vector luôn gốc ở origin,"This is a little different from the physics perspective, where vectors can sit anywhere. In linear algebra, it's almost always the case that your vector will be rooted at the origin. Once you understand a concept with arrows in space, we'll translate it to the list-of-numbers view by considering the coordinates of the vector."
163,frame_000163_00-02-42-000.jpg,162.000,00:02:42.000,Khác biệt với Vật lý: vector luôn gốc ở origin,"This is a little different from the physics perspective, where vectors can sit anywhere. In linear algebra, it's almost always the case that your vector will be rooted at the origin. Once you understand a concept with arrows in space, we'll translate it to the list-of-numbers view by considering the coordinates of the vector."
164,frame_000164_00-02-43-000.jpg,163.000,00:02:43.000,Khác biệt với Vật lý: vector luôn gốc ở origin,"This is a little different from the physics perspective, where vectors can sit anywhere. In linear algebra, it's almost always the case that your vector will be rooted at the origin. Once you understand a concept with arrows in space, we'll translate it to the list-of-numbers view by considering the coordinates of the vector."
165,frame_000165_00-02-44-000.jpg,164.000,00:02:44.000,Khác biệt với Vật lý: vector luôn gốc ở origin,"This is a little different from the physics perspective, where vectors can sit anywhere. In linear algebra, it's almost always the case that your vector will be rooted at the origin. Once you understand a concept with arrows in space, we'll translate it to the list-of-numbers view by considering the coordinates of the vector."
166,frame_000166_00-02-45-000.jpg,165.000,00:02:45.000,Khác biệt với Vật lý: vector luôn gốc ở origin,"This is a little different from the physics perspective, where vectors can sit anywhere. In linear algebra, it's almost always the case that your vector will be rooted at the origin. Once you understand a concept with arrows in space, we'll translate it to the list-of-numbers view by considering the coordinates of the vector."
167,frame_000167_00-02-46-000.jpg,166.000,00:02:46.000,Khác biệt với Vật lý: vector luôn gốc ở origin,"This is a little different from the physics perspective, where vectors can sit anywhere. In linear algebra, it's almost always the case that your vector will be rooted at the origin. Once you understand a concept with arrows in space, we'll translate it to the list-of-numbers view by considering the coordinates of the vector."
168,frame_000168_00-02-47-000.jpg,167.000,00:02:47.000,Khác biệt với Vật lý: vector luôn gốc ở origin,"This is a little different from the physics perspective, where vectors can sit anywhere. In linear algebra, it's almost always the case that your vector will be rooted at the origin. Once you understand a concept with arrows in space, we'll translate it to the list-of-numbers view by considering the coordinates of the vector."
169,frame_000169_00-02-48-000.jpg,168.000,00:02:48.000,Khác biệt với Vật lý: vector luôn gốc ở origin,"This is a little different from the physics perspective, where vectors can sit anywhere. In linear algebra, it's almost always the case that your vector will be rooted at the origin. Once you understand a concept with arrows in space, we'll translate it to the list-of-numbers view by considering the coordinates of the vector."
170,frame_000170_00-02-49-000.jpg,169.000,00:02:49.000,Khác biệt với Vật lý: vector luôn gốc ở origin,"This is a little different from the physics perspective, where vectors can sit anywhere. In linear algebra, it's almost always the case that your vector will be rooted at the origin. Once you understand a concept with arrows in space, we'll translate it to the list-of-numbers view by considering the coordinates of the vector."
171,frame_000171_00-02-50-000.jpg,170.000,00:02:50.000,Khác biệt với Vật lý: vector luôn gốc ở origin,"This is a little different from the physics perspective, where vectors can sit anywhere. In linear algebra, it's almost always the case that your vector will be rooted at the origin. Once you understand a concept with arrows in space, we'll translate it to the list-of-numbers view by considering the coordinates of the vector."
172,frame_000172_00-02-51-000.jpg,171.000,00:02:51.000,Khác biệt với Vật lý: vector luôn gốc ở origin,"This is a little different from the physics perspective, where vectors can sit anywhere. In linear algebra, it's almost always the case that your vector will be rooted at the origin. Once you understand a concept with arrows in space, we'll translate it to the list-of-numbers view by considering the coordinates of the vector."
173,frame_000173_00-02-52-000.jpg,172.000,00:02:52.000,Khác biệt với Vật lý: vector luôn gốc ở origin,"This is a little different from the physics perspective, where vectors can sit anywhere. In linear algebra, it's almost always the case that your vector will be rooted at the origin. Once you understand a concept with arrows in space, we'll translate it to the list-of-numbers view by considering the coordinates of the vector."
174,frame_000174_00-02-53-000.jpg,173.000,00:02:53.000,Khác biệt với Vật lý: vector luôn gốc ở origin,"This is a little different from the physics perspective, where vectors can sit anywhere. In linear algebra, it's almost always the case that your vector will be rooted at the origin. Once you understand a concept with arrows in space, we'll translate it to the list-of-numbers view by considering the coordinates of the vector."
175,frame_000175_00-02-54-000.jpg,174.000,00:02:54.000,Khác biệt với Vật lý: vector luôn gốc ở origin,"This is a little different from the physics perspective, where vectors can sit anywhere. In linear algebra, it's almost always the case that your vector will be rooted at the origin. Once you understand a concept with arrows in space, we'll translate it to the list-of-numbers view by considering the coordinates of the vector."
176,frame_000176_00-02-55-000.jpg,175.000,00:02:55.000,Khác biệt với Vật lý: vector luôn gốc ở origin,"This is a little different from the physics perspective, where vectors can sit anywhere. In linear algebra, it's almost always the case that your vector will be rooted at the origin. Once you understand a concept with arrows in space, we'll translate it to the list-of-numbers view by considering the coordinates of the vector."
177,frame_000177_00-02-56-000.jpg,176.000,00:02:56.000,Khác biệt với Vật lý: vector luôn gốc ở origin,"This is a little different from the physics perspective, where vectors can sit anywhere. In linear algebra, it's almost always the case that your vector will be rooted at the origin. Once you understand a concept with arrows in space, we'll translate it to the list-of-numbers view by considering the coordinates of the vector."
178,frame_000178_00-02-57-000.jpg,177.000,00:02:57.000,Khác biệt với Vật lý: vector luôn gốc ở origin,"This is a little different from the physics perspective, where vectors can sit anywhere. In linear algebra, it's almost always the case that your vector will be rooted at the origin. Once you understand a concept with arrows in space, we'll translate it to the list-of-numbers view by considering the coordinates of the vector."
179,frame_000179_00-02-58-000.jpg,178.000,00:02:58.000,Khác biệt với Vật lý: vector luôn gốc ở origin,"This is a little different from the physics perspective, where vectors can sit anywhere. In linear algebra, it's almost always the case that your vector will be rooted at the origin. Once you understand a concept with arrows in space, we'll translate it to the list-of-numbers view by considering the coordinates of the vector."
180,frame_000180_00-02-59-000.jpg,179.000,00:02:59.000,Khác biệt với Vật lý: vector luôn gốc ở origin,"This is a little different from the physics perspective, where vectors can sit anywhere. In linear algebra, it's almost always the case that your vector will be rooted at the origin. Once you understand a concept with arrows in space, we'll translate it to the list-of-numbers view by considering the coordinates of the vector."
181,frame_000181_00-03-00-000.jpg,180.000,00:03:00.000,Khác biệt với Vật lý: vector luôn gốc ở origin,"This is a little different from the physics perspective, where vectors can sit anywhere. In linear algebra, it's almost always the case that your vector will be rooted at the origin. Once you understand a concept with arrows in space, we'll translate it to the list-of-numbers view by considering the coordinates of the vector."
182,frame_000182_00-03-01-000.jpg,181.000,00:03:01.000,Khác biệt với Vật lý: vector luôn gốc ở origin,"This is a little different from the physics perspective, where vectors can sit anywhere. In linear algebra, it's almost always the case that your vector will be rooted at the origin. Once you understand a concept with arrows in space, we'll translate it to the list-of-numbers view by considering the coordinates of the vector."
183,frame_000183_00-03-02-000.jpg,182.000,00:03:02.000,Khác biệt với Vật lý: vector luôn gốc ở origin,"This is a little different from the physics perspective, where vectors can sit anywhere. In linear algebra, it's almost always the case that your vector will be rooted at the origin. Once you understand a concept with arrows in space, we'll translate it to the list-of-numbers view by considering the coordinates of the vector."
184,frame_000184_00-03-03-000.jpg,183.000,00:03:03.000,Khác biệt với Vật lý: vector luôn gốc ở origin,"This is a little different from the physics perspective, where vectors can sit anywhere. In linear algebra, it's almost always the case that your vector will be rooted at the origin. Once you understand a concept with arrows in space, we'll translate it to the list-of-numbers view by considering the coordinates of the vector."
185,frame_000185_00-03-04-000.jpg,184.000,00:03:04.000,Khác biệt với Vật lý: vector luôn gốc ở origin,"This is a little different from the physics perspective, where vectors can sit anywhere. In linear algebra, it's almost always the case that your vector will be rooted at the origin. Once you understand a concept with arrows in space, we'll translate it to the list-of-numbers view by considering the coordinates of the vector."
186,frame_000186_00-03-05-000.jpg,185.000,00:03:05.000,Khác biệt với Vật lý: vector luôn gốc ở origin,"This is a little different from the physics perspective, where vectors can sit anywhere. In linear algebra, it's almost always the case that your vector will be rooted at the origin. Once you understand a concept with arrows in space, we'll translate it to the list-of-numbers view by considering the coordinates of the vector."
187,frame_000187_00-03-06-000.jpg,186.000,00:03:06.000,Khác biệt với Vật lý: vector luôn gốc ở origin,"This is a little different from the physics perspective, where vectors can sit anywhere. In linear algebra, it's almost always the case that your vector will be rooted at the origin. Once you understand a concept with arrows in space, we'll translate it to the list-of-numbers view by considering the coordinates of the vector."
188,frame_000188_00-03-07-000.jpg,187.000,00:03:07.000,Khác biệt với Vật lý: vector luôn gốc ở origin,"This is a little different from the physics perspective, where vectors can sit anywhere. In linear algebra, it's almost always the case that your vector will be rooted at the origin. Once you understand a concept with arrows in space, we'll translate it to the list-of-numbers view by considering the coordinates of the vector."
189,frame_000189_00-03-08-000.jpg,188.000,00:03:08.000,Khác biệt với Vật lý: vector luôn gốc ở origin,"This is a little different from the physics perspective, where vectors can sit anywhere. In linear algebra, it's almost always the case that your vector will be rooted at the origin. Once you understand a concept with arrows in space, we'll translate it to the list-of-numbers view by considering the coordinates of the vector."
190,frame_000190_00-03-09-000.jpg,189.000,00:03:09.000,Khác biệt với Vật lý: vector luôn gốc ở origin,"This is a little different from the physics perspective, where vectors can sit anywhere. In linear algebra, it's almost always the case that your vector will be rooted at the origin. Once you understand a concept with arrows in space, we'll translate it to the list-of-numbers view by considering the coordinates of the vector."
191,frame_000191_00-03-10-000.jpg,190.000,00:03:10.000,Khác biệt với Vật lý: vector luôn gốc ở origin,"This is a little different from the physics perspective, where vectors can sit anywhere. In linear algebra, it's almost always the case that your vector will be rooted at the origin. Once you understand a concept with arrows in space, we'll translate it to the list-of-numbers view by considering the coordinates of the vector."
192,frame_000192_00-03-11-000.jpg,191.000,00:03:11.000,Khác biệt với Vật lý: vector luôn gốc ở origin,"This is a little different from the physics perspective, where vectors can sit anywhere. In linear algebra, it's almost always the case that your vector will be rooted at the origin. Once you understand a concept with arrows in space, we'll translate it to the list-of-numbers view by considering the coordinates of the vector."
193,frame_000193_00-03-12-000.jpg,192.000,00:03:12.000,Tọa độ vector trong 2D,"Focusing on two dimensions: a horizontal x-axis and a vertical y-axis, intersecting at the origin. The coordinates of a vector is a pair of numbers giving instructions to get from the tail at the origin to its tip. The first number tells you how far to walk along x; the second how far parallel to y after that. Convention: write the pair vertically with square brackets, to distinguish vectors from points."
194,frame_000194_00-03-13-000.jpg,193.000,00:03:13.000,Tọa độ vector trong 2D,"Focusing on two dimensions: a horizontal x-axis and a vertical y-axis, intersecting at the origin. The coordinates of a vector is a pair of numbers giving instructions to get from the tail at the origin to its tip. The first number tells you how far to walk along x; the second how far parallel to y after that. Convention: write the pair vertically with square brackets, to distinguish vectors from points."
195,frame_000195_00-03-14-000.jpg,194.000,00:03:14.000,Tọa độ vector trong 2D,"Focusing on two dimensions: a horizontal x-axis and a vertical y-axis, intersecting at the origin. The coordinates of a vector is a pair of numbers giving instructions to get from the tail at the origin to its tip. The first number tells you how far to walk along x; the second how far parallel to y after that. Convention: write the pair vertically with square brackets, to distinguish vectors from points."
196,frame_000196_00-03-15-000.jpg,195.000,00:03:15.000,Tọa độ vector trong 2D,"Focusing on two dimensions: a horizontal x-axis and a vertical y-axis, intersecting at the origin. The coordinates of a vector is a pair of numbers giving instructions to get from the tail at the origin to its tip. The first number tells you how far to walk along x; the second how far parallel to y after that. Convention: write the pair vertically with square brackets, to distinguish vectors from points."
197,frame_000197_00-03-16-000.jpg,196.000,00:03:16.000,Tọa độ vector trong 2D,"Focusing on two dimensions: a horizontal x-axis and a vertical y-axis, intersecting at the origin. The coordinates of a vector is a pair of numbers giving instructions to get from the tail at the origin to its tip. The first number tells you how far to walk along x; the second how far parallel to y after that. Convention: write the pair vertically with square brackets, to distinguish vectors from points."
198,frame_000198_00-03-17-000.jpg,197.000,00:03:17.000,Tọa độ vector trong 2D,"Focusing on two dimensions: a horizontal x-axis and a vertical y-axis, intersecting at the origin. The coordinates of a vector is a pair of numbers giving instructions to get from the tail at the origin to its tip. The first number tells you how far to walk along x; the second how far parallel to y after that. Convention: write the pair vertically with square brackets, to distinguish vectors from points."
199,frame_000199_00-03-18-000.jpg,198.000,00:03:18.000,Tọa độ vector trong 2D,"Focusing on two dimensions: a horizontal x-axis and a vertical y-axis, intersecting at the origin. The coordinates of a vector is a pair of numbers giving instructions to get from the tail at the origin to its tip. The first number tells you how far to walk along x; the second how far parallel to y after that. Convention: write the pair vertically with square brackets, to distinguish vectors from points."
200,frame_000200_00-03-19-000.jpg,199.000,00:03:19.000,Tọa độ vector trong 2D,"Focusing on two dimensions: a horizontal x-axis and a vertical y-axis, intersecting at the origin. The coordinates of a vector is a pair of numbers giving instructions to get from the tail at the origin to its tip. The first number tells you how far to walk along x; the second how far parallel to y after that. Convention: write the pair vertically with square brackets, to distinguish vectors from points."
201,frame_000201_00-03-20-000.jpg,200.000,00:03:20.000,Tọa độ vector trong 2D,"Focusing on two dimensions: a horizontal x-axis and a vertical y-axis, intersecting at the origin. The coordinates of a vector is a pair of numbers giving instructions to get from the tail at the origin to its tip. The first number tells you how far to walk along x; the second how far parallel to y after that. Convention: write the pair vertically with square brackets, to distinguish vectors from points."
202,frame_000202_00-03-21-000.jpg,201.000,00:03:21.000,Tọa độ vector trong 2D,"Focusing on two dimensions: a horizontal x-axis and a vertical y-axis, intersecting at the origin. The coordinates of a vector is a pair of numbers giving instructions to get from the tail at the origin to its tip. The first number tells you how far to walk along x; the second how far parallel to y after that. Convention: write the pair vertically with square brackets, to distinguish vectors from points."
203,frame_000203_00-03-22-000.jpg,202.000,00:03:22.000,Tọa độ vector trong 2D,"Focusing on two dimensions: a horizontal x-axis and a vertical y-axis, intersecting at the origin. The coordinates of a vector is a pair of numbers giving instructions to get from the tail at the origin to its tip. The first number tells you how far to walk along x; the second how far parallel to y after that. Convention: write the pair vertically with square brackets, to distinguish vectors from points."
204,frame_000204_00-03-23-000.jpg,203.000,00:03:23.000,Tọa độ vector trong 2D,"Focusing on two dimensions: a horizontal x-axis and a vertical y-axis, intersecting at the origin. The coordinates of a vector is a pair of numbers giving instructions to get from the tail at the origin to its tip. The first number tells you how far to walk along x; the second how far parallel to y after that. Convention: write the pair vertically with square brackets, to distinguish vectors from points."
205,frame_000205_00-03-24-000.jpg,204.000,00:03:24.000,Tọa độ vector trong 2D,"Focusing on two dimensions: a horizontal x-axis and a vertical y-axis, intersecting at the origin. The coordinates of a vector is a pair of numbers giving instructions to get from the tail at the origin to its tip. The first number tells you how far to walk along x; the second how far parallel to y after that. Convention: write the pair vertically with square brackets, to distinguish vectors from points."
206,frame_000206_00-03-25-000.jpg,205.000,00:03:25.000,Tọa độ vector trong 2D,"Focusing on two dimensions: a horizontal x-axis and a vertical y-axis, intersecting at the origin. The coordinates of a vector is a pair of numbers giving instructions to get from the tail at the origin to its tip. The first number tells you how far to walk along x; the second how far parallel to y after that. Convention: write the pair vertically with square brackets, to distinguish vectors from points."
207,frame_000207_00-03-26-000.jpg,206.000,00:03:26.000,Tọa độ vector trong 2D,"Focusing on two dimensions: a horizontal x-axis and a vertical y-axis, intersecting at the origin. The coordinates of a vector is a pair of numbers giving instructions to get from the tail at the origin to its tip. The first number tells you how far to walk along x; the second how far parallel to y after that. Convention: write the pair vertically with square brackets, to distinguish vectors from points."
208,frame_000208_00-03-27-000.jpg,207.000,00:03:27.000,Tọa độ vector trong 2D,"Focusing on two dimensions: a horizontal x-axis and a vertical y-axis, intersecting at the origin. The coordinates of a vector is a pair of numbers giving instructions to get from the tail at the origin to its tip. The first number tells you how far to walk along x; the second how far parallel to y after that. Convention: write the pair vertically with square brackets, to distinguish vectors from points."
209,frame_000209_00-03-28-000.jpg,208.000,00:03:28.000,Tọa độ vector trong 2D,"Focusing on two dimensions: a horizontal x-axis and a vertical y-axis, intersecting at the origin. The coordinates of a vector is a pair of numbers giving instructions to get from the tail at the origin to its tip. The first number tells you how far to walk along x; the second how far parallel to y after that. Convention: write the pair vertically with square brackets, to distinguish vectors from points."
210,frame_000210_00-03-29-000.jpg,209.000,00:03:29.000,Tọa độ vector trong 2D,"Focusing on two dimensions: a horizontal x-axis and a vertical y-axis, intersecting at the origin. The coordinates of a vector is a pair of numbers giving instructions to get from the tail at the origin to its tip. The first number tells you how far to walk along x; the second how far parallel to y after that. Convention: write the pair vertically with square brackets, to distinguish vectors from points."
211,frame_000211_00-03-30-000.jpg,210.000,00:03:30.000,Tọa độ vector trong 2D,"Focusing on two dimensions: a horizontal x-axis and a vertical y-axis, intersecting at the origin. The coordinates of a vector is a pair of numbers giving instructions to get from the tail at the origin to its tip. The first number tells you how far to walk along x; the second how far parallel to y after that. Convention: write the pair vertically with square brackets, to distinguish vectors from points."
212,frame_000212_00-03-31-000.jpg,211.000,00:03:31.000,Tọa độ vector trong 2D,"Focusing on two dimensions: a horizontal x-axis and a vertical y-axis, intersecting at the origin. The coordinates of a vector is a pair of numbers giving instructions to get from the tail at the origin to its tip. The first number tells you how far to walk along x; the second how far parallel to y after that. Convention: write the pair vertically with square brackets, to distinguish vectors from points."
213,frame_000213_00-03-32-000.jpg,212.000,00:03:32.000,Tọa độ vector trong 2D,"Focusing on two dimensions: a horizontal x-axis and a vertical y-axis, intersecting at the origin. The coordinates of a vector is a pair of numbers giving instructions to get from the tail at the origin to its tip. The first number tells you how far to walk along x; the second how far parallel to y after that. Convention: write the pair vertically with square brackets, to distinguish vectors from points."
214,frame_000214_00-03-33-000.jpg,213.000,00:03:33.000,Tọa độ vector trong 2D,"Focusing on two dimensions: a horizontal x-axis and a vertical y-axis, intersecting at the origin. The coordinates of a vector is a pair of numbers giving instructions to get from the tail at the origin to its tip. The first number tells you how far to walk along x; the second how far parallel to y after that. Convention: write the pair vertically with square brackets, to distinguish vectors from points."
215,frame_000215_00-03-34-000.jpg,214.000,00:03:34.000,Tọa độ vector trong 2D,"Focusing on two dimensions: a horizontal x-axis and a vertical y-axis, intersecting at the origin. The coordinates of a vector is a pair of numbers giving instructions to get from the tail at the origin to its tip. The first number tells you how far to walk along x; the second how far parallel to y after that. Convention: write the pair vertically with square brackets, to distinguish vectors from points."
216,frame_000216_00-03-35-000.jpg,215.000,00:03:35.000,Tọa độ vector trong 2D,"Focusing on two dimensions: a horizontal x-axis and a vertical y-axis, intersecting at the origin. The coordinates of a vector is a pair of numbers giving instructions to get from the tail at the origin to its tip. The first number tells you how far to walk along x; the second how far parallel to y after that. Convention: write the pair vertically with square brackets, to distinguish vectors from points."
217,frame_000217_00-03-36-000.jpg,216.000,00:03:36.000,Tọa độ vector trong 2D,"Focusing on two dimensions: a horizontal x-axis and a vertical y-axis, intersecting at the origin. The coordinates of a vector is a pair of numbers giving instructions to get from the tail at the origin to its tip. The first number tells you how far to walk along x; the second how far parallel to y after that. Convention: write the pair vertically with square brackets, to distinguish vectors from points."
218,frame_000218_00-03-37-000.jpg,217.000,00:03:37.000,Tọa độ vector trong 2D,"Focusing on two dimensions: a horizontal x-axis and a vertical y-axis, intersecting at the origin. The coordinates of a vector is a pair of numbers giving instructions to get from the tail at the origin to its tip. The first number tells you how far to walk along x; the second how far parallel to y after that. Convention: write the pair vertically with square brackets, to distinguish vectors from points."
219,frame_000219_00-03-38-000.jpg,218.000,00:03:38.000,Tọa độ vector trong 2D,"Focusing on two dimensions: a horizontal x-axis and a vertical y-axis, intersecting at the origin. The coordinates of a vector is a pair of numbers giving instructions to get from the tail at the origin to its tip. The first number tells you how far to walk along x; the second how far parallel to y after that. Convention: write the pair vertically with square brackets, to distinguish vectors from points."
220,frame_000220_00-03-39-000.jpg,219.000,00:03:39.000,Tọa độ vector trong 2D,"Focusing on two dimensions: a horizontal x-axis and a vertical y-axis, intersecting at the origin. The coordinates of a vector is a pair of numbers giving instructions to get from the tail at the origin to its tip. The first number tells you how far to walk along x; the second how far parallel to y after that. Convention: write the pair vertically with square brackets, to distinguish vectors from points."
221,frame_000221_00-03-40-000.jpg,220.000,00:03:40.000,Tọa độ vector trong 2D,"Focusing on two dimensions: a horizontal x-axis and a vertical y-axis, intersecting at the origin. The coordinates of a vector is a pair of numbers giving instructions to get from the tail at the origin to its tip. The first number tells you how far to walk along x; the second how far parallel to y after that. Convention: write the pair vertically with square brackets, to distinguish vectors from points."
222,frame_000222_00-03-41-000.jpg,221.000,00:03:41.000,Tọa độ vector trong 2D,"Focusing on two dimensions: a horizontal x-axis and a vertical y-axis, intersecting at the origin. The coordinates of a vector is a pair of numbers giving instructions to get from the tail at the origin to its tip. The first number tells you how far to walk along x; the second how far parallel to y after that. Convention: write the pair vertically with square brackets, to distinguish vectors from points."
223,frame_000223_00-03-42-000.jpg,222.000,00:03:42.000,Tọa độ vector trong 2D,"Focusing on two dimensions: a horizontal x-axis and a vertical y-axis, intersecting at the origin. The coordinates of a vector is a pair of numbers giving instructions to get from the tail at the origin to its tip. The first number tells you how far to walk along x; the second how far parallel to y after that. Convention: write the pair vertically with square brackets, to distinguish vectors from points."
224,frame_000224_00-03-43-000.jpg,223.000,00:03:43.000,Tọa độ vector trong 2D,"Focusing on two dimensions: a horizontal x-axis and a vertical y-axis, intersecting at the origin. The coordinates of a vector is a pair of numbers giving instructions to get from the tail at the origin to its tip. The first number tells you how far to walk along x; the second how far parallel to y after that. Convention: write the pair vertically with square brackets, to distinguish vectors from points."
225,frame_000225_00-03-44-000.jpg,224.000,00:03:44.000,Tọa độ vector trong 2D,"Focusing on two dimensions: a horizontal x-axis and a vertical y-axis, intersecting at the origin. The coordinates of a vector is a pair of numbers giving instructions to get from the tail at the origin to its tip. The first number tells you how far to walk along x; the second how far parallel to y after that. Convention: write the pair vertically with square brackets, to distinguish vectors from points."
226,frame_000226_00-03-45-000.jpg,225.000,00:03:45.000,Tọa độ vector trong 2D,"Focusing on two dimensions: a horizontal x-axis and a vertical y-axis, intersecting at the origin. The coordinates of a vector is a pair of numbers giving instructions to get from the tail at the origin to its tip. The first number tells you how far to walk along x; the second how far parallel to y after that. Convention: write the pair vertically with square brackets, to distinguish vectors from points."
227,frame_000227_00-03-46-000.jpg,226.000,00:03:46.000,Tọa độ vector trong 2D,"Focusing on two dimensions: a horizontal x-axis and a vertical y-axis, intersecting at the origin. The coordinates of a vector is a pair of numbers giving instructions to get from the tail at the origin to its tip. The first number tells you how far to walk along x; the second how far parallel to y after that. Convention: write the pair vertically with square brackets, to distinguish vectors from points."
228,frame_000228_00-03-47-000.jpg,227.000,00:03:47.000,Tọa độ vector trong 2D,"Focusing on two dimensions: a horizontal x-axis and a vertical y-axis, intersecting at the origin. The coordinates of a vector is a pair of numbers giving instructions to get from the tail at the origin to its tip. The first number tells you how far to walk along x; the second how far parallel to y after that. Convention: write the pair vertically with square brackets, to distinguish vectors from points."
229,frame_000229_00-03-48-000.jpg,228.000,00:03:48.000,Tọa độ vector trong 2D,"Focusing on two dimensions: a horizontal x-axis and a vertical y-axis, intersecting at the origin. The coordinates of a vector is a pair of numbers giving instructions to get from the tail at the origin to its tip. The first number tells you how far to walk along x; the second how far parallel to y after that. Convention: write the pair vertically with square brackets, to distinguish vectors from points."
230,frame_000230_00-03-49-000.jpg,229.000,00:03:49.000,Tọa độ vector trong 2D,"Focusing on two dimensions: a horizontal x-axis and a vertical y-axis, intersecting at the origin. The coordinates of a vector is a pair of numbers giving instructions to get from the tail at the origin to its tip. The first number tells you how far to walk along x; the second how far parallel to y after that. Convention: write the pair vertically with square brackets, to distinguish vectors from points."
231,frame_000231_00-03-50-000.jpg,230.000,00:03:50.000,Tọa độ vector trong 2D,"Focusing on two dimensions: a horizontal x-axis and a vertical y-axis, intersecting at the origin. The coordinates of a vector is a pair of numbers giving instructions to get from the tail at the origin to its tip. The first number tells you how far to walk along x; the second how far parallel to y after that. Convention: write the pair vertically with square brackets, to distinguish vectors from points."
232,frame_000232_00-03-51-000.jpg,231.000,00:03:51.000,Tọa độ vector trong 2D,"Focusing on two dimensions: a horizontal x-axis and a vertical y-axis, intersecting at the origin. The coordinates of a vector is a pair of numbers giving instructions to get from the tail at the origin to its tip. The first number tells you how far to walk along x; the second how far parallel to y after that. Convention: write the pair vertically with square brackets, to distinguish vectors from points."
233,frame_000233_00-03-52-000.jpg,232.000,00:03:52.000,Tọa độ vector trong 2D,"Focusing on two dimensions: a horizontal x-axis and a vertical y-axis, intersecting at the origin. The coordinates of a vector is a pair of numbers giving instructions to get from the tail at the origin to its tip. The first number tells you how far to walk along x; the second how far parallel to y after that. Convention: write the pair vertically with square brackets, to distinguish vectors from points."
234,frame_000234_00-03-53-000.jpg,233.000,00:03:53.000,Tọa độ vector trong 2D,"Focusing on two dimensions: a horizontal x-axis and a vertical y-axis, intersecting at the origin. The coordinates of a vector is a pair of numbers giving instructions to get from the tail at the origin to its tip. The first number tells you how far to walk along x; the second how far parallel to y after that. Convention: write the pair vertically with square brackets, to distinguish vectors from points."
235,frame_000235_00-03-54-000.jpg,234.000,00:03:54.000,Tọa độ vector trong 2D,"Focusing on two dimensions: a horizontal x-axis and a vertical y-axis, intersecting at the origin. The coordinates of a vector is a pair of numbers giving instructions to get from the tail at the origin to its tip. The first number tells you how far to walk along x; the second how far parallel to y after that. Convention: write the pair vertically with square brackets, to distinguish vectors from points."
236,frame_000236_00-03-55-000.jpg,235.000,00:03:55.000,Tương ứng 1-1 + mở rộng sang 3D,"Every pair of numbers gives one and only one vector, and every vector is associated with one and only one pair of numbers. In three dimensions, add a third z-axis perpendicular to both x and y. Each vector is associated with an ordered triplet of numbers — a one-to-one correspondence."
237,frame_000237_00-03-56-000.jpg,236.000,00:03:56.000,Tương ứng 1-1 + mở rộng sang 3D,"Every pair of numbers gives one and only one vector, and every vector is associated with one and only one pair of numbers. In three dimensions, add a third z-axis perpendicular to both x and y. Each vector is associated with an ordered triplet of numbers — a one-to-one correspondence."
238,frame_000238_00-03-57-000.jpg,237.000,00:03:57.000,Tương ứng 1-1 + mở rộng sang 3D,"Every pair of numbers gives one and only one vector, and every vector is associated with one and only one pair of numbers. In three dimensions, add a third z-axis perpendicular to both x and y. Each vector is associated with an ordered triplet of numbers — a one-to-one correspondence."
239,frame_000239_00-03-58-000.jpg,238.000,00:03:58.000,Tương ứng 1-1 + mở rộng sang 3D,"Every pair of numbers gives one and only one vector, and every vector is associated with one and only one pair of numbers. In three dimensions, add a third z-axis perpendicular to both x and y. Each vector is associated with an ordered triplet of numbers — a one-to-one correspondence."
240,frame_000240_00-03-59-000.jpg,239.000,00:03:59.000,Tương ứng 1-1 + mở rộng sang 3D,"Every pair of numbers gives one and only one vector, and every vector is associated with one and only one pair of numbers. In three dimensions, add a third z-axis perpendicular to both x and y. Each vector is associated with an ordered triplet of numbers — a one-to-one correspondence."
241,frame_000241_00-04-00-000.jpg,240.000,00:04:00.000,Tương ứng 1-1 + mở rộng sang 3D,"Every pair of numbers gives one and only one vector, and every vector is associated with one and only one pair of numbers. In three dimensions, add a third z-axis perpendicular to both x and y. Each vector is associated with an ordered triplet of numbers — a one-to-one correspondence."
242,frame_000242_00-04-01-000.jpg,241.000,00:04:01.000,Tương ứng 1-1 + mở rộng sang 3D,"Every pair of numbers gives one and only one vector, and every vector is associated with one and only one pair of numbers. In three dimensions, add a third z-axis perpendicular to both x and y. Each vector is associated with an ordered triplet of numbers — a one-to-one correspondence."
243,frame_000243_00-04-02-000.jpg,242.000,00:04:02.000,Tương ứng 1-1 + mở rộng sang 3D,"Every pair of numbers gives one and only one vector, and every vector is associated with one and only one pair of numbers. In three dimensions, add a third z-axis perpendicular to both x and y. Each vector is associated with an ordered triplet of numbers — a one-to-one correspondence."
244,frame_000244_00-04-03-000.jpg,243.000,00:04:03.000,Tương ứng 1-1 + mở rộng sang 3D,"Every pair of numbers gives one and only one vector, and every vector is associated with one and only one pair of numbers. In three dimensions, add a third z-axis perpendicular to both x and y. Each vector is associated with an ordered triplet of numbers — a one-to-one correspondence."
245,frame_000245_00-04-04-000.jpg,244.000,00:04:04.000,Tương ứng 1-1 + mở rộng sang 3D,"Every pair of numbers gives one and only one vector, and every vector is associated with one and only one pair of numbers. In three dimensions, add a third z-axis perpendicular to both x and y. Each vector is associated with an ordered triplet of numbers — a one-to-one correspondence."
246,frame_000246_00-04-05-000.jpg,245.000,00:04:05.000,Tương ứng 1-1 + mở rộng sang 3D,"Every pair of numbers gives one and only one vector, and every vector is associated with one and only one pair of numbers. In three dimensions, add a third z-axis perpendicular to both x and y. Each vector is associated with an ordered triplet of numbers — a one-to-one correspondence."
247,frame_000247_00-04-06-000.jpg,246.000,00:04:06.000,Tương ứng 1-1 + mở rộng sang 3D,"Every pair of numbers gives one and only one vector, and every vector is associated with one and only one pair of numbers. In three dimensions, add a third z-axis perpendicular to both x and y. Each vector is associated with an ordered triplet of numbers — a one-to-one correspondence."
248,frame_000248_00-04-07-000.jpg,247.000,00:04:07.000,Tương ứng 1-1 + mở rộng sang 3D,"Every pair of numbers gives one and only one vector, and every vector is associated with one and only one pair of numbers. In three dimensions, add a third z-axis perpendicular to both x and y. Each vector is associated with an ordered triplet of numbers — a one-to-one correspondence."
249,frame_000249_00-04-08-000.jpg,248.000,00:04:08.000,Tương ứng 1-1 + mở rộng sang 3D,"Every pair of numbers gives one and only one vector, and every vector is associated with one and only one pair of numbers. In three dimensions, add a third z-axis perpendicular to both x and y. Each vector is associated with an ordered triplet of numbers — a one-to-one correspondence."
250,frame_000250_00-04-09-000.jpg,249.000,00:04:09.000,Tương ứng 1-1 + mở rộng sang 3D,"Every pair of numbers gives one and only one vector, and every vector is associated with one and only one pair of numbers. In three dimensions, add a third z-axis perpendicular to both x and y. Each vector is associated with an ordered triplet of numbers — a one-to-one correspondence."
251,frame_000251_00-04-10-000.jpg,250.000,00:04:10.000,Tương ứng 1-1 + mở rộng sang 3D,"Every pair of numbers gives one and only one vector, and every vector is associated with one and only one pair of numbers. In three dimensions, add a third z-axis perpendicular to both x and y. Each vector is associated with an ordered triplet of numbers — a one-to-one correspondence."
252,frame_000252_00-04-11-000.jpg,251.000,00:04:11.000,Tương ứng 1-1 + mở rộng sang 3D,"Every pair of numbers gives one and only one vector, and every vector is associated with one and only one pair of numbers. In three dimensions, add a third z-axis perpendicular to both x and y. Each vector is associated with an ordered triplet of numbers — a one-to-one correspondence."
253,frame_000253_00-04-12-000.jpg,252.000,00:04:12.000,Tương ứng 1-1 + mở rộng sang 3D,"Every pair of numbers gives one and only one vector, and every vector is associated with one and only one pair of numbers. In three dimensions, add a third z-axis perpendicular to both x and y. Each vector is associated with an ordered triplet of numbers — a one-to-one correspondence."
254,frame_000254_00-04-13-000.jpg,253.000,00:04:13.000,Tương ứng 1-1 + mở rộng sang 3D,"Every pair of numbers gives one and only one vector, and every vector is associated with one and only one pair of numbers. In three dimensions, add a third z-axis perpendicular to both x and y. Each vector is associated with an ordered triplet of numbers — a one-to-one correspondence."
255,frame_000255_00-04-14-000.jpg,254.000,00:04:14.000,Tương ứng 1-1 + mở rộng sang 3D,"Every pair of numbers gives one and only one vector, and every vector is associated with one and only one pair of numbers. In three dimensions, add a third z-axis perpendicular to both x and y. Each vector is associated with an ordered triplet of numbers — a one-to-one correspondence."
256,frame_000256_00-04-15-000.jpg,255.000,00:04:15.000,Tương ứng 1-1 + mở rộng sang 3D,"Every pair of numbers gives one and only one vector, and every vector is associated with one and only one pair of numbers. In three dimensions, add a third z-axis perpendicular to both x and y. Each vector is associated with an ordered triplet of numbers — a one-to-one correspondence."
257,frame_000257_00-04-16-000.jpg,256.000,00:04:16.000,Tương ứng 1-1 + mở rộng sang 3D,"Every pair of numbers gives one and only one vector, and every vector is associated with one and only one pair of numbers. In three dimensions, add a third z-axis perpendicular to both x and y. Each vector is associated with an ordered triplet of numbers — a one-to-one correspondence."
258,frame_000258_00-04-17-000.jpg,257.000,00:04:17.000,Tương ứng 1-1 + mở rộng sang 3D,"Every pair of numbers gives one and only one vector, and every vector is associated with one and only one pair of numbers. In three dimensions, add a third z-axis perpendicular to both x and y. Each vector is associated with an ordered triplet of numbers — a one-to-one correspondence."
259,frame_000259_00-04-18-000.jpg,258.000,00:04:18.000,Tương ứng 1-1 + mở rộng sang 3D,"Every pair of numbers gives one and only one vector, and every vector is associated with one and only one pair of numbers. In three dimensions, add a third z-axis perpendicular to both x and y. Each vector is associated with an ordered triplet of numbers — a one-to-one correspondence."
260,frame_000260_00-04-19-000.jpg,259.000,00:04:19.000,Tương ứng 1-1 + mở rộng sang 3D,"Every pair of numbers gives one and only one vector, and every vector is associated with one and only one pair of numbers. In three dimensions, add a third z-axis perpendicular to both x and y. Each vector is associated with an ordered triplet of numbers — a one-to-one correspondence."
261,frame_000261_00-04-20-000.jpg,260.000,00:04:20.000,Tương ứng 1-1 + mở rộng sang 3D,"Every pair of numbers gives one and only one vector, and every vector is associated with one and only one pair of numbers. In three dimensions, add a third z-axis perpendicular to both x and y. Each vector is associated with an ordered triplet of numbers — a one-to-one correspondence."
262,frame_000262_00-04-21-000.jpg,261.000,00:04:21.000,Tương ứng 1-1 + mở rộng sang 3D,"Every pair of numbers gives one and only one vector, and every vector is associated with one and only one pair of numbers. In three dimensions, add a third z-axis perpendicular to both x and y. Each vector is associated with an ordered triplet of numbers — a one-to-one correspondence."
263,frame_000263_00-04-22-000.jpg,262.000,00:04:22.000,Tương ứng 1-1 + mở rộng sang 3D,"Every pair of numbers gives one and only one vector, and every vector is associated with one and only one pair of numbers. In three dimensions, add a third z-axis perpendicular to both x and y. Each vector is associated with an ordered triplet of numbers — a one-to-one correspondence."
264,frame_000264_00-04-23-000.jpg,263.000,00:04:23.000,Tương ứng 1-1 + mở rộng sang 3D,"Every pair of numbers gives one and only one vector, and every vector is associated with one and only one pair of numbers. In three dimensions, add a third z-axis perpendicular to both x and y. Each vector is associated with an ordered triplet of numbers — a one-to-one correspondence."
265,frame_000265_00-04-24-000.jpg,264.000,00:04:24.000,Tương ứng 1-1 + mở rộng sang 3D,"Every pair of numbers gives one and only one vector, and every vector is associated with one and only one pair of numbers. In three dimensions, add a third z-axis perpendicular to both x and y. Each vector is associated with an ordered triplet of numbers — a one-to-one correspondence."
266,frame_000266_00-04-25-000.jpg,265.000,00:04:25.000,Tương ứng 1-1 + mở rộng sang 3D,"Every pair of numbers gives one and only one vector, and every vector is associated with one and only one pair of numbers. In three dimensions, add a third z-axis perpendicular to both x and y. Each vector is associated with an ordered triplet of numbers — a one-to-one correspondence."
267,frame_000267_00-04-26-000.jpg,266.000,00:04:26.000,Tương ứng 1-1 + mở rộng sang 3D,"Every pair of numbers gives one and only one vector, and every vector is associated with one and only one pair of numbers. In three dimensions, add a third z-axis perpendicular to both x and y. Each vector is associated with an ordered triplet of numbers — a one-to-one correspondence."
268,frame_000268_00-04-27-000.jpg,267.000,00:04:27.000,Tương ứng 1-1 + mở rộng sang 3D,"Every pair of numbers gives one and only one vector, and every vector is associated with one and only one pair of numbers. In three dimensions, add a third z-axis perpendicular to both x and y. Each vector is associated with an ordered triplet of numbers — a one-to-one correspondence."
269,frame_000269_00-04-28-000.jpg,268.000,00:04:28.000,Tương ứng 1-1 + mở rộng sang 3D,"Every pair of numbers gives one and only one vector, and every vector is associated with one and only one pair of numbers. In three dimensions, add a third z-axis perpendicular to both x and y. Each vector is associated with an ordered triplet of numbers — a one-to-one correspondence."
270,frame_000270_00-04-29-000.jpg,269.000,00:04:29.000,Tương ứng 1-1 + mở rộng sang 3D,"Every pair of numbers gives one and only one vector, and every vector is associated with one and only one pair of numbers. In three dimensions, add a third z-axis perpendicular to both x and y. Each vector is associated with an ordered triplet of numbers — a one-to-one correspondence."
271,frame_000271_00-04-30-000.jpg,270.000,00:04:30.000,Tương ứng 1-1 + mở rộng sang 3D,"Every pair of numbers gives one and only one vector, and every vector is associated with one and only one pair of numbers. In three dimensions, add a third z-axis perpendicular to both x and y. Each vector is associated with an ordered triplet of numbers — a one-to-one correspondence."
272,frame_000272_00-04-31-000.jpg,271.000,00:04:31.000,Tương ứng 1-1 + mở rộng sang 3D,"Every pair of numbers gives one and only one vector, and every vector is associated with one and only one pair of numbers. In three dimensions, add a third z-axis perpendicular to both x and y. Each vector is associated with an ordered triplet of numbers — a one-to-one correspondence."
273,frame_000273_00-04-32-000.jpg,272.000,00:04:32.000,Tương ứng 1-1 + mở rộng sang 3D,"Every pair of numbers gives one and only one vector, and every vector is associated with one and only one pair of numbers. In three dimensions, add a third z-axis perpendicular to both x and y. Each vector is associated with an ordered triplet of numbers — a one-to-one correspondence."
274,frame_000274_00-04-33-000.jpg,273.000,00:04:33.000,Tương ứng 1-1 + mở rộng sang 3D,"Every pair of numbers gives one and only one vector, and every vector is associated with one and only one pair of numbers. In three dimensions, add a third z-axis perpendicular to both x and y. Each vector is associated with an ordered triplet of numbers — a one-to-one correspondence."
275,frame_000275_00-04-34-000.jpg,274.000,00:04:34.000,Tương ứng 1-1 + mở rộng sang 3D,"Every pair of numbers gives one and only one vector, and every vector is associated with one and only one pair of numbers. In three dimensions, add a third z-axis perpendicular to both x and y. Each vector is associated with an ordered triplet of numbers — a one-to-one correspondence."
276,frame_000276_00-04-35-000.jpg,275.000,00:04:35.000,Tương ứng 1-1 + mở rộng sang 3D,"Every pair of numbers gives one and only one vector, and every vector is associated with one and only one pair of numbers. In three dimensions, add a third z-axis perpendicular to both x and y. Each vector is associated with an ordered triplet of numbers — a one-to-one correspondence."
277,frame_000277_00-04-36-000.jpg,276.000,00:04:36.000,Phép cộng vector (tip-to-tail),"Back to vector addition and multiplication by numbers — every topic in linear algebra centers around these two operations. Two vectors, one pointing up-right, the other right-down. To add them, move the second so its tail sits at the tip of the first. Draw a new vector from the tail of the first to the tip of the second now — that new vector is their sum."
278,frame_000278_00-04-37-000.jpg,277.000,00:04:37.000,Phép cộng vector (tip-to-tail),"Back to vector addition and multiplication by numbers — every topic in linear algebra centers around these two operations. Two vectors, one pointing up-right, the other right-down. To add them, move the second so its tail sits at the tip of the first. Draw a new vector from the tail of the first to the tip of the second now — that new vector is their sum."
279,frame_000279_00-04-38-000.jpg,278.000,00:04:38.000,Phép cộng vector (tip-to-tail),"Back to vector addition and multiplication by numbers — every topic in linear algebra centers around these two operations. Two vectors, one pointing up-right, the other right-down. To add them, move the second so its tail sits at the tip of the first. Draw a new vector from the tail of the first to the tip of the second now — that new vector is their sum."
280,frame_000280_00-04-39-000.jpg,279.000,00:04:39.000,Phép cộng vector (tip-to-tail),"Back to vector addition and multiplication by numbers — every topic in linear algebra centers around these two operations. Two vectors, one pointing up-right, the other right-down. To add them, move the second so its tail sits at the tip of the first. Draw a new vector from the tail of the first to the tip of the second now — that new vector is their sum."
281,frame_000281_00-04-40-000.jpg,280.000,00:04:40.000,Phép cộng vector (tip-to-tail),"Back to vector addition and multiplication by numbers — every topic in linear algebra centers around these two operations. Two vectors, one pointing up-right, the other right-down. To add them, move the second so its tail sits at the tip of the first. Draw a new vector from the tail of the first to the tip of the second now — that new vector is their sum."
282,frame_000282_00-04-41-000.jpg,281.000,00:04:41.000,Phép cộng vector (tip-to-tail),"Back to vector addition and multiplication by numbers — every topic in linear algebra centers around these two operations. Two vectors, one pointing up-right, the other right-down. To add them, move the second so its tail sits at the tip of the first. Draw a new vector from the tail of the first to the tip of the second now — that new vector is their sum."
283,frame_000283_00-04-42-000.jpg,282.000,00:04:42.000,Phép cộng vector (tip-to-tail),"Back to vector addition and multiplication by numbers — every topic in linear algebra centers around these two operations. Two vectors, one pointing up-right, the other right-down. To add them, move the second so its tail sits at the tip of the first. Draw a new vector from the tail of the first to the tip of the second now — that new vector is their sum."
284,frame_000284_00-04-43-000.jpg,283.000,00:04:43.000,Phép cộng vector (tip-to-tail),"Back to vector addition and multiplication by numbers — every topic in linear algebra centers around these two operations. Two vectors, one pointing up-right, the other right-down. To add them, move the second so its tail sits at the tip of the first. Draw a new vector from the tail of the first to the tip of the second now — that new vector is their sum."
285,frame_000285_00-04-44-000.jpg,284.000,00:04:44.000,Phép cộng vector (tip-to-tail),"Back to vector addition and multiplication by numbers — every topic in linear algebra centers around these two operations. Two vectors, one pointing up-right, the other right-down. To add them, move the second so its tail sits at the tip of the first. Draw a new vector from the tail of the first to the tip of the second now — that new vector is their sum."
286,frame_000286_00-04-45-000.jpg,285.000,00:04:45.000,Phép cộng vector (tip-to-tail),"Back to vector addition and multiplication by numbers — every topic in linear algebra centers around these two operations. Two vectors, one pointing up-right, the other right-down. To add them, move the second so its tail sits at the tip of the first. Draw a new vector from the tail of the first to the tip of the second now — that new vector is their sum."
287,frame_000287_00-04-46-000.jpg,286.000,00:04:46.000,Phép cộng vector (tip-to-tail),"Back to vector addition and multiplication by numbers — every topic in linear algebra centers around these two operations. Two vectors, one pointing up-right, the other right-down. To add them, move the second so its tail sits at the tip of the first. Draw a new vector from the tail of the first to the tip of the second now — that new vector is their sum."
288,frame_000288_00-04-47-000.jpg,287.000,00:04:47.000,Phép cộng vector (tip-to-tail),"Back to vector addition and multiplication by numbers — every topic in linear algebra centers around these two operations. Two vectors, one pointing up-right, the other right-down. To add them, move the second so its tail sits at the tip of the first. Draw a new vector from the tail of the first to the tip of the second now — that new vector is their sum."
289,frame_000289_00-04-48-000.jpg,288.000,00:04:48.000,Phép cộng vector (tip-to-tail),"Back to vector addition and multiplication by numbers — every topic in linear algebra centers around these two operations. Two vectors, one pointing up-right, the other right-down. To add them, move the second so its tail sits at the tip of the first. Draw a new vector from the tail of the first to the tip of the second now — that new vector is their sum."
290,frame_000290_00-04-49-000.jpg,289.000,00:04:49.000,Phép cộng vector (tip-to-tail),"Back to vector addition and multiplication by numbers — every topic in linear algebra centers around these two operations. Two vectors, one pointing up-right, the other right-down. To add them, move the second so its tail sits at the tip of the first. Draw a new vector from the tail of the first to the tip of the second now — that new vector is their sum."
291,frame_000291_00-04-50-000.jpg,290.000,00:04:50.000,Phép cộng vector (tip-to-tail),"Back to vector addition and multiplication by numbers — every topic in linear algebra centers around these two operations. Two vectors, one pointing up-right, the other right-down. To add them, move the second so its tail sits at the tip of the first. Draw a new vector from the tail of the first to the tip of the second now — that new vector is their sum."
292,frame_000292_00-04-51-000.jpg,291.000,00:04:51.000,Phép cộng vector (tip-to-tail),"Back to vector addition and multiplication by numbers — every topic in linear algebra centers around these two operations. Two vectors, one pointing up-right, the other right-down. To add them, move the second so its tail sits at the tip of the first. Draw a new vector from the tail of the first to the tip of the second now — that new vector is their sum."
293,frame_000293_00-04-52-000.jpg,292.000,00:04:52.000,Phép cộng vector (tip-to-tail),"Back to vector addition and multiplication by numbers — every topic in linear algebra centers around these two operations. Two vectors, one pointing up-right, the other right-down. To add them, move the second so its tail sits at the tip of the first. Draw a new vector from the tail of the first to the tip of the second now — that new vector is their sum."
294,frame_000294_00-04-53-000.jpg,293.000,00:04:53.000,Phép cộng vector (tip-to-tail),"Back to vector addition and multiplication by numbers — every topic in linear algebra centers around these two operations. Two vectors, one pointing up-right, the other right-down. To add them, move the second so its tail sits at the tip of the first. Draw a new vector from the tail of the first to the tip of the second now — that new vector is their sum."
295,frame_000295_00-04-54-000.jpg,294.000,00:04:54.000,Phép cộng vector (tip-to-tail),"Back to vector addition and multiplication by numbers — every topic in linear algebra centers around these two operations. Two vectors, one pointing up-right, the other right-down. To add them, move the second so its tail sits at the tip of the first. Draw a new vector from the tail of the first to the tip of the second now — that new vector is their sum."
296,frame_000296_00-04-55-000.jpg,295.000,00:04:55.000,Phép cộng vector (tip-to-tail),"Back to vector addition and multiplication by numbers — every topic in linear algebra centers around these two operations. Two vectors, one pointing up-right, the other right-down. To add them, move the second so its tail sits at the tip of the first. Draw a new vector from the tail of the first to the tip of the second now — that new vector is their sum."
297,frame_000297_00-04-56-000.jpg,296.000,00:04:56.000,Phép cộng vector (tip-to-tail),"Back to vector addition and multiplication by numbers — every topic in linear algebra centers around these two operations. Two vectors, one pointing up-right, the other right-down. To add them, move the second so its tail sits at the tip of the first. Draw a new vector from the tail of the first to the tip of the second now — that new vector is their sum."
298,frame_000298_00-04-57-000.jpg,297.000,00:04:57.000,Phép cộng vector (tip-to-tail),"Back to vector addition and multiplication by numbers — every topic in linear algebra centers around these two operations. Two vectors, one pointing up-right, the other right-down. To add them, move the second so its tail sits at the tip of the first. Draw a new vector from the tail of the first to the tip of the second now — that new vector is their sum."
299,frame_000299_00-04-58-000.jpg,298.000,00:04:58.000,Phép cộng vector (tip-to-tail),"Back to vector addition and multiplication by numbers — every topic in linear algebra centers around these two operations. Two vectors, one pointing up-right, the other right-down. To add them, move the second so its tail sits at the tip of the first. Draw a new vector from the tail of the first to the tip of the second now — that new vector is their sum."
300,frame_000300_00-04-59-000.jpg,299.000,00:04:59.000,Phép cộng vector (tip-to-tail),"Back to vector addition and multiplication by numbers — every topic in linear algebra centers around these two operations. Two vectors, one pointing up-right, the other right-down. To add them, move the second so its tail sits at the tip of the first. Draw a new vector from the tail of the first to the tip of the second now — that new vector is their sum."
