frame_index,filename,timestamp_seconds,timestamp_clock,segment,script_text
1,frame_000001_00-00-00-000.jpg,0.000,00:00:00.000,Mở đầu: Phép loại suy kịch bản (Script Analogy),"Imagine you happen across a short movie script describing a scene between a person and their AI assistant. The script has what the person asks, but the AI's response has been torn off. Suppose you also have a powerful magical machine that can take any text and provide a sensible prediction of what word comes next. You could finish the script by feeding in what you have, seeing what it predicts to start the AI's answer, and repeating this over and over, completing the dialogue. When you interact with a chatbot, this is exactly what's happening. A Large Language Model is a sophisticated mathematical function that predicts what word comes next for any piece of text. Instead of predicting one word with certainty, it assigns a probability to all possible next words."
2,frame_000002_00-00-01-000.jpg,1.000,00:00:01.000,Mở đầu: Phép loại suy kịch bản (Script Analogy),"Imagine you happen across a short movie script describing a scene between a person and their AI assistant. The script has what the person asks, but the AI's response has been torn off. Suppose you also have a powerful magical machine that can take any text and provide a sensible prediction of what word comes next. You could finish the script by feeding in what you have, seeing what it predicts to start the AI's answer, and repeating this over and over, completing the dialogue. When you interact with a chatbot, this is exactly what's happening. A Large Language Model is a sophisticated mathematical function that predicts what word comes next for any piece of text. Instead of predicting one word with certainty, it assigns a probability to all possible next words."
3,frame_000003_00-00-02-000.jpg,2.000,00:00:02.000,Mở đầu: Phép loại suy kịch bản (Script Analogy),"Imagine you happen across a short movie script describing a scene between a person and their AI assistant. The script has what the person asks, but the AI's response has been torn off. Suppose you also have a powerful magical machine that can take any text and provide a sensible prediction of what word comes next. You could finish the script by feeding in what you have, seeing what it predicts to start the AI's answer, and repeating this over and over, completing the dialogue. When you interact with a chatbot, this is exactly what's happening. A Large Language Model is a sophisticated mathematical function that predicts what word comes next for any piece of text. Instead of predicting one word with certainty, it assigns a probability to all possible next words."
4,frame_000004_00-00-03-000.jpg,3.000,00:00:03.000,Mở đầu: Phép loại suy kịch bản (Script Analogy),"Imagine you happen across a short movie script describing a scene between a person and their AI assistant. The script has what the person asks, but the AI's response has been torn off. Suppose you also have a powerful magical machine that can take any text and provide a sensible prediction of what word comes next. You could finish the script by feeding in what you have, seeing what it predicts to start the AI's answer, and repeating this over and over, completing the dialogue. When you interact with a chatbot, this is exactly what's happening. A Large Language Model is a sophisticated mathematical function that predicts what word comes next for any piece of text. Instead of predicting one word with certainty, it assigns a probability to all possible next words."
5,frame_000005_00-00-04-000.jpg,4.000,00:00:04.000,Mở đầu: Phép loại suy kịch bản (Script Analogy),"Imagine you happen across a short movie script describing a scene between a person and their AI assistant. The script has what the person asks, but the AI's response has been torn off. Suppose you also have a powerful magical machine that can take any text and provide a sensible prediction of what word comes next. You could finish the script by feeding in what you have, seeing what it predicts to start the AI's answer, and repeating this over and over, completing the dialogue. When you interact with a chatbot, this is exactly what's happening. A Large Language Model is a sophisticated mathematical function that predicts what word comes next for any piece of text. Instead of predicting one word with certainty, it assigns a probability to all possible next words."
6,frame_000006_00-00-05-000.jpg,5.000,00:00:05.000,Mở đầu: Phép loại suy kịch bản (Script Analogy),"Imagine you happen across a short movie script describing a scene between a person and their AI assistant. The script has what the person asks, but the AI's response has been torn off. Suppose you also have a powerful magical machine that can take any text and provide a sensible prediction of what word comes next. You could finish the script by feeding in what you have, seeing what it predicts to start the AI's answer, and repeating this over and over, completing the dialogue. When you interact with a chatbot, this is exactly what's happening. A Large Language Model is a sophisticated mathematical function that predicts what word comes next for any piece of text. Instead of predicting one word with certainty, it assigns a probability to all possible next words."
7,frame_000007_00-00-06-000.jpg,6.000,00:00:06.000,Mở đầu: Phép loại suy kịch bản (Script Analogy),"Imagine you happen across a short movie script describing a scene between a person and their AI assistant. The script has what the person asks, but the AI's response has been torn off. Suppose you also have a powerful magical machine that can take any text and provide a sensible prediction of what word comes next. You could finish the script by feeding in what you have, seeing what it predicts to start the AI's answer, and repeating this over and over, completing the dialogue. When you interact with a chatbot, this is exactly what's happening. A Large Language Model is a sophisticated mathematical function that predicts what word comes next for any piece of text. Instead of predicting one word with certainty, it assigns a probability to all possible next words."
8,frame_000008_00-00-07-000.jpg,7.000,00:00:07.000,Mở đầu: Phép loại suy kịch bản (Script Analogy),"Imagine you happen across a short movie script describing a scene between a person and their AI assistant. The script has what the person asks, but the AI's response has been torn off. Suppose you also have a powerful magical machine that can take any text and provide a sensible prediction of what word comes next. You could finish the script by feeding in what you have, seeing what it predicts to start the AI's answer, and repeating this over and over, completing the dialogue. When you interact with a chatbot, this is exactly what's happening. A Large Language Model is a sophisticated mathematical function that predicts what word comes next for any piece of text. Instead of predicting one word with certainty, it assigns a probability to all possible next words."
9,frame_000009_00-00-08-000.jpg,8.000,00:00:08.000,Mở đầu: Phép loại suy kịch bản (Script Analogy),"Imagine you happen across a short movie script describing a scene between a person and their AI assistant. The script has what the person asks, but the AI's response has been torn off. Suppose you also have a powerful magical machine that can take any text and provide a sensible prediction of what word comes next. You could finish the script by feeding in what you have, seeing what it predicts to start the AI's answer, and repeating this over and over, completing the dialogue. When you interact with a chatbot, this is exactly what's happening. A Large Language Model is a sophisticated mathematical function that predicts what word comes next for any piece of text. Instead of predicting one word with certainty, it assigns a probability to all possible next words."
10,frame_000010_00-00-09-000.jpg,9.000,00:00:09.000,Mở đầu: Phép loại suy kịch bản (Script Analogy),"Imagine you happen across a short movie script describing a scene between a person and their AI assistant. The script has what the person asks, but the AI's response has been torn off. Suppose you also have a powerful magical machine that can take any text and provide a sensible prediction of what word comes next. You could finish the script by feeding in what you have, seeing what it predicts to start the AI's answer, and repeating this over and over, completing the dialogue. When you interact with a chatbot, this is exactly what's happening. A Large Language Model is a sophisticated mathematical function that predicts what word comes next for any piece of text. Instead of predicting one word with certainty, it assigns a probability to all possible next words."
11,frame_000011_00-00-10-000.jpg,10.000,00:00:10.000,Mở đầu: Phép loại suy kịch bản (Script Analogy),"Imagine you happen across a short movie script describing a scene between a person and their AI assistant. The script has what the person asks, but the AI's response has been torn off. Suppose you also have a powerful magical machine that can take any text and provide a sensible prediction of what word comes next. You could finish the script by feeding in what you have, seeing what it predicts to start the AI's answer, and repeating this over and over, completing the dialogue. When you interact with a chatbot, this is exactly what's happening. A Large Language Model is a sophisticated mathematical function that predicts what word comes next for any piece of text. Instead of predicting one word with certainty, it assigns a probability to all possible next words."
12,frame_000012_00-00-11-000.jpg,11.000,00:00:11.000,Mở đầu: Phép loại suy kịch bản (Script Analogy),"Imagine you happen across a short movie script describing a scene between a person and their AI assistant. The script has what the person asks, but the AI's response has been torn off. Suppose you also have a powerful magical machine that can take any text and provide a sensible prediction of what word comes next. You could finish the script by feeding in what you have, seeing what it predicts to start the AI's answer, and repeating this over and over, completing the dialogue. When you interact with a chatbot, this is exactly what's happening. A Large Language Model is a sophisticated mathematical function that predicts what word comes next for any piece of text. Instead of predicting one word with certainty, it assigns a probability to all possible next words."
13,frame_000013_00-00-12-000.jpg,12.000,00:00:12.000,Mở đầu: Phép loại suy kịch bản (Script Analogy),"Imagine you happen across a short movie script describing a scene between a person and their AI assistant. The script has what the person asks, but the AI's response has been torn off. Suppose you also have a powerful magical machine that can take any text and provide a sensible prediction of what word comes next. You could finish the script by feeding in what you have, seeing what it predicts to start the AI's answer, and repeating this over and over, completing the dialogue. When you interact with a chatbot, this is exactly what's happening. A Large Language Model is a sophisticated mathematical function that predicts what word comes next for any piece of text. Instead of predicting one word with certainty, it assigns a probability to all possible next words."
14,frame_000014_00-00-13-000.jpg,13.000,00:00:13.000,Mở đầu: Phép loại suy kịch bản (Script Analogy),"Imagine you happen across a short movie script describing a scene between a person and their AI assistant. The script has what the person asks, but the AI's response has been torn off. Suppose you also have a powerful magical machine that can take any text and provide a sensible prediction of what word comes next. You could finish the script by feeding in what you have, seeing what it predicts to start the AI's answer, and repeating this over and over, completing the dialogue. When you interact with a chatbot, this is exactly what's happening. A Large Language Model is a sophisticated mathematical function that predicts what word comes next for any piece of text. Instead of predicting one word with certainty, it assigns a probability to all possible next words."
15,frame_000015_00-00-14-000.jpg,14.000,00:00:14.000,Mở đầu: Phép loại suy kịch bản (Script Analogy),"Imagine you happen across a short movie script describing a scene between a person and their AI assistant. The script has what the person asks, but the AI's response has been torn off. Suppose you also have a powerful magical machine that can take any text and provide a sensible prediction of what word comes next. You could finish the script by feeding in what you have, seeing what it predicts to start the AI's answer, and repeating this over and over, completing the dialogue. When you interact with a chatbot, this is exactly what's happening. A Large Language Model is a sophisticated mathematical function that predicts what word comes next for any piece of text. Instead of predicting one word with certainty, it assigns a probability to all possible next words."
16,frame_000016_00-00-15-000.jpg,15.000,00:00:15.000,Mở đầu: Phép loại suy kịch bản (Script Analogy),"Imagine you happen across a short movie script describing a scene between a person and their AI assistant. The script has what the person asks, but the AI's response has been torn off. Suppose you also have a powerful magical machine that can take any text and provide a sensible prediction of what word comes next. You could finish the script by feeding in what you have, seeing what it predicts to start the AI's answer, and repeating this over and over, completing the dialogue. When you interact with a chatbot, this is exactly what's happening. A Large Language Model is a sophisticated mathematical function that predicts what word comes next for any piece of text. Instead of predicting one word with certainty, it assigns a probability to all possible next words."
17,frame_000017_00-00-16-000.jpg,16.000,00:00:16.000,Mở đầu: Phép loại suy kịch bản (Script Analogy),"Imagine you happen across a short movie script describing a scene between a person and their AI assistant. The script has what the person asks, but the AI's response has been torn off. Suppose you also have a powerful magical machine that can take any text and provide a sensible prediction of what word comes next. You could finish the script by feeding in what you have, seeing what it predicts to start the AI's answer, and repeating this over and over, completing the dialogue. When you interact with a chatbot, this is exactly what's happening. A Large Language Model is a sophisticated mathematical function that predicts what word comes next for any piece of text. Instead of predicting one word with certainty, it assigns a probability to all possible next words."
18,frame_000018_00-00-17-000.jpg,17.000,00:00:17.000,Mở đầu: Phép loại suy kịch bản (Script Analogy),"Imagine you happen across a short movie script describing a scene between a person and their AI assistant. The script has what the person asks, but the AI's response has been torn off. Suppose you also have a powerful magical machine that can take any text and provide a sensible prediction of what word comes next. You could finish the script by feeding in what you have, seeing what it predicts to start the AI's answer, and repeating this over and over, completing the dialogue. When you interact with a chatbot, this is exactly what's happening. A Large Language Model is a sophisticated mathematical function that predicts what word comes next for any piece of text. Instead of predicting one word with certainty, it assigns a probability to all possible next words."
19,frame_000019_00-00-18-000.jpg,18.000,00:00:18.000,Mở đầu: Phép loại suy kịch bản (Script Analogy),"Imagine you happen across a short movie script describing a scene between a person and their AI assistant. The script has what the person asks, but the AI's response has been torn off. Suppose you also have a powerful magical machine that can take any text and provide a sensible prediction of what word comes next. You could finish the script by feeding in what you have, seeing what it predicts to start the AI's answer, and repeating this over and over, completing the dialogue. When you interact with a chatbot, this is exactly what's happening. A Large Language Model is a sophisticated mathematical function that predicts what word comes next for any piece of text. Instead of predicting one word with certainty, it assigns a probability to all possible next words."
20,frame_000020_00-00-19-000.jpg,19.000,00:00:19.000,Mở đầu: Phép loại suy kịch bản (Script Analogy),"Imagine you happen across a short movie script describing a scene between a person and their AI assistant. The script has what the person asks, but the AI's response has been torn off. Suppose you also have a powerful magical machine that can take any text and provide a sensible prediction of what word comes next. You could finish the script by feeding in what you have, seeing what it predicts to start the AI's answer, and repeating this over and over, completing the dialogue. When you interact with a chatbot, this is exactly what's happening. A Large Language Model is a sophisticated mathematical function that predicts what word comes next for any piece of text. Instead of predicting one word with certainty, it assigns a probability to all possible next words."
21,frame_000021_00-00-20-000.jpg,20.000,00:00:20.000,Mở đầu: Phép loại suy kịch bản (Script Analogy),"Imagine you happen across a short movie script describing a scene between a person and their AI assistant. The script has what the person asks, but the AI's response has been torn off. Suppose you also have a powerful magical machine that can take any text and provide a sensible prediction of what word comes next. You could finish the script by feeding in what you have, seeing what it predicts to start the AI's answer, and repeating this over and over, completing the dialogue. When you interact with a chatbot, this is exactly what's happening. A Large Language Model is a sophisticated mathematical function that predicts what word comes next for any piece of text. Instead of predicting one word with certainty, it assigns a probability to all possible next words."
22,frame_000022_00-00-21-000.jpg,21.000,00:00:21.000,Mở đầu: Phép loại suy kịch bản (Script Analogy),"Imagine you happen across a short movie script describing a scene between a person and their AI assistant. The script has what the person asks, but the AI's response has been torn off. Suppose you also have a powerful magical machine that can take any text and provide a sensible prediction of what word comes next. You could finish the script by feeding in what you have, seeing what it predicts to start the AI's answer, and repeating this over and over, completing the dialogue. When you interact with a chatbot, this is exactly what's happening. A Large Language Model is a sophisticated mathematical function that predicts what word comes next for any piece of text. Instead of predicting one word with certainty, it assigns a probability to all possible next words."
23,frame_000023_00-00-22-000.jpg,22.000,00:00:22.000,Mở đầu: Phép loại suy kịch bản (Script Analogy),"Imagine you happen across a short movie script describing a scene between a person and their AI assistant. The script has what the person asks, but the AI's response has been torn off. Suppose you also have a powerful magical machine that can take any text and provide a sensible prediction of what word comes next. You could finish the script by feeding in what you have, seeing what it predicts to start the AI's answer, and repeating this over and over, completing the dialogue. When you interact with a chatbot, this is exactly what's happening. A Large Language Model is a sophisticated mathematical function that predicts what word comes next for any piece of text. Instead of predicting one word with certainty, it assigns a probability to all possible next words."
24,frame_000024_00-00-23-000.jpg,23.000,00:00:23.000,Mở đầu: Phép loại suy kịch bản (Script Analogy),"Imagine you happen across a short movie script describing a scene between a person and their AI assistant. The script has what the person asks, but the AI's response has been torn off. Suppose you also have a powerful magical machine that can take any text and provide a sensible prediction of what word comes next. You could finish the script by feeding in what you have, seeing what it predicts to start the AI's answer, and repeating this over and over, completing the dialogue. When you interact with a chatbot, this is exactly what's happening. A Large Language Model is a sophisticated mathematical function that predicts what word comes next for any piece of text. Instead of predicting one word with certainty, it assigns a probability to all possible next words."
25,frame_000025_00-00-24-000.jpg,24.000,00:00:24.000,Mở đầu: Phép loại suy kịch bản (Script Analogy),"Imagine you happen across a short movie script describing a scene between a person and their AI assistant. The script has what the person asks, but the AI's response has been torn off. Suppose you also have a powerful magical machine that can take any text and provide a sensible prediction of what word comes next. You could finish the script by feeding in what you have, seeing what it predicts to start the AI's answer, and repeating this over and over, completing the dialogue. When you interact with a chatbot, this is exactly what's happening. A Large Language Model is a sophisticated mathematical function that predicts what word comes next for any piece of text. Instead of predicting one word with certainty, it assigns a probability to all possible next words."
26,frame_000026_00-00-25-000.jpg,25.000,00:00:25.000,Mở đầu: Phép loại suy kịch bản (Script Analogy),"Imagine you happen across a short movie script describing a scene between a person and their AI assistant. The script has what the person asks, but the AI's response has been torn off. Suppose you also have a powerful magical machine that can take any text and provide a sensible prediction of what word comes next. You could finish the script by feeding in what you have, seeing what it predicts to start the AI's answer, and repeating this over and over, completing the dialogue. When you interact with a chatbot, this is exactly what's happening. A Large Language Model is a sophisticated mathematical function that predicts what word comes next for any piece of text. Instead of predicting one word with certainty, it assigns a probability to all possible next words."
27,frame_000027_00-00-26-000.jpg,26.000,00:00:26.000,Mở đầu: Phép loại suy kịch bản (Script Analogy),"Imagine you happen across a short movie script describing a scene between a person and their AI assistant. The script has what the person asks, but the AI's response has been torn off. Suppose you also have a powerful magical machine that can take any text and provide a sensible prediction of what word comes next. You could finish the script by feeding in what you have, seeing what it predicts to start the AI's answer, and repeating this over and over, completing the dialogue. When you interact with a chatbot, this is exactly what's happening. A Large Language Model is a sophisticated mathematical function that predicts what word comes next for any piece of text. Instead of predicting one word with certainty, it assigns a probability to all possible next words."
28,frame_000028_00-00-27-000.jpg,27.000,00:00:27.000,Mở đầu: Phép loại suy kịch bản (Script Analogy),"Imagine you happen across a short movie script describing a scene between a person and their AI assistant. The script has what the person asks, but the AI's response has been torn off. Suppose you also have a powerful magical machine that can take any text and provide a sensible prediction of what word comes next. You could finish the script by feeding in what you have, seeing what it predicts to start the AI's answer, and repeating this over and over, completing the dialogue. When you interact with a chatbot, this is exactly what's happening. A Large Language Model is a sophisticated mathematical function that predicts what word comes next for any piece of text. Instead of predicting one word with certainty, it assigns a probability to all possible next words."
29,frame_000029_00-00-28-000.jpg,28.000,00:00:28.000,Mở đầu: Phép loại suy kịch bản (Script Analogy),"Imagine you happen across a short movie script describing a scene between a person and their AI assistant. The script has what the person asks, but the AI's response has been torn off. Suppose you also have a powerful magical machine that can take any text and provide a sensible prediction of what word comes next. You could finish the script by feeding in what you have, seeing what it predicts to start the AI's answer, and repeating this over and over, completing the dialogue. When you interact with a chatbot, this is exactly what's happening. A Large Language Model is a sophisticated mathematical function that predicts what word comes next for any piece of text. Instead of predicting one word with certainty, it assigns a probability to all possible next words."
30,frame_000030_00-00-29-000.jpg,29.000,00:00:29.000,Mở đầu: Phép loại suy kịch bản (Script Analogy),"Imagine you happen across a short movie script describing a scene between a person and their AI assistant. The script has what the person asks, but the AI's response has been torn off. Suppose you also have a powerful magical machine that can take any text and provide a sensible prediction of what word comes next. You could finish the script by feeding in what you have, seeing what it predicts to start the AI's answer, and repeating this over and over, completing the dialogue. When you interact with a chatbot, this is exactly what's happening. A Large Language Model is a sophisticated mathematical function that predicts what word comes next for any piece of text. Instead of predicting one word with certainty, it assigns a probability to all possible next words."
31,frame_000031_00-00-30-000.jpg,30.000,00:00:30.000,Mở đầu: Phép loại suy kịch bản (Script Analogy),"Imagine you happen across a short movie script describing a scene between a person and their AI assistant. The script has what the person asks, but the AI's response has been torn off. Suppose you also have a powerful magical machine that can take any text and provide a sensible prediction of what word comes next. You could finish the script by feeding in what you have, seeing what it predicts to start the AI's answer, and repeating this over and over, completing the dialogue. When you interact with a chatbot, this is exactly what's happening. A Large Language Model is a sophisticated mathematical function that predicts what word comes next for any piece of text. Instead of predicting one word with certainty, it assigns a probability to all possible next words."
32,frame_000032_00-00-31-000.jpg,31.000,00:00:31.000,Mở đầu: Phép loại suy kịch bản (Script Analogy),"Imagine you happen across a short movie script describing a scene between a person and their AI assistant. The script has what the person asks, but the AI's response has been torn off. Suppose you also have a powerful magical machine that can take any text and provide a sensible prediction of what word comes next. You could finish the script by feeding in what you have, seeing what it predicts to start the AI's answer, and repeating this over and over, completing the dialogue. When you interact with a chatbot, this is exactly what's happening. A Large Language Model is a sophisticated mathematical function that predicts what word comes next for any piece of text. Instead of predicting one word with certainty, it assigns a probability to all possible next words."
33,frame_000033_00-00-32-000.jpg,32.000,00:00:32.000,Mở đầu: Phép loại suy kịch bản (Script Analogy),"Imagine you happen across a short movie script describing a scene between a person and their AI assistant. The script has what the person asks, but the AI's response has been torn off. Suppose you also have a powerful magical machine that can take any text and provide a sensible prediction of what word comes next. You could finish the script by feeding in what you have, seeing what it predicts to start the AI's answer, and repeating this over and over, completing the dialogue. When you interact with a chatbot, this is exactly what's happening. A Large Language Model is a sophisticated mathematical function that predicts what word comes next for any piece of text. Instead of predicting one word with certainty, it assigns a probability to all possible next words."
34,frame_000034_00-00-33-000.jpg,33.000,00:00:33.000,Mở đầu: Phép loại suy kịch bản (Script Analogy),"Imagine you happen across a short movie script describing a scene between a person and their AI assistant. The script has what the person asks, but the AI's response has been torn off. Suppose you also have a powerful magical machine that can take any text and provide a sensible prediction of what word comes next. You could finish the script by feeding in what you have, seeing what it predicts to start the AI's answer, and repeating this over and over, completing the dialogue. When you interact with a chatbot, this is exactly what's happening. A Large Language Model is a sophisticated mathematical function that predicts what word comes next for any piece of text. Instead of predicting one word with certainty, it assigns a probability to all possible next words."
35,frame_000035_00-00-34-000.jpg,34.000,00:00:34.000,Mở đầu: Phép loại suy kịch bản (Script Analogy),"Imagine you happen across a short movie script describing a scene between a person and their AI assistant. The script has what the person asks, but the AI's response has been torn off. Suppose you also have a powerful magical machine that can take any text and provide a sensible prediction of what word comes next. You could finish the script by feeding in what you have, seeing what it predicts to start the AI's answer, and repeating this over and over, completing the dialogue. When you interact with a chatbot, this is exactly what's happening. A Large Language Model is a sophisticated mathematical function that predicts what word comes next for any piece of text. Instead of predicting one word with certainty, it assigns a probability to all possible next words."
36,frame_000036_00-00-35-000.jpg,35.000,00:00:35.000,Mở đầu: Phép loại suy kịch bản (Script Analogy),"Imagine you happen across a short movie script describing a scene between a person and their AI assistant. The script has what the person asks, but the AI's response has been torn off. Suppose you also have a powerful magical machine that can take any text and provide a sensible prediction of what word comes next. You could finish the script by feeding in what you have, seeing what it predicts to start the AI's answer, and repeating this over and over, completing the dialogue. When you interact with a chatbot, this is exactly what's happening. A Large Language Model is a sophisticated mathematical function that predicts what word comes next for any piece of text. Instead of predicting one word with certainty, it assigns a probability to all possible next words."
37,frame_000037_00-00-36-000.jpg,36.000,00:00:36.000,Mở đầu: Phép loại suy kịch bản (Script Analogy),"Imagine you happen across a short movie script describing a scene between a person and their AI assistant. The script has what the person asks, but the AI's response has been torn off. Suppose you also have a powerful magical machine that can take any text and provide a sensible prediction of what word comes next. You could finish the script by feeding in what you have, seeing what it predicts to start the AI's answer, and repeating this over and over, completing the dialogue. When you interact with a chatbot, this is exactly what's happening. A Large Language Model is a sophisticated mathematical function that predicts what word comes next for any piece of text. Instead of predicting one word with certainty, it assigns a probability to all possible next words."
38,frame_000038_00-00-37-000.jpg,37.000,00:00:37.000,Mở đầu: Phép loại suy kịch bản (Script Analogy),"Imagine you happen across a short movie script describing a scene between a person and their AI assistant. The script has what the person asks, but the AI's response has been torn off. Suppose you also have a powerful magical machine that can take any text and provide a sensible prediction of what word comes next. You could finish the script by feeding in what you have, seeing what it predicts to start the AI's answer, and repeating this over and over, completing the dialogue. When you interact with a chatbot, this is exactly what's happening. A Large Language Model is a sophisticated mathematical function that predicts what word comes next for any piece of text. Instead of predicting one word with certainty, it assigns a probability to all possible next words."
39,frame_000039_00-00-38-000.jpg,38.000,00:00:38.000,Mở đầu: Phép loại suy kịch bản (Script Analogy),"Imagine you happen across a short movie script describing a scene between a person and their AI assistant. The script has what the person asks, but the AI's response has been torn off. Suppose you also have a powerful magical machine that can take any text and provide a sensible prediction of what word comes next. You could finish the script by feeding in what you have, seeing what it predicts to start the AI's answer, and repeating this over and over, completing the dialogue. When you interact with a chatbot, this is exactly what's happening. A Large Language Model is a sophisticated mathematical function that predicts what word comes next for any piece of text. Instead of predicting one word with certainty, it assigns a probability to all possible next words."
40,frame_000040_00-00-39-000.jpg,39.000,00:00:39.000,Mở đầu: Phép loại suy kịch bản (Script Analogy),"Imagine you happen across a short movie script describing a scene between a person and their AI assistant. The script has what the person asks, but the AI's response has been torn off. Suppose you also have a powerful magical machine that can take any text and provide a sensible prediction of what word comes next. You could finish the script by feeding in what you have, seeing what it predicts to start the AI's answer, and repeating this over and over, completing the dialogue. When you interact with a chatbot, this is exactly what's happening. A Large Language Model is a sophisticated mathematical function that predicts what word comes next for any piece of text. Instead of predicting one word with certainty, it assigns a probability to all possible next words."
41,frame_000041_00-00-40-000.jpg,40.000,00:00:40.000,Xây dựng một chatbot,"To build a chatbot, you lay out some text describing an interaction between a user and a hypothetical AI assistant. You add on whatever the user types as the first part, then have the model repeatedly predict the next word that such an AI assistant would say. In doing this, the output looks more natural if you allow it to select less likely words at random. So even though the model itself is deterministic, a given prompt typically gives a different answer each time it's run."
42,frame_000042_00-00-41-000.jpg,41.000,00:00:41.000,Xây dựng một chatbot,"To build a chatbot, you lay out some text describing an interaction between a user and a hypothetical AI assistant. You add on whatever the user types as the first part, then have the model repeatedly predict the next word that such an AI assistant would say. In doing this, the output looks more natural if you allow it to select less likely words at random. So even though the model itself is deterministic, a given prompt typically gives a different answer each time it's run."
43,frame_000043_00-00-42-000.jpg,42.000,00:00:42.000,Xây dựng một chatbot,"To build a chatbot, you lay out some text describing an interaction between a user and a hypothetical AI assistant. You add on whatever the user types as the first part, then have the model repeatedly predict the next word that such an AI assistant would say. In doing this, the output looks more natural if you allow it to select less likely words at random. So even though the model itself is deterministic, a given prompt typically gives a different answer each time it's run."
44,frame_000044_00-00-43-000.jpg,43.000,00:00:43.000,Xây dựng một chatbot,"To build a chatbot, you lay out some text describing an interaction between a user and a hypothetical AI assistant. You add on whatever the user types as the first part, then have the model repeatedly predict the next word that such an AI assistant would say. In doing this, the output looks more natural if you allow it to select less likely words at random. So even though the model itself is deterministic, a given prompt typically gives a different answer each time it's run."
45,frame_000045_00-00-44-000.jpg,44.000,00:00:44.000,Xây dựng một chatbot,"To build a chatbot, you lay out some text describing an interaction between a user and a hypothetical AI assistant. You add on whatever the user types as the first part, then have the model repeatedly predict the next word that such an AI assistant would say. In doing this, the output looks more natural if you allow it to select less likely words at random. So even though the model itself is deterministic, a given prompt typically gives a different answer each time it's run."
46,frame_000046_00-00-45-000.jpg,45.000,00:00:45.000,Xây dựng một chatbot,"To build a chatbot, you lay out some text describing an interaction between a user and a hypothetical AI assistant. You add on whatever the user types as the first part, then have the model repeatedly predict the next word that such an AI assistant would say. In doing this, the output looks more natural if you allow it to select less likely words at random. So even though the model itself is deterministic, a given prompt typically gives a different answer each time it's run."
47,frame_000047_00-00-46-000.jpg,46.000,00:00:46.000,Xây dựng một chatbot,"To build a chatbot, you lay out some text describing an interaction between a user and a hypothetical AI assistant. You add on whatever the user types as the first part, then have the model repeatedly predict the next word that such an AI assistant would say. In doing this, the output looks more natural if you allow it to select less likely words at random. So even though the model itself is deterministic, a given prompt typically gives a different answer each time it's run."
48,frame_000048_00-00-47-000.jpg,47.000,00:00:47.000,Xây dựng một chatbot,"To build a chatbot, you lay out some text describing an interaction between a user and a hypothetical AI assistant. You add on whatever the user types as the first part, then have the model repeatedly predict the next word that such an AI assistant would say. In doing this, the output looks more natural if you allow it to select less likely words at random. So even though the model itself is deterministic, a given prompt typically gives a different answer each time it's run."
49,frame_000049_00-00-48-000.jpg,48.000,00:00:48.000,Xây dựng một chatbot,"To build a chatbot, you lay out some text describing an interaction between a user and a hypothetical AI assistant. You add on whatever the user types as the first part, then have the model repeatedly predict the next word that such an AI assistant would say. In doing this, the output looks more natural if you allow it to select less likely words at random. So even though the model itself is deterministic, a given prompt typically gives a different answer each time it's run."
50,frame_000050_00-00-49-000.jpg,49.000,00:00:49.000,Xây dựng một chatbot,"To build a chatbot, you lay out some text describing an interaction between a user and a hypothetical AI assistant. You add on whatever the user types as the first part, then have the model repeatedly predict the next word that such an AI assistant would say. In doing this, the output looks more natural if you allow it to select less likely words at random. So even though the model itself is deterministic, a given prompt typically gives a different answer each time it's run."
51,frame_000051_00-00-50-000.jpg,50.000,00:00:50.000,Xây dựng một chatbot,"To build a chatbot, you lay out some text describing an interaction between a user and a hypothetical AI assistant. You add on whatever the user types as the first part, then have the model repeatedly predict the next word that such an AI assistant would say. In doing this, the output looks more natural if you allow it to select less likely words at random. So even though the model itself is deterministic, a given prompt typically gives a different answer each time it's run."
52,frame_000052_00-00-51-000.jpg,51.000,00:00:51.000,Xây dựng một chatbot,"To build a chatbot, you lay out some text describing an interaction between a user and a hypothetical AI assistant. You add on whatever the user types as the first part, then have the model repeatedly predict the next word that such an AI assistant would say. In doing this, the output looks more natural if you allow it to select less likely words at random. So even though the model itself is deterministic, a given prompt typically gives a different answer each time it's run."
53,frame_000053_00-00-52-000.jpg,52.000,00:00:52.000,Xây dựng một chatbot,"To build a chatbot, you lay out some text describing an interaction between a user and a hypothetical AI assistant. You add on whatever the user types as the first part, then have the model repeatedly predict the next word that such an AI assistant would say. In doing this, the output looks more natural if you allow it to select less likely words at random. So even though the model itself is deterministic, a given prompt typically gives a different answer each time it's run."
54,frame_000054_00-00-53-000.jpg,53.000,00:00:53.000,Xây dựng một chatbot,"To build a chatbot, you lay out some text describing an interaction between a user and a hypothetical AI assistant. You add on whatever the user types as the first part, then have the model repeatedly predict the next word that such an AI assistant would say. In doing this, the output looks more natural if you allow it to select less likely words at random. So even though the model itself is deterministic, a given prompt typically gives a different answer each time it's run."
55,frame_000055_00-00-54-000.jpg,54.000,00:00:54.000,Xây dựng một chatbot,"To build a chatbot, you lay out some text describing an interaction between a user and a hypothetical AI assistant. You add on whatever the user types as the first part, then have the model repeatedly predict the next word that such an AI assistant would say. In doing this, the output looks more natural if you allow it to select less likely words at random. So even though the model itself is deterministic, a given prompt typically gives a different answer each time it's run."
56,frame_000056_00-00-55-000.jpg,55.000,00:00:55.000,Xây dựng một chatbot,"To build a chatbot, you lay out some text describing an interaction between a user and a hypothetical AI assistant. You add on whatever the user types as the first part, then have the model repeatedly predict the next word that such an AI assistant would say. In doing this, the output looks more natural if you allow it to select less likely words at random. So even though the model itself is deterministic, a given prompt typically gives a different answer each time it's run."
57,frame_000057_00-00-56-000.jpg,56.000,00:00:56.000,Xây dựng một chatbot,"To build a chatbot, you lay out some text describing an interaction between a user and a hypothetical AI assistant. You add on whatever the user types as the first part, then have the model repeatedly predict the next word that such an AI assistant would say. In doing this, the output looks more natural if you allow it to select less likely words at random. So even though the model itself is deterministic, a given prompt typically gives a different answer each time it's run."
58,frame_000058_00-00-57-000.jpg,57.000,00:00:57.000,Xây dựng một chatbot,"To build a chatbot, you lay out some text describing an interaction between a user and a hypothetical AI assistant. You add on whatever the user types as the first part, then have the model repeatedly predict the next word that such an AI assistant would say. In doing this, the output looks more natural if you allow it to select less likely words at random. So even though the model itself is deterministic, a given prompt typically gives a different answer each time it's run."
59,frame_000059_00-00-58-000.jpg,58.000,00:00:58.000,Xây dựng một chatbot,"To build a chatbot, you lay out some text describing an interaction between a user and a hypothetical AI assistant. You add on whatever the user types as the first part, then have the model repeatedly predict the next word that such an AI assistant would say. In doing this, the output looks more natural if you allow it to select less likely words at random. So even though the model itself is deterministic, a given prompt typically gives a different answer each time it's run."
60,frame_000060_00-00-59-000.jpg,59.000,00:00:59.000,Xây dựng một chatbot,"To build a chatbot, you lay out some text describing an interaction between a user and a hypothetical AI assistant. You add on whatever the user types as the first part, then have the model repeatedly predict the next word that such an AI assistant would say. In doing this, the output looks more natural if you allow it to select less likely words at random. So even though the model itself is deterministic, a given prompt typically gives a different answer each time it's run."
61,frame_000061_00-01-00-000.jpg,60.000,00:01:00.000,Xây dựng một chatbot,"To build a chatbot, you lay out some text describing an interaction between a user and a hypothetical AI assistant. You add on whatever the user types as the first part, then have the model repeatedly predict the next word that such an AI assistant would say. In doing this, the output looks more natural if you allow it to select less likely words at random. So even though the model itself is deterministic, a given prompt typically gives a different answer each time it's run."
62,frame_000062_00-01-01-000.jpg,61.000,00:01:01.000,Xây dựng một chatbot,"To build a chatbot, you lay out some text describing an interaction between a user and a hypothetical AI assistant. You add on whatever the user types as the first part, then have the model repeatedly predict the next word that such an AI assistant would say. In doing this, the output looks more natural if you allow it to select less likely words at random. So even though the model itself is deterministic, a given prompt typically gives a different answer each time it's run."
63,frame_000063_00-01-02-000.jpg,62.000,00:01:02.000,Xây dựng một chatbot,"To build a chatbot, you lay out some text describing an interaction between a user and a hypothetical AI assistant. You add on whatever the user types as the first part, then have the model repeatedly predict the next word that such an AI assistant would say. In doing this, the output looks more natural if you allow it to select less likely words at random. So even though the model itself is deterministic, a given prompt typically gives a different answer each time it's run."
64,frame_000064_00-01-03-000.jpg,63.000,00:01:03.000,Xây dựng một chatbot,"To build a chatbot, you lay out some text describing an interaction between a user and a hypothetical AI assistant. You add on whatever the user types as the first part, then have the model repeatedly predict the next word that such an AI assistant would say. In doing this, the output looks more natural if you allow it to select less likely words at random. So even though the model itself is deterministic, a given prompt typically gives a different answer each time it's run."
65,frame_000065_00-01-04-000.jpg,64.000,00:01:04.000,Xây dựng một chatbot,"To build a chatbot, you lay out some text describing an interaction between a user and a hypothetical AI assistant. You add on whatever the user types as the first part, then have the model repeatedly predict the next word that such an AI assistant would say. In doing this, the output looks more natural if you allow it to select less likely words at random. So even though the model itself is deterministic, a given prompt typically gives a different answer each time it's run."
66,frame_000066_00-01-05-000.jpg,65.000,00:01:05.000,Xây dựng một chatbot,"To build a chatbot, you lay out some text describing an interaction between a user and a hypothetical AI assistant. You add on whatever the user types as the first part, then have the model repeatedly predict the next word that such an AI assistant would say. In doing this, the output looks more natural if you allow it to select less likely words at random. So even though the model itself is deterministic, a given prompt typically gives a different answer each time it's run."
67,frame_000067_00-01-06-000.jpg,66.000,00:01:06.000,Xây dựng một chatbot,"To build a chatbot, you lay out some text describing an interaction between a user and a hypothetical AI assistant. You add on whatever the user types as the first part, then have the model repeatedly predict the next word that such an AI assistant would say. In doing this, the output looks more natural if you allow it to select less likely words at random. So even though the model itself is deterministic, a given prompt typically gives a different answer each time it's run."
68,frame_000068_00-01-07-000.jpg,67.000,00:01:07.000,Xây dựng một chatbot,"To build a chatbot, you lay out some text describing an interaction between a user and a hypothetical AI assistant. You add on whatever the user types as the first part, then have the model repeatedly predict the next word that such an AI assistant would say. In doing this, the output looks more natural if you allow it to select less likely words at random. So even though the model itself is deterministic, a given prompt typically gives a different answer each time it's run."
69,frame_000069_00-01-08-000.jpg,68.000,00:01:08.000,Xây dựng một chatbot,"To build a chatbot, you lay out some text describing an interaction between a user and a hypothetical AI assistant. You add on whatever the user types as the first part, then have the model repeatedly predict the next word that such an AI assistant would say. In doing this, the output looks more natural if you allow it to select less likely words at random. So even though the model itself is deterministic, a given prompt typically gives a different answer each time it's run."
70,frame_000070_00-01-09-000.jpg,69.000,00:01:09.000,Xây dựng một chatbot,"To build a chatbot, you lay out some text describing an interaction between a user and a hypothetical AI assistant. You add on whatever the user types as the first part, then have the model repeatedly predict the next word that such an AI assistant would say. In doing this, the output looks more natural if you allow it to select less likely words at random. So even though the model itself is deterministic, a given prompt typically gives a different answer each time it's run."
71,frame_000071_00-01-10-000.jpg,70.000,00:01:10.000,Xây dựng một chatbot,"To build a chatbot, you lay out some text describing an interaction between a user and a hypothetical AI assistant. You add on whatever the user types as the first part, then have the model repeatedly predict the next word that such an AI assistant would say. In doing this, the output looks more natural if you allow it to select less likely words at random. So even though the model itself is deterministic, a given prompt typically gives a different answer each time it's run."
72,frame_000072_00-01-11-000.jpg,71.000,00:01:11.000,Xây dựng một chatbot,"To build a chatbot, you lay out some text describing an interaction between a user and a hypothetical AI assistant. You add on whatever the user types as the first part, then have the model repeatedly predict the next word that such an AI assistant would say. In doing this, the output looks more natural if you allow it to select less likely words at random. So even though the model itself is deterministic, a given prompt typically gives a different answer each time it's run."
73,frame_000073_00-01-12-000.jpg,72.000,00:01:12.000,Xây dựng một chatbot,"To build a chatbot, you lay out some text describing an interaction between a user and a hypothetical AI assistant. You add on whatever the user types as the first part, then have the model repeatedly predict the next word that such an AI assistant would say. In doing this, the output looks more natural if you allow it to select less likely words at random. So even though the model itself is deterministic, a given prompt typically gives a different answer each time it's run."
74,frame_000074_00-01-13-000.jpg,73.000,00:01:13.000,Xây dựng một chatbot,"To build a chatbot, you lay out some text describing an interaction between a user and a hypothetical AI assistant. You add on whatever the user types as the first part, then have the model repeatedly predict the next word that such an AI assistant would say. In doing this, the output looks more natural if you allow it to select less likely words at random. So even though the model itself is deterministic, a given prompt typically gives a different answer each time it's run."
75,frame_000075_00-01-14-000.jpg,74.000,00:01:14.000,Xây dựng một chatbot,"To build a chatbot, you lay out some text describing an interaction between a user and a hypothetical AI assistant. You add on whatever the user types as the first part, then have the model repeatedly predict the next word that such an AI assistant would say. In doing this, the output looks more natural if you allow it to select less likely words at random. So even though the model itself is deterministic, a given prompt typically gives a different answer each time it's run."
76,frame_000076_00-01-15-000.jpg,75.000,00:01:15.000,Xây dựng một chatbot,"To build a chatbot, you lay out some text describing an interaction between a user and a hypothetical AI assistant. You add on whatever the user types as the first part, then have the model repeatedly predict the next word that such an AI assistant would say. In doing this, the output looks more natural if you allow it to select less likely words at random. So even though the model itself is deterministic, a given prompt typically gives a different answer each time it's run."
77,frame_000077_00-01-16-000.jpg,76.000,00:01:16.000,Xây dựng một chatbot,"To build a chatbot, you lay out some text describing an interaction between a user and a hypothetical AI assistant. You add on whatever the user types as the first part, then have the model repeatedly predict the next word that such an AI assistant would say. In doing this, the output looks more natural if you allow it to select less likely words at random. So even though the model itself is deterministic, a given prompt typically gives a different answer each time it's run."
78,frame_000078_00-01-17-000.jpg,77.000,00:01:17.000,Xây dựng một chatbot,"To build a chatbot, you lay out some text describing an interaction between a user and a hypothetical AI assistant. You add on whatever the user types as the first part, then have the model repeatedly predict the next word that such an AI assistant would say. In doing this, the output looks more natural if you allow it to select less likely words at random. So even though the model itself is deterministic, a given prompt typically gives a different answer each time it's run."
79,frame_000079_00-01-18-000.jpg,78.000,00:01:18.000,Quy mô huấn luyện (Scale of Training),"Models learn to make these predictions by processing an enormous amount of text, typically pulled from the internet. For a standard human to read the amount of text used to train GPT-3, reading non-stop 24/7, it would take over 2,600 years. Larger models since then train on much, much more."
80,frame_000080_00-01-19-000.jpg,79.000,00:01:19.000,Quy mô huấn luyện (Scale of Training),"Models learn to make these predictions by processing an enormous amount of text, typically pulled from the internet. For a standard human to read the amount of text used to train GPT-3, reading non-stop 24/7, it would take over 2,600 years. Larger models since then train on much, much more."
81,frame_000081_00-01-20-000.jpg,80.000,00:01:20.000,Quy mô huấn luyện (Scale of Training),"Models learn to make these predictions by processing an enormous amount of text, typically pulled from the internet. For a standard human to read the amount of text used to train GPT-3, reading non-stop 24/7, it would take over 2,600 years. Larger models since then train on much, much more."
82,frame_000082_00-01-21-000.jpg,81.000,00:01:21.000,Quy mô huấn luyện (Scale of Training),"Models learn to make these predictions by processing an enormous amount of text, typically pulled from the internet. For a standard human to read the amount of text used to train GPT-3, reading non-stop 24/7, it would take over 2,600 years. Larger models since then train on much, much more."
83,frame_000083_00-01-22-000.jpg,82.000,00:01:22.000,Quy mô huấn luyện (Scale of Training),"Models learn to make these predictions by processing an enormous amount of text, typically pulled from the internet. For a standard human to read the amount of text used to train GPT-3, reading non-stop 24/7, it would take over 2,600 years. Larger models since then train on much, much more."
84,frame_000084_00-01-23-000.jpg,83.000,00:01:23.000,Quy mô huấn luyện (Scale of Training),"Models learn to make these predictions by processing an enormous amount of text, typically pulled from the internet. For a standard human to read the amount of text used to train GPT-3, reading non-stop 24/7, it would take over 2,600 years. Larger models since then train on much, much more."
85,frame_000085_00-01-24-000.jpg,84.000,00:01:24.000,Quy mô huấn luyện (Scale of Training),"Models learn to make these predictions by processing an enormous amount of text, typically pulled from the internet. For a standard human to read the amount of text used to train GPT-3, reading non-stop 24/7, it would take over 2,600 years. Larger models since then train on much, much more."
86,frame_000086_00-01-25-000.jpg,85.000,00:01:25.000,Quy mô huấn luyện (Scale of Training),"Models learn to make these predictions by processing an enormous amount of text, typically pulled from the internet. For a standard human to read the amount of text used to train GPT-3, reading non-stop 24/7, it would take over 2,600 years. Larger models since then train on much, much more."
87,frame_000087_00-01-26-000.jpg,86.000,00:01:26.000,Quy mô huấn luyện (Scale of Training),"Models learn to make these predictions by processing an enormous amount of text, typically pulled from the internet. For a standard human to read the amount of text used to train GPT-3, reading non-stop 24/7, it would take over 2,600 years. Larger models since then train on much, much more."
88,frame_000088_00-01-27-000.jpg,87.000,00:01:27.000,Quy mô huấn luyện (Scale of Training),"Models learn to make these predictions by processing an enormous amount of text, typically pulled from the internet. For a standard human to read the amount of text used to train GPT-3, reading non-stop 24/7, it would take over 2,600 years. Larger models since then train on much, much more."
89,frame_000089_00-01-28-000.jpg,88.000,00:01:28.000,Quy mô huấn luyện (Scale of Training),"Models learn to make these predictions by processing an enormous amount of text, typically pulled from the internet. For a standard human to read the amount of text used to train GPT-3, reading non-stop 24/7, it would take over 2,600 years. Larger models since then train on much, much more."
90,frame_000090_00-01-29-000.jpg,89.000,00:01:29.000,Quy mô huấn luyện (Scale of Training),"Models learn to make these predictions by processing an enormous amount of text, typically pulled from the internet. For a standard human to read the amount of text used to train GPT-3, reading non-stop 24/7, it would take over 2,600 years. Larger models since then train on much, much more."
91,frame_000091_00-01-30-000.jpg,90.000,00:01:30.000,Quy mô huấn luyện (Scale of Training),"Models learn to make these predictions by processing an enormous amount of text, typically pulled from the internet. For a standard human to read the amount of text used to train GPT-3, reading non-stop 24/7, it would take over 2,600 years. Larger models since then train on much, much more."
92,frame_000092_00-01-31-000.jpg,91.000,00:01:31.000,Quy mô huấn luyện (Scale of Training),"Models learn to make these predictions by processing an enormous amount of text, typically pulled from the internet. For a standard human to read the amount of text used to train GPT-3, reading non-stop 24/7, it would take over 2,600 years. Larger models since then train on much, much more."
93,frame_000093_00-01-32-000.jpg,92.000,00:01:32.000,Quy mô huấn luyện (Scale of Training),"Models learn to make these predictions by processing an enormous amount of text, typically pulled from the internet. For a standard human to read the amount of text used to train GPT-3, reading non-stop 24/7, it would take over 2,600 years. Larger models since then train on much, much more."
94,frame_000094_00-01-33-000.jpg,93.000,00:01:33.000,Quy mô huấn luyện (Scale of Training),"Models learn to make these predictions by processing an enormous amount of text, typically pulled from the internet. For a standard human to read the amount of text used to train GPT-3, reading non-stop 24/7, it would take over 2,600 years. Larger models since then train on much, much more."
95,frame_000095_00-01-34-000.jpg,94.000,00:01:34.000,Quy mô huấn luyện (Scale of Training),"Models learn to make these predictions by processing an enormous amount of text, typically pulled from the internet. For a standard human to read the amount of text used to train GPT-3, reading non-stop 24/7, it would take over 2,600 years. Larger models since then train on much, much more."
96,frame_000096_00-01-35-000.jpg,95.000,00:01:35.000,Quy mô huấn luyện (Scale of Training),"Models learn to make these predictions by processing an enormous amount of text, typically pulled from the internet. For a standard human to read the amount of text used to train GPT-3, reading non-stop 24/7, it would take over 2,600 years. Larger models since then train on much, much more."
97,frame_000097_00-01-36-000.jpg,96.000,00:01:36.000,Quy mô huấn luyện (Scale of Training),"Models learn to make these predictions by processing an enormous amount of text, typically pulled from the internet. For a standard human to read the amount of text used to train GPT-3, reading non-stop 24/7, it would take over 2,600 years. Larger models since then train on much, much more."
98,frame_000098_00-01-37-000.jpg,97.000,00:01:37.000,Quy mô huấn luyện (Scale of Training),"Models learn to make these predictions by processing an enormous amount of text, typically pulled from the internet. For a standard human to read the amount of text used to train GPT-3, reading non-stop 24/7, it would take over 2,600 years. Larger models since then train on much, much more."
99,frame_000099_00-01-38-000.jpg,98.000,00:01:38.000,Quy mô huấn luyện (Scale of Training),"Models learn to make these predictions by processing an enormous amount of text, typically pulled from the internet. For a standard human to read the amount of text used to train GPT-3, reading non-stop 24/7, it would take over 2,600 years. Larger models since then train on much, much more."
100,frame_000100_00-01-39-000.jpg,99.000,00:01:39.000,Quy mô huấn luyện (Scale of Training),"Models learn to make these predictions by processing an enormous amount of text, typically pulled from the internet. For a standard human to read the amount of text used to train GPT-3, reading non-stop 24/7, it would take over 2,600 years. Larger models since then train on much, much more."
101,frame_000101_00-01-40-000.jpg,100.000,00:01:40.000,Quy mô huấn luyện (Scale of Training),"Models learn to make these predictions by processing an enormous amount of text, typically pulled from the internet. For a standard human to read the amount of text used to train GPT-3, reading non-stop 24/7, it would take over 2,600 years. Larger models since then train on much, much more."
102,frame_000102_00-01-41-000.jpg,101.000,00:01:41.000,Quy mô huấn luyện (Scale of Training),"Models learn to make these predictions by processing an enormous amount of text, typically pulled from the internet. For a standard human to read the amount of text used to train GPT-3, reading non-stop 24/7, it would take over 2,600 years. Larger models since then train on much, much more."
103,frame_000103_00-01-42-000.jpg,102.000,00:01:42.000,Quy mô huấn luyện (Scale of Training),"Models learn to make these predictions by processing an enormous amount of text, typically pulled from the internet. For a standard human to read the amount of text used to train GPT-3, reading non-stop 24/7, it would take over 2,600 years. Larger models since then train on much, much more."
104,frame_000104_00-01-43-000.jpg,103.000,00:01:43.000,Quy mô huấn luyện (Scale of Training),"Models learn to make these predictions by processing an enormous amount of text, typically pulled from the internet. For a standard human to read the amount of text used to train GPT-3, reading non-stop 24/7, it would take over 2,600 years. Larger models since then train on much, much more."
105,frame_000105_00-01-44-000.jpg,104.000,00:01:44.000,Quy mô huấn luyện (Scale of Training),"Models learn to make these predictions by processing an enormous amount of text, typically pulled from the internet. For a standard human to read the amount of text used to train GPT-3, reading non-stop 24/7, it would take over 2,600 years. Larger models since then train on much, much more."
106,frame_000106_00-01-45-000.jpg,105.000,00:01:45.000,Quy mô huấn luyện (Scale of Training),"Models learn to make these predictions by processing an enormous amount of text, typically pulled from the internet. For a standard human to read the amount of text used to train GPT-3, reading non-stop 24/7, it would take over 2,600 years. Larger models since then train on much, much more."
107,frame_000107_00-01-46-000.jpg,106.000,00:01:46.000,Quy mô huấn luyện (Scale of Training),"Models learn to make these predictions by processing an enormous amount of text, typically pulled from the internet. For a standard human to read the amount of text used to train GPT-3, reading non-stop 24/7, it would take over 2,600 years. Larger models since then train on much, much more."
108,frame_000108_00-01-47-000.jpg,107.000,00:01:47.000,Quy mô huấn luyện (Scale of Training),"Models learn to make these predictions by processing an enormous amount of text, typically pulled from the internet. For a standard human to read the amount of text used to train GPT-3, reading non-stop 24/7, it would take over 2,600 years. Larger models since then train on much, much more."
109,frame_000109_00-01-48-000.jpg,108.000,00:01:48.000,Quy mô huấn luyện (Scale of Training),"Models learn to make these predictions by processing an enormous amount of text, typically pulled from the internet. For a standard human to read the amount of text used to train GPT-3, reading non-stop 24/7, it would take over 2,600 years. Larger models since then train on much, much more."
110,frame_000110_00-01-49-000.jpg,109.000,00:01:49.000,Quy mô huấn luyện (Scale of Training),"Models learn to make these predictions by processing an enormous amount of text, typically pulled from the internet. For a standard human to read the amount of text used to train GPT-3, reading non-stop 24/7, it would take over 2,600 years. Larger models since then train on much, much more."
111,frame_000111_00-01-50-000.jpg,110.000,00:01:50.000,Quy mô huấn luyện (Scale of Training),"Models learn to make these predictions by processing an enormous amount of text, typically pulled from the internet. For a standard human to read the amount of text used to train GPT-3, reading non-stop 24/7, it would take over 2,600 years. Larger models since then train on much, much more."
112,frame_000112_00-01-51-000.jpg,111.000,00:01:51.000,Quy mô huấn luyện (Scale of Training),"Models learn to make these predictions by processing an enormous amount of text, typically pulled from the internet. For a standard human to read the amount of text used to train GPT-3, reading non-stop 24/7, it would take over 2,600 years. Larger models since then train on much, much more."
113,frame_000113_00-01-52-000.jpg,112.000,00:01:52.000,Tham số và Trọng số (Parameters & Weights),"You can think of training a bit like tuning the dials on a big machine. The way a language model behaves is entirely determined by these many continuous values, usually called parameters or weights. Changing those parameters changes the probabilities the model gives for the next word. What puts the 'Large' in Large Language Model is how they can have hundreds of billions of these parameters. No human ever deliberately sets them. They begin at random, so the model just outputs gibberish, but they're repeatedly refined based on many example pieces of text."
114,frame_000114_00-01-53-000.jpg,113.000,00:01:53.000,Tham số và Trọng số (Parameters & Weights),"You can think of training a bit like tuning the dials on a big machine. The way a language model behaves is entirely determined by these many continuous values, usually called parameters or weights. Changing those parameters changes the probabilities the model gives for the next word. What puts the 'Large' in Large Language Model is how they can have hundreds of billions of these parameters. No human ever deliberately sets them. They begin at random, so the model just outputs gibberish, but they're repeatedly refined based on many example pieces of text."
115,frame_000115_00-01-54-000.jpg,114.000,00:01:54.000,Tham số và Trọng số (Parameters & Weights),"You can think of training a bit like tuning the dials on a big machine. The way a language model behaves is entirely determined by these many continuous values, usually called parameters or weights. Changing those parameters changes the probabilities the model gives for the next word. What puts the 'Large' in Large Language Model is how they can have hundreds of billions of these parameters. No human ever deliberately sets them. They begin at random, so the model just outputs gibberish, but they're repeatedly refined based on many example pieces of text."
116,frame_000116_00-01-55-000.jpg,115.000,00:01:55.000,Tham số và Trọng số (Parameters & Weights),"You can think of training a bit like tuning the dials on a big machine. The way a language model behaves is entirely determined by these many continuous values, usually called parameters or weights. Changing those parameters changes the probabilities the model gives for the next word. What puts the 'Large' in Large Language Model is how they can have hundreds of billions of these parameters. No human ever deliberately sets them. They begin at random, so the model just outputs gibberish, but they're repeatedly refined based on many example pieces of text."
117,frame_000117_00-01-56-000.jpg,116.000,00:01:56.000,Tham số và Trọng số (Parameters & Weights),"You can think of training a bit like tuning the dials on a big machine. The way a language model behaves is entirely determined by these many continuous values, usually called parameters or weights. Changing those parameters changes the probabilities the model gives for the next word. What puts the 'Large' in Large Language Model is how they can have hundreds of billions of these parameters. No human ever deliberately sets them. They begin at random, so the model just outputs gibberish, but they're repeatedly refined based on many example pieces of text."
118,frame_000118_00-01-57-000.jpg,117.000,00:01:57.000,Tham số và Trọng số (Parameters & Weights),"You can think of training a bit like tuning the dials on a big machine. The way a language model behaves is entirely determined by these many continuous values, usually called parameters or weights. Changing those parameters changes the probabilities the model gives for the next word. What puts the 'Large' in Large Language Model is how they can have hundreds of billions of these parameters. No human ever deliberately sets them. They begin at random, so the model just outputs gibberish, but they're repeatedly refined based on many example pieces of text."
119,frame_000119_00-01-58-000.jpg,118.000,00:01:58.000,Tham số và Trọng số (Parameters & Weights),"You can think of training a bit like tuning the dials on a big machine. The way a language model behaves is entirely determined by these many continuous values, usually called parameters or weights. Changing those parameters changes the probabilities the model gives for the next word. What puts the 'Large' in Large Language Model is how they can have hundreds of billions of these parameters. No human ever deliberately sets them. They begin at random, so the model just outputs gibberish, but they're repeatedly refined based on many example pieces of text."
120,frame_000120_00-01-59-000.jpg,119.000,00:01:59.000,Tham số và Trọng số (Parameters & Weights),"You can think of training a bit like tuning the dials on a big machine. The way a language model behaves is entirely determined by these many continuous values, usually called parameters or weights. Changing those parameters changes the probabilities the model gives for the next word. What puts the 'Large' in Large Language Model is how they can have hundreds of billions of these parameters. No human ever deliberately sets them. They begin at random, so the model just outputs gibberish, but they're repeatedly refined based on many example pieces of text."
121,frame_000121_00-02-00-000.jpg,120.000,00:02:00.000,Tham số và Trọng số (Parameters & Weights),"You can think of training a bit like tuning the dials on a big machine. The way a language model behaves is entirely determined by these many continuous values, usually called parameters or weights. Changing those parameters changes the probabilities the model gives for the next word. What puts the 'Large' in Large Language Model is how they can have hundreds of billions of these parameters. No human ever deliberately sets them. They begin at random, so the model just outputs gibberish, but they're repeatedly refined based on many example pieces of text."
122,frame_000122_00-02-01-000.jpg,121.000,00:02:01.000,Tham số và Trọng số (Parameters & Weights),"You can think of training a bit like tuning the dials on a big machine. The way a language model behaves is entirely determined by these many continuous values, usually called parameters or weights. Changing those parameters changes the probabilities the model gives for the next word. What puts the 'Large' in Large Language Model is how they can have hundreds of billions of these parameters. No human ever deliberately sets them. They begin at random, so the model just outputs gibberish, but they're repeatedly refined based on many example pieces of text."
123,frame_000123_00-02-02-000.jpg,122.000,00:02:02.000,Tham số và Trọng số (Parameters & Weights),"You can think of training a bit like tuning the dials on a big machine. The way a language model behaves is entirely determined by these many continuous values, usually called parameters or weights. Changing those parameters changes the probabilities the model gives for the next word. What puts the 'Large' in Large Language Model is how they can have hundreds of billions of these parameters. No human ever deliberately sets them. They begin at random, so the model just outputs gibberish, but they're repeatedly refined based on many example pieces of text."
124,frame_000124_00-02-03-000.jpg,123.000,00:02:03.000,Tham số và Trọng số (Parameters & Weights),"You can think of training a bit like tuning the dials on a big machine. The way a language model behaves is entirely determined by these many continuous values, usually called parameters or weights. Changing those parameters changes the probabilities the model gives for the next word. What puts the 'Large' in Large Language Model is how they can have hundreds of billions of these parameters. No human ever deliberately sets them. They begin at random, so the model just outputs gibberish, but they're repeatedly refined based on many example pieces of text."
125,frame_000125_00-02-04-000.jpg,124.000,00:02:04.000,Tham số và Trọng số (Parameters & Weights),"You can think of training a bit like tuning the dials on a big machine. The way a language model behaves is entirely determined by these many continuous values, usually called parameters or weights. Changing those parameters changes the probabilities the model gives for the next word. What puts the 'Large' in Large Language Model is how they can have hundreds of billions of these parameters. No human ever deliberately sets them. They begin at random, so the model just outputs gibberish, but they're repeatedly refined based on many example pieces of text."
126,frame_000126_00-02-05-000.jpg,125.000,00:02:05.000,Tham số và Trọng số (Parameters & Weights),"You can think of training a bit like tuning the dials on a big machine. The way a language model behaves is entirely determined by these many continuous values, usually called parameters or weights. Changing those parameters changes the probabilities the model gives for the next word. What puts the 'Large' in Large Language Model is how they can have hundreds of billions of these parameters. No human ever deliberately sets them. They begin at random, so the model just outputs gibberish, but they're repeatedly refined based on many example pieces of text."
127,frame_000127_00-02-06-000.jpg,126.000,00:02:06.000,Tham số và Trọng số (Parameters & Weights),"You can think of training a bit like tuning the dials on a big machine. The way a language model behaves is entirely determined by these many continuous values, usually called parameters or weights. Changing those parameters changes the probabilities the model gives for the next word. What puts the 'Large' in Large Language Model is how they can have hundreds of billions of these parameters. No human ever deliberately sets them. They begin at random, so the model just outputs gibberish, but they're repeatedly refined based on many example pieces of text."
128,frame_000128_00-02-07-000.jpg,127.000,00:02:07.000,Tham số và Trọng số (Parameters & Weights),"You can think of training a bit like tuning the dials on a big machine. The way a language model behaves is entirely determined by these many continuous values, usually called parameters or weights. Changing those parameters changes the probabilities the model gives for the next word. What puts the 'Large' in Large Language Model is how they can have hundreds of billions of these parameters. No human ever deliberately sets them. They begin at random, so the model just outputs gibberish, but they're repeatedly refined based on many example pieces of text."
129,frame_000129_00-02-08-000.jpg,128.000,00:02:08.000,Tham số và Trọng số (Parameters & Weights),"You can think of training a bit like tuning the dials on a big machine. The way a language model behaves is entirely determined by these many continuous values, usually called parameters or weights. Changing those parameters changes the probabilities the model gives for the next word. What puts the 'Large' in Large Language Model is how they can have hundreds of billions of these parameters. No human ever deliberately sets them. They begin at random, so the model just outputs gibberish, but they're repeatedly refined based on many example pieces of text."
130,frame_000130_00-02-09-000.jpg,129.000,00:02:09.000,Tham số và Trọng số (Parameters & Weights),"You can think of training a bit like tuning the dials on a big machine. The way a language model behaves is entirely determined by these many continuous values, usually called parameters or weights. Changing those parameters changes the probabilities the model gives for the next word. What puts the 'Large' in Large Language Model is how they can have hundreds of billions of these parameters. No human ever deliberately sets them. They begin at random, so the model just outputs gibberish, but they're repeatedly refined based on many example pieces of text."
131,frame_000131_00-02-10-000.jpg,130.000,00:02:10.000,Tham số và Trọng số (Parameters & Weights),"You can think of training a bit like tuning the dials on a big machine. The way a language model behaves is entirely determined by these many continuous values, usually called parameters or weights. Changing those parameters changes the probabilities the model gives for the next word. What puts the 'Large' in Large Language Model is how they can have hundreds of billions of these parameters. No human ever deliberately sets them. They begin at random, so the model just outputs gibberish, but they're repeatedly refined based on many example pieces of text."
132,frame_000132_00-02-11-000.jpg,131.000,00:02:11.000,Tham số và Trọng số (Parameters & Weights),"You can think of training a bit like tuning the dials on a big machine. The way a language model behaves is entirely determined by these many continuous values, usually called parameters or weights. Changing those parameters changes the probabilities the model gives for the next word. What puts the 'Large' in Large Language Model is how they can have hundreds of billions of these parameters. No human ever deliberately sets them. They begin at random, so the model just outputs gibberish, but they're repeatedly refined based on many example pieces of text."
133,frame_000133_00-02-12-000.jpg,132.000,00:02:12.000,Tham số và Trọng số (Parameters & Weights),"You can think of training a bit like tuning the dials on a big machine. The way a language model behaves is entirely determined by these many continuous values, usually called parameters or weights. Changing those parameters changes the probabilities the model gives for the next word. What puts the 'Large' in Large Language Model is how they can have hundreds of billions of these parameters. No human ever deliberately sets them. They begin at random, so the model just outputs gibberish, but they're repeatedly refined based on many example pieces of text."
134,frame_000134_00-02-13-000.jpg,133.000,00:02:13.000,Tham số và Trọng số (Parameters & Weights),"You can think of training a bit like tuning the dials on a big machine. The way a language model behaves is entirely determined by these many continuous values, usually called parameters or weights. Changing those parameters changes the probabilities the model gives for the next word. What puts the 'Large' in Large Language Model is how they can have hundreds of billions of these parameters. No human ever deliberately sets them. They begin at random, so the model just outputs gibberish, but they're repeatedly refined based on many example pieces of text."
135,frame_000135_00-02-14-000.jpg,134.000,00:02:14.000,Tham số và Trọng số (Parameters & Weights),"You can think of training a bit like tuning the dials on a big machine. The way a language model behaves is entirely determined by these many continuous values, usually called parameters or weights. Changing those parameters changes the probabilities the model gives for the next word. What puts the 'Large' in Large Language Model is how they can have hundreds of billions of these parameters. No human ever deliberately sets them. They begin at random, so the model just outputs gibberish, but they're repeatedly refined based on many example pieces of text."
136,frame_000136_00-02-15-000.jpg,135.000,00:02:15.000,Tham số và Trọng số (Parameters & Weights),"You can think of training a bit like tuning the dials on a big machine. The way a language model behaves is entirely determined by these many continuous values, usually called parameters or weights. Changing those parameters changes the probabilities the model gives for the next word. What puts the 'Large' in Large Language Model is how they can have hundreds of billions of these parameters. No human ever deliberately sets them. They begin at random, so the model just outputs gibberish, but they're repeatedly refined based on many example pieces of text."
137,frame_000137_00-02-16-000.jpg,136.000,00:02:16.000,Tham số và Trọng số (Parameters & Weights),"You can think of training a bit like tuning the dials on a big machine. The way a language model behaves is entirely determined by these many continuous values, usually called parameters or weights. Changing those parameters changes the probabilities the model gives for the next word. What puts the 'Large' in Large Language Model is how they can have hundreds of billions of these parameters. No human ever deliberately sets them. They begin at random, so the model just outputs gibberish, but they're repeatedly refined based on many example pieces of text."
138,frame_000138_00-02-17-000.jpg,137.000,00:02:17.000,Tham số và Trọng số (Parameters & Weights),"You can think of training a bit like tuning the dials on a big machine. The way a language model behaves is entirely determined by these many continuous values, usually called parameters or weights. Changing those parameters changes the probabilities the model gives for the next word. What puts the 'Large' in Large Language Model is how they can have hundreds of billions of these parameters. No human ever deliberately sets them. They begin at random, so the model just outputs gibberish, but they're repeatedly refined based on many example pieces of text."
139,frame_000139_00-02-18-000.jpg,138.000,00:02:18.000,Tham số và Trọng số (Parameters & Weights),"You can think of training a bit like tuning the dials on a big machine. The way a language model behaves is entirely determined by these many continuous values, usually called parameters or weights. Changing those parameters changes the probabilities the model gives for the next word. What puts the 'Large' in Large Language Model is how they can have hundreds of billions of these parameters. No human ever deliberately sets them. They begin at random, so the model just outputs gibberish, but they're repeatedly refined based on many example pieces of text."
140,frame_000140_00-02-19-000.jpg,139.000,00:02:19.000,Tham số và Trọng số (Parameters & Weights),"You can think of training a bit like tuning the dials on a big machine. The way a language model behaves is entirely determined by these many continuous values, usually called parameters or weights. Changing those parameters changes the probabilities the model gives for the next word. What puts the 'Large' in Large Language Model is how they can have hundreds of billions of these parameters. No human ever deliberately sets them. They begin at random, so the model just outputs gibberish, but they're repeatedly refined based on many example pieces of text."
141,frame_000141_00-02-20-000.jpg,140.000,00:02:20.000,Tham số và Trọng số (Parameters & Weights),"You can think of training a bit like tuning the dials on a big machine. The way a language model behaves is entirely determined by these many continuous values, usually called parameters or weights. Changing those parameters changes the probabilities the model gives for the next word. What puts the 'Large' in Large Language Model is how they can have hundreds of billions of these parameters. No human ever deliberately sets them. They begin at random, so the model just outputs gibberish, but they're repeatedly refined based on many example pieces of text."
142,frame_000142_00-02-21-000.jpg,141.000,00:02:21.000,Tham số và Trọng số (Parameters & Weights),"You can think of training a bit like tuning the dials on a big machine. The way a language model behaves is entirely determined by these many continuous values, usually called parameters or weights. Changing those parameters changes the probabilities the model gives for the next word. What puts the 'Large' in Large Language Model is how they can have hundreds of billions of these parameters. No human ever deliberately sets them. They begin at random, so the model just outputs gibberish, but they're repeatedly refined based on many example pieces of text."
143,frame_000143_00-02-22-000.jpg,142.000,00:02:22.000,Tham số và Trọng số (Parameters & Weights),"You can think of training a bit like tuning the dials on a big machine. The way a language model behaves is entirely determined by these many continuous values, usually called parameters or weights. Changing those parameters changes the probabilities the model gives for the next word. What puts the 'Large' in Large Language Model is how they can have hundreds of billions of these parameters. No human ever deliberately sets them. They begin at random, so the model just outputs gibberish, but they're repeatedly refined based on many example pieces of text."
144,frame_000144_00-02-23-000.jpg,143.000,00:02:23.000,Tham số và Trọng số (Parameters & Weights),"You can think of training a bit like tuning the dials on a big machine. The way a language model behaves is entirely determined by these many continuous values, usually called parameters or weights. Changing those parameters changes the probabilities the model gives for the next word. What puts the 'Large' in Large Language Model is how they can have hundreds of billions of these parameters. No human ever deliberately sets them. They begin at random, so the model just outputs gibberish, but they're repeatedly refined based on many example pieces of text."
145,frame_000145_00-02-24-000.jpg,144.000,00:02:24.000,Tham số và Trọng số (Parameters & Weights),"You can think of training a bit like tuning the dials on a big machine. The way a language model behaves is entirely determined by these many continuous values, usually called parameters or weights. Changing those parameters changes the probabilities the model gives for the next word. What puts the 'Large' in Large Language Model is how they can have hundreds of billions of these parameters. No human ever deliberately sets them. They begin at random, so the model just outputs gibberish, but they're repeatedly refined based on many example pieces of text."
146,frame_000146_00-02-25-000.jpg,145.000,00:02:25.000,Tham số và Trọng số (Parameters & Weights),"You can think of training a bit like tuning the dials on a big machine. The way a language model behaves is entirely determined by these many continuous values, usually called parameters or weights. Changing those parameters changes the probabilities the model gives for the next word. What puts the 'Large' in Large Language Model is how they can have hundreds of billions of these parameters. No human ever deliberately sets them. They begin at random, so the model just outputs gibberish, but they're repeatedly refined based on many example pieces of text."
147,frame_000147_00-02-26-000.jpg,146.000,00:02:26.000,Tham số và Trọng số (Parameters & Weights),"You can think of training a bit like tuning the dials on a big machine. The way a language model behaves is entirely determined by these many continuous values, usually called parameters or weights. Changing those parameters changes the probabilities the model gives for the next word. What puts the 'Large' in Large Language Model is how they can have hundreds of billions of these parameters. No human ever deliberately sets them. They begin at random, so the model just outputs gibberish, but they're repeatedly refined based on many example pieces of text."
148,frame_000148_00-02-27-000.jpg,147.000,00:02:27.000,Tham số và Trọng số (Parameters & Weights),"You can think of training a bit like tuning the dials on a big machine. The way a language model behaves is entirely determined by these many continuous values, usually called parameters or weights. Changing those parameters changes the probabilities the model gives for the next word. What puts the 'Large' in Large Language Model is how they can have hundreds of billions of these parameters. No human ever deliberately sets them. They begin at random, so the model just outputs gibberish, but they're repeatedly refined based on many example pieces of text."
149,frame_000149_00-02-28-000.jpg,148.000,00:02:28.000,Tham số và Trọng số (Parameters & Weights),"You can think of training a bit like tuning the dials on a big machine. The way a language model behaves is entirely determined by these many continuous values, usually called parameters or weights. Changing those parameters changes the probabilities the model gives for the next word. What puts the 'Large' in Large Language Model is how they can have hundreds of billions of these parameters. No human ever deliberately sets them. They begin at random, so the model just outputs gibberish, but they're repeatedly refined based on many example pieces of text."
150,frame_000150_00-02-29-000.jpg,149.000,00:02:29.000,Tham số và Trọng số (Parameters & Weights),"You can think of training a bit like tuning the dials on a big machine. The way a language model behaves is entirely determined by these many continuous values, usually called parameters or weights. Changing those parameters changes the probabilities the model gives for the next word. What puts the 'Large' in Large Language Model is how they can have hundreds of billions of these parameters. No human ever deliberately sets them. They begin at random, so the model just outputs gibberish, but they're repeatedly refined based on many example pieces of text."
151,frame_000151_00-02-30-000.jpg,150.000,00:02:30.000,Tham số và Trọng số (Parameters & Weights),"You can think of training a bit like tuning the dials on a big machine. The way a language model behaves is entirely determined by these many continuous values, usually called parameters or weights. Changing those parameters changes the probabilities the model gives for the next word. What puts the 'Large' in Large Language Model is how they can have hundreds of billions of these parameters. No human ever deliberately sets them. They begin at random, so the model just outputs gibberish, but they're repeatedly refined based on many example pieces of text."
152,frame_000152_00-02-31-000.jpg,151.000,00:02:31.000,Tham số và Trọng số (Parameters & Weights),"You can think of training a bit like tuning the dials on a big machine. The way a language model behaves is entirely determined by these many continuous values, usually called parameters or weights. Changing those parameters changes the probabilities the model gives for the next word. What puts the 'Large' in Large Language Model is how they can have hundreds of billions of these parameters. No human ever deliberately sets them. They begin at random, so the model just outputs gibberish, but they're repeatedly refined based on many example pieces of text."
153,frame_000153_00-02-32-000.jpg,152.000,00:02:32.000,Tham số và Trọng số (Parameters & Weights),"You can think of training a bit like tuning the dials on a big machine. The way a language model behaves is entirely determined by these many continuous values, usually called parameters or weights. Changing those parameters changes the probabilities the model gives for the next word. What puts the 'Large' in Large Language Model is how they can have hundreds of billions of these parameters. No human ever deliberately sets them. They begin at random, so the model just outputs gibberish, but they're repeatedly refined based on many example pieces of text."
154,frame_000154_00-02-33-000.jpg,153.000,00:02:33.000,Tham số và Trọng số (Parameters & Weights),"You can think of training a bit like tuning the dials on a big machine. The way a language model behaves is entirely determined by these many continuous values, usually called parameters or weights. Changing those parameters changes the probabilities the model gives for the next word. What puts the 'Large' in Large Language Model is how they can have hundreds of billions of these parameters. No human ever deliberately sets them. They begin at random, so the model just outputs gibberish, but they're repeatedly refined based on many example pieces of text."
155,frame_000155_00-02-34-000.jpg,154.000,00:02:34.000,Tham số và Trọng số (Parameters & Weights),"You can think of training a bit like tuning the dials on a big machine. The way a language model behaves is entirely determined by these many continuous values, usually called parameters or weights. Changing those parameters changes the probabilities the model gives for the next word. What puts the 'Large' in Large Language Model is how they can have hundreds of billions of these parameters. No human ever deliberately sets them. They begin at random, so the model just outputs gibberish, but they're repeatedly refined based on many example pieces of text."
156,frame_000156_00-02-35-000.jpg,155.000,00:02:35.000,Tham số và Trọng số (Parameters & Weights),"You can think of training a bit like tuning the dials on a big machine. The way a language model behaves is entirely determined by these many continuous values, usually called parameters or weights. Changing those parameters changes the probabilities the model gives for the next word. What puts the 'Large' in Large Language Model is how they can have hundreds of billions of these parameters. No human ever deliberately sets them. They begin at random, so the model just outputs gibberish, but they're repeatedly refined based on many example pieces of text."
157,frame_000157_00-02-36-000.jpg,156.000,00:02:36.000,Tham số và Trọng số (Parameters & Weights),"You can think of training a bit like tuning the dials on a big machine. The way a language model behaves is entirely determined by these many continuous values, usually called parameters or weights. Changing those parameters changes the probabilities the model gives for the next word. What puts the 'Large' in Large Language Model is how they can have hundreds of billions of these parameters. No human ever deliberately sets them. They begin at random, so the model just outputs gibberish, but they're repeatedly refined based on many example pieces of text."
158,frame_000158_00-02-37-000.jpg,157.000,00:02:37.000,Tham số và Trọng số (Parameters & Weights),"You can think of training a bit like tuning the dials on a big machine. The way a language model behaves is entirely determined by these many continuous values, usually called parameters or weights. Changing those parameters changes the probabilities the model gives for the next word. What puts the 'Large' in Large Language Model is how they can have hundreds of billions of these parameters. No human ever deliberately sets them. They begin at random, so the model just outputs gibberish, but they're repeatedly refined based on many example pieces of text."
159,frame_000159_00-02-38-000.jpg,158.000,00:02:38.000,Tham số và Trọng số (Parameters & Weights),"You can think of training a bit like tuning the dials on a big machine. The way a language model behaves is entirely determined by these many continuous values, usually called parameters or weights. Changing those parameters changes the probabilities the model gives for the next word. What puts the 'Large' in Large Language Model is how they can have hundreds of billions of these parameters. No human ever deliberately sets them. They begin at random, so the model just outputs gibberish, but they're repeatedly refined based on many example pieces of text."
160,frame_000160_00-02-39-000.jpg,159.000,00:02:39.000,Tham số và Trọng số (Parameters & Weights),"You can think of training a bit like tuning the dials on a big machine. The way a language model behaves is entirely determined by these many continuous values, usually called parameters or weights. Changing those parameters changes the probabilities the model gives for the next word. What puts the 'Large' in Large Language Model is how they can have hundreds of billions of these parameters. No human ever deliberately sets them. They begin at random, so the model just outputs gibberish, but they're repeatedly refined based on many example pieces of text."
161,frame_000161_00-02-40-000.jpg,160.000,00:02:40.000,Tham số và Trọng số (Parameters & Weights),"You can think of training a bit like tuning the dials on a big machine. The way a language model behaves is entirely determined by these many continuous values, usually called parameters or weights. Changing those parameters changes the probabilities the model gives for the next word. What puts the 'Large' in Large Language Model is how they can have hundreds of billions of these parameters. No human ever deliberately sets them. They begin at random, so the model just outputs gibberish, but they're repeatedly refined based on many example pieces of text."
162,frame_000162_00-02-41-000.jpg,161.000,00:02:41.000,Tham số và Trọng số (Parameters & Weights),"You can think of training a bit like tuning the dials on a big machine. The way a language model behaves is entirely determined by these many continuous values, usually called parameters or weights. Changing those parameters changes the probabilities the model gives for the next word. What puts the 'Large' in Large Language Model is how they can have hundreds of billions of these parameters. No human ever deliberately sets them. They begin at random, so the model just outputs gibberish, but they're repeatedly refined based on many example pieces of text."
163,frame_000163_00-02-42-000.jpg,162.000,00:02:42.000,Tham số và Trọng số (Parameters & Weights),"You can think of training a bit like tuning the dials on a big machine. The way a language model behaves is entirely determined by these many continuous values, usually called parameters or weights. Changing those parameters changes the probabilities the model gives for the next word. What puts the 'Large' in Large Language Model is how they can have hundreds of billions of these parameters. No human ever deliberately sets them. They begin at random, so the model just outputs gibberish, but they're repeatedly refined based on many example pieces of text."
164,frame_000164_00-02-43-000.jpg,163.000,00:02:43.000,Tham số và Trọng số (Parameters & Weights),"You can think of training a bit like tuning the dials on a big machine. The way a language model behaves is entirely determined by these many continuous values, usually called parameters or weights. Changing those parameters changes the probabilities the model gives for the next word. What puts the 'Large' in Large Language Model is how they can have hundreds of billions of these parameters. No human ever deliberately sets them. They begin at random, so the model just outputs gibberish, but they're repeatedly refined based on many example pieces of text."
165,frame_000165_00-02-44-000.jpg,164.000,00:02:44.000,Tham số và Trọng số (Parameters & Weights),"You can think of training a bit like tuning the dials on a big machine. The way a language model behaves is entirely determined by these many continuous values, usually called parameters or weights. Changing those parameters changes the probabilities the model gives for the next word. What puts the 'Large' in Large Language Model is how they can have hundreds of billions of these parameters. No human ever deliberately sets them. They begin at random, so the model just outputs gibberish, but they're repeatedly refined based on many example pieces of text."
166,frame_000166_00-02-45-000.jpg,165.000,00:02:45.000,Quá trình huấn luyện: Backpropagation,"One training example could be a handful of words, or thousands. Either way, you pass in all but the last word from that example into the model and compare its prediction with the true last word. An algorithm called backpropagation tweaks all the parameters so the model is a little more likely to choose the true last word and a little less likely to choose the others. Do this for many trillions of examples, and the model starts to give accurate predictions even on text it's never seen before."
167,frame_000167_00-02-46-000.jpg,166.000,00:02:46.000,Quá trình huấn luyện: Backpropagation,"One training example could be a handful of words, or thousands. Either way, you pass in all but the last word from that example into the model and compare its prediction with the true last word. An algorithm called backpropagation tweaks all the parameters so the model is a little more likely to choose the true last word and a little less likely to choose the others. Do this for many trillions of examples, and the model starts to give accurate predictions even on text it's never seen before."
168,frame_000168_00-02-47-000.jpg,167.000,00:02:47.000,Quá trình huấn luyện: Backpropagation,"One training example could be a handful of words, or thousands. Either way, you pass in all but the last word from that example into the model and compare its prediction with the true last word. An algorithm called backpropagation tweaks all the parameters so the model is a little more likely to choose the true last word and a little less likely to choose the others. Do this for many trillions of examples, and the model starts to give accurate predictions even on text it's never seen before."
169,frame_000169_00-02-48-000.jpg,168.000,00:02:48.000,Quá trình huấn luyện: Backpropagation,"One training example could be a handful of words, or thousands. Either way, you pass in all but the last word from that example into the model and compare its prediction with the true last word. An algorithm called backpropagation tweaks all the parameters so the model is a little more likely to choose the true last word and a little less likely to choose the others. Do this for many trillions of examples, and the model starts to give accurate predictions even on text it's never seen before."
170,frame_000170_00-02-49-000.jpg,169.000,00:02:49.000,Quá trình huấn luyện: Backpropagation,"One training example could be a handful of words, or thousands. Either way, you pass in all but the last word from that example into the model and compare its prediction with the true last word. An algorithm called backpropagation tweaks all the parameters so the model is a little more likely to choose the true last word and a little less likely to choose the others. Do this for many trillions of examples, and the model starts to give accurate predictions even on text it's never seen before."
171,frame_000171_00-02-50-000.jpg,170.000,00:02:50.000,Quá trình huấn luyện: Backpropagation,"One training example could be a handful of words, or thousands. Either way, you pass in all but the last word from that example into the model and compare its prediction with the true last word. An algorithm called backpropagation tweaks all the parameters so the model is a little more likely to choose the true last word and a little less likely to choose the others. Do this for many trillions of examples, and the model starts to give accurate predictions even on text it's never seen before."
172,frame_000172_00-02-51-000.jpg,171.000,00:02:51.000,Quá trình huấn luyện: Backpropagation,"One training example could be a handful of words, or thousands. Either way, you pass in all but the last word from that example into the model and compare its prediction with the true last word. An algorithm called backpropagation tweaks all the parameters so the model is a little more likely to choose the true last word and a little less likely to choose the others. Do this for many trillions of examples, and the model starts to give accurate predictions even on text it's never seen before."
173,frame_000173_00-02-52-000.jpg,172.000,00:02:52.000,Quá trình huấn luyện: Backpropagation,"One training example could be a handful of words, or thousands. Either way, you pass in all but the last word from that example into the model and compare its prediction with the true last word. An algorithm called backpropagation tweaks all the parameters so the model is a little more likely to choose the true last word and a little less likely to choose the others. Do this for many trillions of examples, and the model starts to give accurate predictions even on text it's never seen before."
174,frame_000174_00-02-53-000.jpg,173.000,00:02:53.000,Quá trình huấn luyện: Backpropagation,"One training example could be a handful of words, or thousands. Either way, you pass in all but the last word from that example into the model and compare its prediction with the true last word. An algorithm called backpropagation tweaks all the parameters so the model is a little more likely to choose the true last word and a little less likely to choose the others. Do this for many trillions of examples, and the model starts to give accurate predictions even on text it's never seen before."
175,frame_000175_00-02-54-000.jpg,174.000,00:02:54.000,Quá trình huấn luyện: Backpropagation,"One training example could be a handful of words, or thousands. Either way, you pass in all but the last word from that example into the model and compare its prediction with the true last word. An algorithm called backpropagation tweaks all the parameters so the model is a little more likely to choose the true last word and a little less likely to choose the others. Do this for many trillions of examples, and the model starts to give accurate predictions even on text it's never seen before."
176,frame_000176_00-02-55-000.jpg,175.000,00:02:55.000,Quá trình huấn luyện: Backpropagation,"One training example could be a handful of words, or thousands. Either way, you pass in all but the last word from that example into the model and compare its prediction with the true last word. An algorithm called backpropagation tweaks all the parameters so the model is a little more likely to choose the true last word and a little less likely to choose the others. Do this for many trillions of examples, and the model starts to give accurate predictions even on text it's never seen before."
177,frame_000177_00-02-56-000.jpg,176.000,00:02:56.000,Quá trình huấn luyện: Backpropagation,"One training example could be a handful of words, or thousands. Either way, you pass in all but the last word from that example into the model and compare its prediction with the true last word. An algorithm called backpropagation tweaks all the parameters so the model is a little more likely to choose the true last word and a little less likely to choose the others. Do this for many trillions of examples, and the model starts to give accurate predictions even on text it's never seen before."
178,frame_000178_00-02-57-000.jpg,177.000,00:02:57.000,Quá trình huấn luyện: Backpropagation,"One training example could be a handful of words, or thousands. Either way, you pass in all but the last word from that example into the model and compare its prediction with the true last word. An algorithm called backpropagation tweaks all the parameters so the model is a little more likely to choose the true last word and a little less likely to choose the others. Do this for many trillions of examples, and the model starts to give accurate predictions even on text it's never seen before."
179,frame_000179_00-02-58-000.jpg,178.000,00:02:58.000,Quá trình huấn luyện: Backpropagation,"One training example could be a handful of words, or thousands. Either way, you pass in all but the last word from that example into the model and compare its prediction with the true last word. An algorithm called backpropagation tweaks all the parameters so the model is a little more likely to choose the true last word and a little less likely to choose the others. Do this for many trillions of examples, and the model starts to give accurate predictions even on text it's never seen before."
180,frame_000180_00-02-59-000.jpg,179.000,00:02:59.000,Quá trình huấn luyện: Backpropagation,"One training example could be a handful of words, or thousands. Either way, you pass in all but the last word from that example into the model and compare its prediction with the true last word. An algorithm called backpropagation tweaks all the parameters so the model is a little more likely to choose the true last word and a little less likely to choose the others. Do this for many trillions of examples, and the model starts to give accurate predictions even on text it's never seen before."
181,frame_000181_00-03-00-000.jpg,180.000,00:03:00.000,Quá trình huấn luyện: Backpropagation,"One training example could be a handful of words, or thousands. Either way, you pass in all but the last word from that example into the model and compare its prediction with the true last word. An algorithm called backpropagation tweaks all the parameters so the model is a little more likely to choose the true last word and a little less likely to choose the others. Do this for many trillions of examples, and the model starts to give accurate predictions even on text it's never seen before."
182,frame_000182_00-03-01-000.jpg,181.000,00:03:01.000,Quá trình huấn luyện: Backpropagation,"One training example could be a handful of words, or thousands. Either way, you pass in all but the last word from that example into the model and compare its prediction with the true last word. An algorithm called backpropagation tweaks all the parameters so the model is a little more likely to choose the true last word and a little less likely to choose the others. Do this for many trillions of examples, and the model starts to give accurate predictions even on text it's never seen before."
183,frame_000183_00-03-02-000.jpg,182.000,00:03:02.000,Quá trình huấn luyện: Backpropagation,"One training example could be a handful of words, or thousands. Either way, you pass in all but the last word from that example into the model and compare its prediction with the true last word. An algorithm called backpropagation tweaks all the parameters so the model is a little more likely to choose the true last word and a little less likely to choose the others. Do this for many trillions of examples, and the model starts to give accurate predictions even on text it's never seen before."
184,frame_000184_00-03-03-000.jpg,183.000,00:03:03.000,Quá trình huấn luyện: Backpropagation,"One training example could be a handful of words, or thousands. Either way, you pass in all but the last word from that example into the model and compare its prediction with the true last word. An algorithm called backpropagation tweaks all the parameters so the model is a little more likely to choose the true last word and a little less likely to choose the others. Do this for many trillions of examples, and the model starts to give accurate predictions even on text it's never seen before."
185,frame_000185_00-03-04-000.jpg,184.000,00:03:04.000,Quá trình huấn luyện: Backpropagation,"One training example could be a handful of words, or thousands. Either way, you pass in all but the last word from that example into the model and compare its prediction with the true last word. An algorithm called backpropagation tweaks all the parameters so the model is a little more likely to choose the true last word and a little less likely to choose the others. Do this for many trillions of examples, and the model starts to give accurate predictions even on text it's never seen before."
186,frame_000186_00-03-05-000.jpg,185.000,00:03:05.000,Quá trình huấn luyện: Backpropagation,"One training example could be a handful of words, or thousands. Either way, you pass in all but the last word from that example into the model and compare its prediction with the true last word. An algorithm called backpropagation tweaks all the parameters so the model is a little more likely to choose the true last word and a little less likely to choose the others. Do this for many trillions of examples, and the model starts to give accurate predictions even on text it's never seen before."
187,frame_000187_00-03-06-000.jpg,186.000,00:03:06.000,Quá trình huấn luyện: Backpropagation,"One training example could be a handful of words, or thousands. Either way, you pass in all but the last word from that example into the model and compare its prediction with the true last word. An algorithm called backpropagation tweaks all the parameters so the model is a little more likely to choose the true last word and a little less likely to choose the others. Do this for many trillions of examples, and the model starts to give accurate predictions even on text it's never seen before."
188,frame_000188_00-03-07-000.jpg,187.000,00:03:07.000,Quá trình huấn luyện: Backpropagation,"One training example could be a handful of words, or thousands. Either way, you pass in all but the last word from that example into the model and compare its prediction with the true last word. An algorithm called backpropagation tweaks all the parameters so the model is a little more likely to choose the true last word and a little less likely to choose the others. Do this for many trillions of examples, and the model starts to give accurate predictions even on text it's never seen before."
189,frame_000189_00-03-08-000.jpg,188.000,00:03:08.000,Quá trình huấn luyện: Backpropagation,"One training example could be a handful of words, or thousands. Either way, you pass in all but the last word from that example into the model and compare its prediction with the true last word. An algorithm called backpropagation tweaks all the parameters so the model is a little more likely to choose the true last word and a little less likely to choose the others. Do this for many trillions of examples, and the model starts to give accurate predictions even on text it's never seen before."
190,frame_000190_00-03-09-000.jpg,189.000,00:03:09.000,Quá trình huấn luyện: Backpropagation,"One training example could be a handful of words, or thousands. Either way, you pass in all but the last word from that example into the model and compare its prediction with the true last word. An algorithm called backpropagation tweaks all the parameters so the model is a little more likely to choose the true last word and a little less likely to choose the others. Do this for many trillions of examples, and the model starts to give accurate predictions even on text it's never seen before."
191,frame_000191_00-03-10-000.jpg,190.000,00:03:10.000,Quá trình huấn luyện: Backpropagation,"One training example could be a handful of words, or thousands. Either way, you pass in all but the last word from that example into the model and compare its prediction with the true last word. An algorithm called backpropagation tweaks all the parameters so the model is a little more likely to choose the true last word and a little less likely to choose the others. Do this for many trillions of examples, and the model starts to give accurate predictions even on text it's never seen before."
192,frame_000192_00-03-11-000.jpg,191.000,00:03:11.000,Quá trình huấn luyện: Backpropagation,"One training example could be a handful of words, or thousands. Either way, you pass in all but the last word from that example into the model and compare its prediction with the true last word. An algorithm called backpropagation tweaks all the parameters so the model is a little more likely to choose the true last word and a little less likely to choose the others. Do this for many trillions of examples, and the model starts to give accurate predictions even on text it's never seen before."
193,frame_000193_00-03-12-000.jpg,192.000,00:03:12.000,Quá trình huấn luyện: Backpropagation,"One training example could be a handful of words, or thousands. Either way, you pass in all but the last word from that example into the model and compare its prediction with the true last word. An algorithm called backpropagation tweaks all the parameters so the model is a little more likely to choose the true last word and a little less likely to choose the others. Do this for many trillions of examples, and the model starts to give accurate predictions even on text it's never seen before."
194,frame_000194_00-03-13-000.jpg,193.000,00:03:13.000,Quá trình huấn luyện: Backpropagation,"One training example could be a handful of words, or thousands. Either way, you pass in all but the last word from that example into the model and compare its prediction with the true last word. An algorithm called backpropagation tweaks all the parameters so the model is a little more likely to choose the true last word and a little less likely to choose the others. Do this for many trillions of examples, and the model starts to give accurate predictions even on text it's never seen before."
195,frame_000195_00-03-14-000.jpg,194.000,00:03:14.000,Quá trình huấn luyện: Backpropagation,"One training example could be a handful of words, or thousands. Either way, you pass in all but the last word from that example into the model and compare its prediction with the true last word. An algorithm called backpropagation tweaks all the parameters so the model is a little more likely to choose the true last word and a little less likely to choose the others. Do this for many trillions of examples, and the model starts to give accurate predictions even on text it's never seen before."
196,frame_000196_00-03-15-000.jpg,195.000,00:03:15.000,Quá trình huấn luyện: Backpropagation,"One training example could be a handful of words, or thousands. Either way, you pass in all but the last word from that example into the model and compare its prediction with the true last word. An algorithm called backpropagation tweaks all the parameters so the model is a little more likely to choose the true last word and a little less likely to choose the others. Do this for many trillions of examples, and the model starts to give accurate predictions even on text it's never seen before."
197,frame_000197_00-03-16-000.jpg,196.000,00:03:16.000,Quá trình huấn luyện: Backpropagation,"One training example could be a handful of words, or thousands. Either way, you pass in all but the last word from that example into the model and compare its prediction with the true last word. An algorithm called backpropagation tweaks all the parameters so the model is a little more likely to choose the true last word and a little less likely to choose the others. Do this for many trillions of examples, and the model starts to give accurate predictions even on text it's never seen before."
198,frame_000198_00-03-17-000.jpg,197.000,00:03:17.000,Quá trình huấn luyện: Backpropagation,"One training example could be a handful of words, or thousands. Either way, you pass in all but the last word from that example into the model and compare its prediction with the true last word. An algorithm called backpropagation tweaks all the parameters so the model is a little more likely to choose the true last word and a little less likely to choose the others. Do this for many trillions of examples, and the model starts to give accurate predictions even on text it's never seen before."
199,frame_000199_00-03-18-000.jpg,198.000,00:03:18.000,Quá trình huấn luyện: Backpropagation,"One training example could be a handful of words, or thousands. Either way, you pass in all but the last word from that example into the model and compare its prediction with the true last word. An algorithm called backpropagation tweaks all the parameters so the model is a little more likely to choose the true last word and a little less likely to choose the others. Do this for many trillions of examples, and the model starts to give accurate predictions even on text it's never seen before."
200,frame_000200_00-03-19-000.jpg,199.000,00:03:19.000,Quá trình huấn luyện: Backpropagation,"One training example could be a handful of words, or thousands. Either way, you pass in all but the last word from that example into the model and compare its prediction with the true last word. An algorithm called backpropagation tweaks all the parameters so the model is a little more likely to choose the true last word and a little less likely to choose the others. Do this for many trillions of examples, and the model starts to give accurate predictions even on text it's never seen before."
201,frame_000201_00-03-20-000.jpg,200.000,00:03:20.000,Quá trình huấn luyện: Backpropagation,"One training example could be a handful of words, or thousands. Either way, you pass in all but the last word from that example into the model and compare its prediction with the true last word. An algorithm called backpropagation tweaks all the parameters so the model is a little more likely to choose the true last word and a little less likely to choose the others. Do this for many trillions of examples, and the model starts to give accurate predictions even on text it's never seen before."
202,frame_000202_00-03-21-000.jpg,201.000,00:03:21.000,Quá trình huấn luyện: Backpropagation,"One training example could be a handful of words, or thousands. Either way, you pass in all but the last word from that example into the model and compare its prediction with the true last word. An algorithm called backpropagation tweaks all the parameters so the model is a little more likely to choose the true last word and a little less likely to choose the others. Do this for many trillions of examples, and the model starts to give accurate predictions even on text it's never seen before."
203,frame_000203_00-03-22-000.jpg,202.000,00:03:22.000,Quá trình huấn luyện: Backpropagation,"One training example could be a handful of words, or thousands. Either way, you pass in all but the last word from that example into the model and compare its prediction with the true last word. An algorithm called backpropagation tweaks all the parameters so the model is a little more likely to choose the true last word and a little less likely to choose the others. Do this for many trillions of examples, and the model starts to give accurate predictions even on text it's never seen before."
204,frame_000204_00-03-23-000.jpg,203.000,00:03:23.000,Quá trình huấn luyện: Backpropagation,"One training example could be a handful of words, or thousands. Either way, you pass in all but the last word from that example into the model and compare its prediction with the true last word. An algorithm called backpropagation tweaks all the parameters so the model is a little more likely to choose the true last word and a little less likely to choose the others. Do this for many trillions of examples, and the model starts to give accurate predictions even on text it's never seen before."
205,frame_000205_00-03-24-000.jpg,204.000,00:03:24.000,Quá trình huấn luyện: Backpropagation,"One training example could be a handful of words, or thousands. Either way, you pass in all but the last word from that example into the model and compare its prediction with the true last word. An algorithm called backpropagation tweaks all the parameters so the model is a little more likely to choose the true last word and a little less likely to choose the others. Do this for many trillions of examples, and the model starts to give accurate predictions even on text it's never seen before."
206,frame_000206_00-03-25-000.jpg,205.000,00:03:25.000,Quy mô tính toán (Scale of Computation),"The scale of computation involved in training a large language model is mind-boggling. Imagine you could perform one billion additions and multiplications every single second. How long would it take to do all the operations involved in training the largest language models? A year? 10,000 years? The answer is well over 100 million years."
207,frame_000207_00-03-26-000.jpg,206.000,00:03:26.000,Quy mô tính toán (Scale of Computation),"The scale of computation involved in training a large language model is mind-boggling. Imagine you could perform one billion additions and multiplications every single second. How long would it take to do all the operations involved in training the largest language models? A year? 10,000 years? The answer is well over 100 million years."
208,frame_000208_00-03-27-000.jpg,207.000,00:03:27.000,Quy mô tính toán (Scale of Computation),"The scale of computation involved in training a large language model is mind-boggling. Imagine you could perform one billion additions and multiplications every single second. How long would it take to do all the operations involved in training the largest language models? A year? 10,000 years? The answer is well over 100 million years."
209,frame_000209_00-03-28-000.jpg,208.000,00:03:28.000,Quy mô tính toán (Scale of Computation),"The scale of computation involved in training a large language model is mind-boggling. Imagine you could perform one billion additions and multiplications every single second. How long would it take to do all the operations involved in training the largest language models? A year? 10,000 years? The answer is well over 100 million years."
210,frame_000210_00-03-29-000.jpg,209.000,00:03:29.000,Quy mô tính toán (Scale of Computation),"The scale of computation involved in training a large language model is mind-boggling. Imagine you could perform one billion additions and multiplications every single second. How long would it take to do all the operations involved in training the largest language models? A year? 10,000 years? The answer is well over 100 million years."
211,frame_000211_00-03-30-000.jpg,210.000,00:03:30.000,Quy mô tính toán (Scale of Computation),"The scale of computation involved in training a large language model is mind-boggling. Imagine you could perform one billion additions and multiplications every single second. How long would it take to do all the operations involved in training the largest language models? A year? 10,000 years? The answer is well over 100 million years."
212,frame_000212_00-03-31-000.jpg,211.000,00:03:31.000,Quy mô tính toán (Scale of Computation),"The scale of computation involved in training a large language model is mind-boggling. Imagine you could perform one billion additions and multiplications every single second. How long would it take to do all the operations involved in training the largest language models? A year? 10,000 years? The answer is well over 100 million years."
213,frame_000213_00-03-32-000.jpg,212.000,00:03:32.000,Quy mô tính toán (Scale of Computation),"The scale of computation involved in training a large language model is mind-boggling. Imagine you could perform one billion additions and multiplications every single second. How long would it take to do all the operations involved in training the largest language models? A year? 10,000 years? The answer is well over 100 million years."
214,frame_000214_00-03-33-000.jpg,213.000,00:03:33.000,Quy mô tính toán (Scale of Computation),"The scale of computation involved in training a large language model is mind-boggling. Imagine you could perform one billion additions and multiplications every single second. How long would it take to do all the operations involved in training the largest language models? A year? 10,000 years? The answer is well over 100 million years."
215,frame_000215_00-03-34-000.jpg,214.000,00:03:34.000,Quy mô tính toán (Scale of Computation),"The scale of computation involved in training a large language model is mind-boggling. Imagine you could perform one billion additions and multiplications every single second. How long would it take to do all the operations involved in training the largest language models? A year? 10,000 years? The answer is well over 100 million years."
216,frame_000216_00-03-35-000.jpg,215.000,00:03:35.000,Quy mô tính toán (Scale of Computation),"The scale of computation involved in training a large language model is mind-boggling. Imagine you could perform one billion additions and multiplications every single second. How long would it take to do all the operations involved in training the largest language models? A year? 10,000 years? The answer is well over 100 million years."
217,frame_000217_00-03-36-000.jpg,216.000,00:03:36.000,Quy mô tính toán (Scale of Computation),"The scale of computation involved in training a large language model is mind-boggling. Imagine you could perform one billion additions and multiplications every single second. How long would it take to do all the operations involved in training the largest language models? A year? 10,000 years? The answer is well over 100 million years."
218,frame_000218_00-03-37-000.jpg,217.000,00:03:37.000,Quy mô tính toán (Scale of Computation),"The scale of computation involved in training a large language model is mind-boggling. Imagine you could perform one billion additions and multiplications every single second. How long would it take to do all the operations involved in training the largest language models? A year? 10,000 years? The answer is well over 100 million years."
219,frame_000219_00-03-38-000.jpg,218.000,00:03:38.000,Quy mô tính toán (Scale of Computation),"The scale of computation involved in training a large language model is mind-boggling. Imagine you could perform one billion additions and multiplications every single second. How long would it take to do all the operations involved in training the largest language models? A year? 10,000 years? The answer is well over 100 million years."
220,frame_000220_00-03-39-000.jpg,219.000,00:03:39.000,Quy mô tính toán (Scale of Computation),"The scale of computation involved in training a large language model is mind-boggling. Imagine you could perform one billion additions and multiplications every single second. How long would it take to do all the operations involved in training the largest language models? A year? 10,000 years? The answer is well over 100 million years."
221,frame_000221_00-03-40-000.jpg,220.000,00:03:40.000,Quy mô tính toán (Scale of Computation),"The scale of computation involved in training a large language model is mind-boggling. Imagine you could perform one billion additions and multiplications every single second. How long would it take to do all the operations involved in training the largest language models? A year? 10,000 years? The answer is well over 100 million years."
222,frame_000222_00-03-41-000.jpg,221.000,00:03:41.000,Quy mô tính toán (Scale of Computation),"The scale of computation involved in training a large language model is mind-boggling. Imagine you could perform one billion additions and multiplications every single second. How long would it take to do all the operations involved in training the largest language models? A year? 10,000 years? The answer is well over 100 million years."
223,frame_000223_00-03-42-000.jpg,222.000,00:03:42.000,Quy mô tính toán (Scale of Computation),"The scale of computation involved in training a large language model is mind-boggling. Imagine you could perform one billion additions and multiplications every single second. How long would it take to do all the operations involved in training the largest language models? A year? 10,000 years? The answer is well over 100 million years."
224,frame_000224_00-03-43-000.jpg,223.000,00:03:43.000,Quy mô tính toán (Scale of Computation),"The scale of computation involved in training a large language model is mind-boggling. Imagine you could perform one billion additions and multiplications every single second. How long would it take to do all the operations involved in training the largest language models? A year? 10,000 years? The answer is well over 100 million years."
225,frame_000225_00-03-44-000.jpg,224.000,00:03:44.000,Quy mô tính toán (Scale of Computation),"The scale of computation involved in training a large language model is mind-boggling. Imagine you could perform one billion additions and multiplications every single second. How long would it take to do all the operations involved in training the largest language models? A year? 10,000 years? The answer is well over 100 million years."
226,frame_000226_00-03-45-000.jpg,225.000,00:03:45.000,Quy mô tính toán (Scale of Computation),"The scale of computation involved in training a large language model is mind-boggling. Imagine you could perform one billion additions and multiplications every single second. How long would it take to do all the operations involved in training the largest language models? A year? 10,000 years? The answer is well over 100 million years."
227,frame_000227_00-03-46-000.jpg,226.000,00:03:46.000,Quy mô tính toán (Scale of Computation),"The scale of computation involved in training a large language model is mind-boggling. Imagine you could perform one billion additions and multiplications every single second. How long would it take to do all the operations involved in training the largest language models? A year? 10,000 years? The answer is well over 100 million years."
228,frame_000228_00-03-47-000.jpg,227.000,00:03:47.000,Quy mô tính toán (Scale of Computation),"The scale of computation involved in training a large language model is mind-boggling. Imagine you could perform one billion additions and multiplications every single second. How long would it take to do all the operations involved in training the largest language models? A year? 10,000 years? The answer is well over 100 million years."
229,frame_000229_00-03-48-000.jpg,228.000,00:03:48.000,Quy mô tính toán (Scale of Computation),"The scale of computation involved in training a large language model is mind-boggling. Imagine you could perform one billion additions and multiplications every single second. How long would it take to do all the operations involved in training the largest language models? A year? 10,000 years? The answer is well over 100 million years."
230,frame_000230_00-03-49-000.jpg,229.000,00:03:49.000,Quy mô tính toán (Scale of Computation),"The scale of computation involved in training a large language model is mind-boggling. Imagine you could perform one billion additions and multiplications every single second. How long would it take to do all the operations involved in training the largest language models? A year? 10,000 years? The answer is well over 100 million years."
231,frame_000231_00-03-50-000.jpg,230.000,00:03:50.000,Quy mô tính toán (Scale of Computation),"The scale of computation involved in training a large language model is mind-boggling. Imagine you could perform one billion additions and multiplications every single second. How long would it take to do all the operations involved in training the largest language models? A year? 10,000 years? The answer is well over 100 million years."
232,frame_000232_00-03-51-000.jpg,231.000,00:03:51.000,Quy mô tính toán (Scale of Computation),"The scale of computation involved in training a large language model is mind-boggling. Imagine you could perform one billion additions and multiplications every single second. How long would it take to do all the operations involved in training the largest language models? A year? 10,000 years? The answer is well over 100 million years."
233,frame_000233_00-03-52-000.jpg,232.000,00:03:52.000,Quy mô tính toán (Scale of Computation),"The scale of computation involved in training a large language model is mind-boggling. Imagine you could perform one billion additions and multiplications every single second. How long would it take to do all the operations involved in training the largest language models? A year? 10,000 years? The answer is well over 100 million years."
234,frame_000234_00-03-53-000.jpg,233.000,00:03:53.000,Quy mô tính toán (Scale of Computation),"The scale of computation involved in training a large language model is mind-boggling. Imagine you could perform one billion additions and multiplications every single second. How long would it take to do all the operations involved in training the largest language models? A year? 10,000 years? The answer is well over 100 million years."
235,frame_000235_00-03-54-000.jpg,234.000,00:03:54.000,Quy mô tính toán (Scale of Computation),"The scale of computation involved in training a large language model is mind-boggling. Imagine you could perform one billion additions and multiplications every single second. How long would it take to do all the operations involved in training the largest language models? A year? 10,000 years? The answer is well over 100 million years."
236,frame_000236_00-03-55-000.jpg,235.000,00:03:55.000,Quy mô tính toán (Scale of Computation),"The scale of computation involved in training a large language model is mind-boggling. Imagine you could perform one billion additions and multiplications every single second. How long would it take to do all the operations involved in training the largest language models? A year? 10,000 years? The answer is well over 100 million years."
237,frame_000237_00-03-56-000.jpg,236.000,00:03:56.000,Quy mô tính toán (Scale of Computation),"The scale of computation involved in training a large language model is mind-boggling. Imagine you could perform one billion additions and multiplications every single second. How long would it take to do all the operations involved in training the largest language models? A year? 10,000 years? The answer is well over 100 million years."
238,frame_000238_00-03-57-000.jpg,237.000,00:03:57.000,Quy mô tính toán (Scale of Computation),"The scale of computation involved in training a large language model is mind-boggling. Imagine you could perform one billion additions and multiplications every single second. How long would it take to do all the operations involved in training the largest language models? A year? 10,000 years? The answer is well over 100 million years."
239,frame_000239_00-03-58-000.jpg,238.000,00:03:58.000,Quy mô tính toán (Scale of Computation),"The scale of computation involved in training a large language model is mind-boggling. Imagine you could perform one billion additions and multiplications every single second. How long would it take to do all the operations involved in training the largest language models? A year? 10,000 years? The answer is well over 100 million years."
240,frame_000240_00-03-59-000.jpg,239.000,00:03:59.000,Quy mô tính toán (Scale of Computation),"The scale of computation involved in training a large language model is mind-boggling. Imagine you could perform one billion additions and multiplications every single second. How long would it take to do all the operations involved in training the largest language models? A year? 10,000 years? The answer is well over 100 million years."
241,frame_000241_00-04-00-000.jpg,240.000,00:04:00.000,Quy mô tính toán (Scale of Computation),"The scale of computation involved in training a large language model is mind-boggling. Imagine you could perform one billion additions and multiplications every single second. How long would it take to do all the operations involved in training the largest language models? A year? 10,000 years? The answer is well over 100 million years."
242,frame_000242_00-04-01-000.jpg,241.000,00:04:01.000,Quy mô tính toán (Scale of Computation),"The scale of computation involved in training a large language model is mind-boggling. Imagine you could perform one billion additions and multiplications every single second. How long would it take to do all the operations involved in training the largest language models? A year? 10,000 years? The answer is well over 100 million years."
243,frame_000243_00-04-02-000.jpg,242.000,00:04:02.000,Quy mô tính toán (Scale of Computation),"The scale of computation involved in training a large language model is mind-boggling. Imagine you could perform one billion additions and multiplications every single second. How long would it take to do all the operations involved in training the largest language models? A year? 10,000 years? The answer is well over 100 million years."
244,frame_000244_00-04-03-000.jpg,243.000,00:04:03.000,Quy mô tính toán (Scale of Computation),"The scale of computation involved in training a large language model is mind-boggling. Imagine you could perform one billion additions and multiplications every single second. How long would it take to do all the operations involved in training the largest language models? A year? 10,000 years? The answer is well over 100 million years."
245,frame_000245_00-04-04-000.jpg,244.000,00:04:04.000,Quy mô tính toán (Scale of Computation),"The scale of computation involved in training a large language model is mind-boggling. Imagine you could perform one billion additions and multiplications every single second. How long would it take to do all the operations involved in training the largest language models? A year? 10,000 years? The answer is well over 100 million years."
246,frame_000246_00-04-05-000.jpg,245.000,00:04:05.000,Quy mô tính toán (Scale of Computation),"The scale of computation involved in training a large language model is mind-boggling. Imagine you could perform one billion additions and multiplications every single second. How long would it take to do all the operations involved in training the largest language models? A year? 10,000 years? The answer is well over 100 million years."
247,frame_000247_00-04-06-000.jpg,246.000,00:04:06.000,Quy mô tính toán (Scale of Computation),"The scale of computation involved in training a large language model is mind-boggling. Imagine you could perform one billion additions and multiplications every single second. How long would it take to do all the operations involved in training the largest language models? A year? 10,000 years? The answer is well over 100 million years."
248,frame_000248_00-04-07-000.jpg,247.000,00:04:07.000,Quy mô tính toán (Scale of Computation),"The scale of computation involved in training a large language model is mind-boggling. Imagine you could perform one billion additions and multiplications every single second. How long would it take to do all the operations involved in training the largest language models? A year? 10,000 years? The answer is well over 100 million years."
249,frame_000249_00-04-08-000.jpg,248.000,00:04:08.000,Quy mô tính toán (Scale of Computation),"The scale of computation involved in training a large language model is mind-boggling. Imagine you could perform one billion additions and multiplications every single second. How long would it take to do all the operations involved in training the largest language models? A year? 10,000 years? The answer is well over 100 million years."
250,frame_000250_00-04-09-000.jpg,249.000,00:04:09.000,Quy mô tính toán (Scale of Computation),"The scale of computation involved in training a large language model is mind-boggling. Imagine you could perform one billion additions and multiplications every single second. How long would it take to do all the operations involved in training the largest language models? A year? 10,000 years? The answer is well over 100 million years."
251,frame_000251_00-04-10-000.jpg,250.000,00:04:10.000,RLHF: Tinh chỉnh để trở thành trợ lý,"This is only part of the story. This whole process is called pre-training. The goal of auto-completing a random passage from the internet is very different from being a good AI assistant. To address this, chatbots undergo another type of training called Reinforcement Learning with Human Feedback (RLHF). Workers flag unhelpful or problematic predictions, and their corrections further change the model's parameters, making it more likely to give predictions users prefer."
252,frame_000252_00-04-11-000.jpg,251.000,00:04:11.000,RLHF: Tinh chỉnh để trở thành trợ lý,"This is only part of the story. This whole process is called pre-training. The goal of auto-completing a random passage from the internet is very different from being a good AI assistant. To address this, chatbots undergo another type of training called Reinforcement Learning with Human Feedback (RLHF). Workers flag unhelpful or problematic predictions, and their corrections further change the model's parameters, making it more likely to give predictions users prefer."
253,frame_000253_00-04-12-000.jpg,252.000,00:04:12.000,RLHF: Tinh chỉnh để trở thành trợ lý,"This is only part of the story. This whole process is called pre-training. The goal of auto-completing a random passage from the internet is very different from being a good AI assistant. To address this, chatbots undergo another type of training called Reinforcement Learning with Human Feedback (RLHF). Workers flag unhelpful or problematic predictions, and their corrections further change the model's parameters, making it more likely to give predictions users prefer."
254,frame_000254_00-04-13-000.jpg,253.000,00:04:13.000,RLHF: Tinh chỉnh để trở thành trợ lý,"This is only part of the story. This whole process is called pre-training. The goal of auto-completing a random passage from the internet is very different from being a good AI assistant. To address this, chatbots undergo another type of training called Reinforcement Learning with Human Feedback (RLHF). Workers flag unhelpful or problematic predictions, and their corrections further change the model's parameters, making it more likely to give predictions users prefer."
255,frame_000255_00-04-14-000.jpg,254.000,00:04:14.000,RLHF: Tinh chỉnh để trở thành trợ lý,"This is only part of the story. This whole process is called pre-training. The goal of auto-completing a random passage from the internet is very different from being a good AI assistant. To address this, chatbots undergo another type of training called Reinforcement Learning with Human Feedback (RLHF). Workers flag unhelpful or problematic predictions, and their corrections further change the model's parameters, making it more likely to give predictions users prefer."
256,frame_000256_00-04-15-000.jpg,255.000,00:04:15.000,RLHF: Tinh chỉnh để trở thành trợ lý,"This is only part of the story. This whole process is called pre-training. The goal of auto-completing a random passage from the internet is very different from being a good AI assistant. To address this, chatbots undergo another type of training called Reinforcement Learning with Human Feedback (RLHF). Workers flag unhelpful or problematic predictions, and their corrections further change the model's parameters, making it more likely to give predictions users prefer."
257,frame_000257_00-04-16-000.jpg,256.000,00:04:16.000,RLHF: Tinh chỉnh để trở thành trợ lý,"This is only part of the story. This whole process is called pre-training. The goal of auto-completing a random passage from the internet is very different from being a good AI assistant. To address this, chatbots undergo another type of training called Reinforcement Learning with Human Feedback (RLHF). Workers flag unhelpful or problematic predictions, and their corrections further change the model's parameters, making it more likely to give predictions users prefer."
258,frame_000258_00-04-17-000.jpg,257.000,00:04:17.000,RLHF: Tinh chỉnh để trở thành trợ lý,"This is only part of the story. This whole process is called pre-training. The goal of auto-completing a random passage from the internet is very different from being a good AI assistant. To address this, chatbots undergo another type of training called Reinforcement Learning with Human Feedback (RLHF). Workers flag unhelpful or problematic predictions, and their corrections further change the model's parameters, making it more likely to give predictions users prefer."
259,frame_000259_00-04-18-000.jpg,258.000,00:04:18.000,RLHF: Tinh chỉnh để trở thành trợ lý,"This is only part of the story. This whole process is called pre-training. The goal of auto-completing a random passage from the internet is very different from being a good AI assistant. To address this, chatbots undergo another type of training called Reinforcement Learning with Human Feedback (RLHF). Workers flag unhelpful or problematic predictions, and their corrections further change the model's parameters, making it more likely to give predictions users prefer."
260,frame_000260_00-04-19-000.jpg,259.000,00:04:19.000,RLHF: Tinh chỉnh để trở thành trợ lý,"This is only part of the story. This whole process is called pre-training. The goal of auto-completing a random passage from the internet is very different from being a good AI assistant. To address this, chatbots undergo another type of training called Reinforcement Learning with Human Feedback (RLHF). Workers flag unhelpful or problematic predictions, and their corrections further change the model's parameters, making it more likely to give predictions users prefer."
261,frame_000261_00-04-20-000.jpg,260.000,00:04:20.000,RLHF: Tinh chỉnh để trở thành trợ lý,"This is only part of the story. This whole process is called pre-training. The goal of auto-completing a random passage from the internet is very different from being a good AI assistant. To address this, chatbots undergo another type of training called Reinforcement Learning with Human Feedback (RLHF). Workers flag unhelpful or problematic predictions, and their corrections further change the model's parameters, making it more likely to give predictions users prefer."
262,frame_000262_00-04-21-000.jpg,261.000,00:04:21.000,RLHF: Tinh chỉnh để trở thành trợ lý,"This is only part of the story. This whole process is called pre-training. The goal of auto-completing a random passage from the internet is very different from being a good AI assistant. To address this, chatbots undergo another type of training called Reinforcement Learning with Human Feedback (RLHF). Workers flag unhelpful or problematic predictions, and their corrections further change the model's parameters, making it more likely to give predictions users prefer."
263,frame_000263_00-04-22-000.jpg,262.000,00:04:22.000,RLHF: Tinh chỉnh để trở thành trợ lý,"This is only part of the story. This whole process is called pre-training. The goal of auto-completing a random passage from the internet is very different from being a good AI assistant. To address this, chatbots undergo another type of training called Reinforcement Learning with Human Feedback (RLHF). Workers flag unhelpful or problematic predictions, and their corrections further change the model's parameters, making it more likely to give predictions users prefer."
264,frame_000264_00-04-23-000.jpg,263.000,00:04:23.000,RLHF: Tinh chỉnh để trở thành trợ lý,"This is only part of the story. This whole process is called pre-training. The goal of auto-completing a random passage from the internet is very different from being a good AI assistant. To address this, chatbots undergo another type of training called Reinforcement Learning with Human Feedback (RLHF). Workers flag unhelpful or problematic predictions, and their corrections further change the model's parameters, making it more likely to give predictions users prefer."
265,frame_000265_00-04-24-000.jpg,264.000,00:04:24.000,RLHF: Tinh chỉnh để trở thành trợ lý,"This is only part of the story. This whole process is called pre-training. The goal of auto-completing a random passage from the internet is very different from being a good AI assistant. To address this, chatbots undergo another type of training called Reinforcement Learning with Human Feedback (RLHF). Workers flag unhelpful or problematic predictions, and their corrections further change the model's parameters, making it more likely to give predictions users prefer."
266,frame_000266_00-04-25-000.jpg,265.000,00:04:25.000,RLHF: Tinh chỉnh để trở thành trợ lý,"This is only part of the story. This whole process is called pre-training. The goal of auto-completing a random passage from the internet is very different from being a good AI assistant. To address this, chatbots undergo another type of training called Reinforcement Learning with Human Feedback (RLHF). Workers flag unhelpful or problematic predictions, and their corrections further change the model's parameters, making it more likely to give predictions users prefer."
267,frame_000267_00-04-26-000.jpg,266.000,00:04:26.000,RLHF: Tinh chỉnh để trở thành trợ lý,"This is only part of the story. This whole process is called pre-training. The goal of auto-completing a random passage from the internet is very different from being a good AI assistant. To address this, chatbots undergo another type of training called Reinforcement Learning with Human Feedback (RLHF). Workers flag unhelpful or problematic predictions, and their corrections further change the model's parameters, making it more likely to give predictions users prefer."
268,frame_000268_00-04-27-000.jpg,267.000,00:04:27.000,RLHF: Tinh chỉnh để trở thành trợ lý,"This is only part of the story. This whole process is called pre-training. The goal of auto-completing a random passage from the internet is very different from being a good AI assistant. To address this, chatbots undergo another type of training called Reinforcement Learning with Human Feedback (RLHF). Workers flag unhelpful or problematic predictions, and their corrections further change the model's parameters, making it more likely to give predictions users prefer."
269,frame_000269_00-04-28-000.jpg,268.000,00:04:28.000,RLHF: Tinh chỉnh để trở thành trợ lý,"This is only part of the story. This whole process is called pre-training. The goal of auto-completing a random passage from the internet is very different from being a good AI assistant. To address this, chatbots undergo another type of training called Reinforcement Learning with Human Feedback (RLHF). Workers flag unhelpful or problematic predictions, and their corrections further change the model's parameters, making it more likely to give predictions users prefer."
270,frame_000270_00-04-29-000.jpg,269.000,00:04:29.000,RLHF: Tinh chỉnh để trở thành trợ lý,"This is only part of the story. This whole process is called pre-training. The goal of auto-completing a random passage from the internet is very different from being a good AI assistant. To address this, chatbots undergo another type of training called Reinforcement Learning with Human Feedback (RLHF). Workers flag unhelpful or problematic predictions, and their corrections further change the model's parameters, making it more likely to give predictions users prefer."
271,frame_000271_00-04-30-000.jpg,270.000,00:04:30.000,RLHF: Tinh chỉnh để trở thành trợ lý,"This is only part of the story. This whole process is called pre-training. The goal of auto-completing a random passage from the internet is very different from being a good AI assistant. To address this, chatbots undergo another type of training called Reinforcement Learning with Human Feedback (RLHF). Workers flag unhelpful or problematic predictions, and their corrections further change the model's parameters, making it more likely to give predictions users prefer."
272,frame_000272_00-04-31-000.jpg,271.000,00:04:31.000,RLHF: Tinh chỉnh để trở thành trợ lý,"This is only part of the story. This whole process is called pre-training. The goal of auto-completing a random passage from the internet is very different from being a good AI assistant. To address this, chatbots undergo another type of training called Reinforcement Learning with Human Feedback (RLHF). Workers flag unhelpful or problematic predictions, and their corrections further change the model's parameters, making it more likely to give predictions users prefer."
273,frame_000273_00-04-32-000.jpg,272.000,00:04:32.000,RLHF: Tinh chỉnh để trở thành trợ lý,"This is only part of the story. This whole process is called pre-training. The goal of auto-completing a random passage from the internet is very different from being a good AI assistant. To address this, chatbots undergo another type of training called Reinforcement Learning with Human Feedback (RLHF). Workers flag unhelpful or problematic predictions, and their corrections further change the model's parameters, making it more likely to give predictions users prefer."
274,frame_000274_00-04-33-000.jpg,273.000,00:04:33.000,RLHF: Tinh chỉnh để trở thành trợ lý,"This is only part of the story. This whole process is called pre-training. The goal of auto-completing a random passage from the internet is very different from being a good AI assistant. To address this, chatbots undergo another type of training called Reinforcement Learning with Human Feedback (RLHF). Workers flag unhelpful or problematic predictions, and their corrections further change the model's parameters, making it more likely to give predictions users prefer."
275,frame_000275_00-04-34-000.jpg,274.000,00:04:34.000,RLHF: Tinh chỉnh để trở thành trợ lý,"This is only part of the story. This whole process is called pre-training. The goal of auto-completing a random passage from the internet is very different from being a good AI assistant. To address this, chatbots undergo another type of training called Reinforcement Learning with Human Feedback (RLHF). Workers flag unhelpful or problematic predictions, and their corrections further change the model's parameters, making it more likely to give predictions users prefer."
276,frame_000276_00-04-35-000.jpg,275.000,00:04:35.000,RLHF: Tinh chỉnh để trở thành trợ lý,"This is only part of the story. This whole process is called pre-training. The goal of auto-completing a random passage from the internet is very different from being a good AI assistant. To address this, chatbots undergo another type of training called Reinforcement Learning with Human Feedback (RLHF). Workers flag unhelpful or problematic predictions, and their corrections further change the model's parameters, making it more likely to give predictions users prefer."
277,frame_000277_00-04-36-000.jpg,276.000,00:04:36.000,RLHF: Tinh chỉnh để trở thành trợ lý,"This is only part of the story. This whole process is called pre-training. The goal of auto-completing a random passage from the internet is very different from being a good AI assistant. To address this, chatbots undergo another type of training called Reinforcement Learning with Human Feedback (RLHF). Workers flag unhelpful or problematic predictions, and their corrections further change the model's parameters, making it more likely to give predictions users prefer."
278,frame_000278_00-04-37-000.jpg,277.000,00:04:37.000,RLHF: Tinh chỉnh để trở thành trợ lý,"This is only part of the story. This whole process is called pre-training. The goal of auto-completing a random passage from the internet is very different from being a good AI assistant. To address this, chatbots undergo another type of training called Reinforcement Learning with Human Feedback (RLHF). Workers flag unhelpful or problematic predictions, and their corrections further change the model's parameters, making it more likely to give predictions users prefer."
279,frame_000279_00-04-38-000.jpg,278.000,00:04:38.000,RLHF: Tinh chỉnh để trở thành trợ lý,"This is only part of the story. This whole process is called pre-training. The goal of auto-completing a random passage from the internet is very different from being a good AI assistant. To address this, chatbots undergo another type of training called Reinforcement Learning with Human Feedback (RLHF). Workers flag unhelpful or problematic predictions, and their corrections further change the model's parameters, making it more likely to give predictions users prefer."
280,frame_000280_00-04-39-000.jpg,279.000,00:04:39.000,RLHF: Tinh chỉnh để trở thành trợ lý,"This is only part of the story. This whole process is called pre-training. The goal of auto-completing a random passage from the internet is very different from being a good AI assistant. To address this, chatbots undergo another type of training called Reinforcement Learning with Human Feedback (RLHF). Workers flag unhelpful or problematic predictions, and their corrections further change the model's parameters, making it more likely to give predictions users prefer."
281,frame_000281_00-04-40-000.jpg,280.000,00:04:40.000,RLHF: Tinh chỉnh để trở thành trợ lý,"This is only part of the story. This whole process is called pre-training. The goal of auto-completing a random passage from the internet is very different from being a good AI assistant. To address this, chatbots undergo another type of training called Reinforcement Learning with Human Feedback (RLHF). Workers flag unhelpful or problematic predictions, and their corrections further change the model's parameters, making it more likely to give predictions users prefer."
282,frame_000282_00-04-41-000.jpg,281.000,00:04:41.000,RLHF: Tinh chỉnh để trở thành trợ lý,"This is only part of the story. This whole process is called pre-training. The goal of auto-completing a random passage from the internet is very different from being a good AI assistant. To address this, chatbots undergo another type of training called Reinforcement Learning with Human Feedback (RLHF). Workers flag unhelpful or problematic predictions, and their corrections further change the model's parameters, making it more likely to give predictions users prefer."
283,frame_000283_00-04-42-000.jpg,282.000,00:04:42.000,RLHF: Tinh chỉnh để trở thành trợ lý,"This is only part of the story. This whole process is called pre-training. The goal of auto-completing a random passage from the internet is very different from being a good AI assistant. To address this, chatbots undergo another type of training called Reinforcement Learning with Human Feedback (RLHF). Workers flag unhelpful or problematic predictions, and their corrections further change the model's parameters, making it more likely to give predictions users prefer."
284,frame_000284_00-04-43-000.jpg,283.000,00:04:43.000,RLHF: Tinh chỉnh để trở thành trợ lý,"This is only part of the story. This whole process is called pre-training. The goal of auto-completing a random passage from the internet is very different from being a good AI assistant. To address this, chatbots undergo another type of training called Reinforcement Learning with Human Feedback (RLHF). Workers flag unhelpful or problematic predictions, and their corrections further change the model's parameters, making it more likely to give predictions users prefer."
285,frame_000285_00-04-44-000.jpg,284.000,00:04:44.000,RLHF: Tinh chỉnh để trở thành trợ lý,"This is only part of the story. This whole process is called pre-training. The goal of auto-completing a random passage from the internet is very different from being a good AI assistant. To address this, chatbots undergo another type of training called Reinforcement Learning with Human Feedback (RLHF). Workers flag unhelpful or problematic predictions, and their corrections further change the model's parameters, making it more likely to give predictions users prefer."
286,frame_000286_00-04-45-000.jpg,285.000,00:04:45.000,RLHF: Tinh chỉnh để trở thành trợ lý,"This is only part of the story. This whole process is called pre-training. The goal of auto-completing a random passage from the internet is very different from being a good AI assistant. To address this, chatbots undergo another type of training called Reinforcement Learning with Human Feedback (RLHF). Workers flag unhelpful or problematic predictions, and their corrections further change the model's parameters, making it more likely to give predictions users prefer."
287,frame_000287_00-04-46-000.jpg,286.000,00:04:46.000,RLHF: Tinh chỉnh để trở thành trợ lý,"This is only part of the story. This whole process is called pre-training. The goal of auto-completing a random passage from the internet is very different from being a good AI assistant. To address this, chatbots undergo another type of training called Reinforcement Learning with Human Feedback (RLHF). Workers flag unhelpful or problematic predictions, and their corrections further change the model's parameters, making it more likely to give predictions users prefer."
288,frame_000288_00-04-47-000.jpg,287.000,00:04:47.000,RLHF: Tinh chỉnh để trở thành trợ lý,"This is only part of the story. This whole process is called pre-training. The goal of auto-completing a random passage from the internet is very different from being a good AI assistant. To address this, chatbots undergo another type of training called Reinforcement Learning with Human Feedback (RLHF). Workers flag unhelpful or problematic predictions, and their corrections further change the model's parameters, making it more likely to give predictions users prefer."
289,frame_000289_00-04-48-000.jpg,288.000,00:04:48.000,RLHF: Tinh chỉnh để trở thành trợ lý,"This is only part of the story. This whole process is called pre-training. The goal of auto-completing a random passage from the internet is very different from being a good AI assistant. To address this, chatbots undergo another type of training called Reinforcement Learning with Human Feedback (RLHF). Workers flag unhelpful or problematic predictions, and their corrections further change the model's parameters, making it more likely to give predictions users prefer."
290,frame_000290_00-04-49-000.jpg,289.000,00:04:49.000,RLHF: Tinh chỉnh để trở thành trợ lý,"This is only part of the story. This whole process is called pre-training. The goal of auto-completing a random passage from the internet is very different from being a good AI assistant. To address this, chatbots undergo another type of training called Reinforcement Learning with Human Feedback (RLHF). Workers flag unhelpful or problematic predictions, and their corrections further change the model's parameters, making it more likely to give predictions users prefer."
291,frame_000291_00-04-50-000.jpg,290.000,00:04:50.000,Kiến trúc Transformer,"This staggering amount of computation is only made possible by special computer chips optimized for running many operations in parallel, known as GPUs. But not all language models can be easily parallelized. Prior to 2017, most language models processed text one word at a time. Then a team at Google introduced a new model known as the Transformer. Transformers don't read text start to finish; they soak it all in at once, in parallel. The first step inside a transformer is to associate each word with a long list of numbers, because the training process only works with continuous values, and each list of numbers may somehow encode the meaning of the word."
292,frame_000292_00-04-51-000.jpg,291.000,00:04:51.000,Kiến trúc Transformer,"This staggering amount of computation is only made possible by special computer chips optimized for running many operations in parallel, known as GPUs. But not all language models can be easily parallelized. Prior to 2017, most language models processed text one word at a time. Then a team at Google introduced a new model known as the Transformer. Transformers don't read text start to finish; they soak it all in at once, in parallel. The first step inside a transformer is to associate each word with a long list of numbers, because the training process only works with continuous values, and each list of numbers may somehow encode the meaning of the word."
293,frame_000293_00-04-52-000.jpg,292.000,00:04:52.000,Kiến trúc Transformer,"This staggering amount of computation is only made possible by special computer chips optimized for running many operations in parallel, known as GPUs. But not all language models can be easily parallelized. Prior to 2017, most language models processed text one word at a time. Then a team at Google introduced a new model known as the Transformer. Transformers don't read text start to finish; they soak it all in at once, in parallel. The first step inside a transformer is to associate each word with a long list of numbers, because the training process only works with continuous values, and each list of numbers may somehow encode the meaning of the word."
294,frame_000294_00-04-53-000.jpg,293.000,00:04:53.000,Kiến trúc Transformer,"This staggering amount of computation is only made possible by special computer chips optimized for running many operations in parallel, known as GPUs. But not all language models can be easily parallelized. Prior to 2017, most language models processed text one word at a time. Then a team at Google introduced a new model known as the Transformer. Transformers don't read text start to finish; they soak it all in at once, in parallel. The first step inside a transformer is to associate each word with a long list of numbers, because the training process only works with continuous values, and each list of numbers may somehow encode the meaning of the word."
295,frame_000295_00-04-54-000.jpg,294.000,00:04:54.000,Kiến trúc Transformer,"This staggering amount of computation is only made possible by special computer chips optimized for running many operations in parallel, known as GPUs. But not all language models can be easily parallelized. Prior to 2017, most language models processed text one word at a time. Then a team at Google introduced a new model known as the Transformer. Transformers don't read text start to finish; they soak it all in at once, in parallel. The first step inside a transformer is to associate each word with a long list of numbers, because the training process only works with continuous values, and each list of numbers may somehow encode the meaning of the word."
296,frame_000296_00-04-55-000.jpg,295.000,00:04:55.000,Kiến trúc Transformer,"This staggering amount of computation is only made possible by special computer chips optimized for running many operations in parallel, known as GPUs. But not all language models can be easily parallelized. Prior to 2017, most language models processed text one word at a time. Then a team at Google introduced a new model known as the Transformer. Transformers don't read text start to finish; they soak it all in at once, in parallel. The first step inside a transformer is to associate each word with a long list of numbers, because the training process only works with continuous values, and each list of numbers may somehow encode the meaning of the word."
297,frame_000297_00-04-56-000.jpg,296.000,00:04:56.000,Kiến trúc Transformer,"This staggering amount of computation is only made possible by special computer chips optimized for running many operations in parallel, known as GPUs. But not all language models can be easily parallelized. Prior to 2017, most language models processed text one word at a time. Then a team at Google introduced a new model known as the Transformer. Transformers don't read text start to finish; they soak it all in at once, in parallel. The first step inside a transformer is to associate each word with a long list of numbers, because the training process only works with continuous values, and each list of numbers may somehow encode the meaning of the word."
298,frame_000298_00-04-57-000.jpg,297.000,00:04:57.000,Kiến trúc Transformer,"This staggering amount of computation is only made possible by special computer chips optimized for running many operations in parallel, known as GPUs. But not all language models can be easily parallelized. Prior to 2017, most language models processed text one word at a time. Then a team at Google introduced a new model known as the Transformer. Transformers don't read text start to finish; they soak it all in at once, in parallel. The first step inside a transformer is to associate each word with a long list of numbers, because the training process only works with continuous values, and each list of numbers may somehow encode the meaning of the word."
299,frame_000299_00-04-58-000.jpg,298.000,00:04:58.000,Kiến trúc Transformer,"This staggering amount of computation is only made possible by special computer chips optimized for running many operations in parallel, known as GPUs. But not all language models can be easily parallelized. Prior to 2017, most language models processed text one word at a time. Then a team at Google introduced a new model known as the Transformer. Transformers don't read text start to finish; they soak it all in at once, in parallel. The first step inside a transformer is to associate each word with a long list of numbers, because the training process only works with continuous values, and each list of numbers may somehow encode the meaning of the word."
300,frame_000300_00-04-59-000.jpg,299.000,00:04:59.000,Kiến trúc Transformer,"This staggering amount of computation is only made possible by special computer chips optimized for running many operations in parallel, known as GPUs. But not all language models can be easily parallelized. Prior to 2017, most language models processed text one word at a time. Then a team at Google introduced a new model known as the Transformer. Transformers don't read text start to finish; they soak it all in at once, in parallel. The first step inside a transformer is to associate each word with a long list of numbers, because the training process only works with continuous values, and each list of numbers may somehow encode the meaning of the word."
301,frame_000301_00-05-00-000.jpg,300.000,00:05:00.000,Kiến trúc Transformer,"This staggering amount of computation is only made possible by special computer chips optimized for running many operations in parallel, known as GPUs. But not all language models can be easily parallelized. Prior to 2017, most language models processed text one word at a time. Then a team at Google introduced a new model known as the Transformer. Transformers don't read text start to finish; they soak it all in at once, in parallel. The first step inside a transformer is to associate each word with a long list of numbers, because the training process only works with continuous values, and each list of numbers may somehow encode the meaning of the word."
302,frame_000302_00-05-01-000.jpg,301.000,00:05:01.000,Kiến trúc Transformer,"This staggering amount of computation is only made possible by special computer chips optimized for running many operations in parallel, known as GPUs. But not all language models can be easily parallelized. Prior to 2017, most language models processed text one word at a time. Then a team at Google introduced a new model known as the Transformer. Transformers don't read text start to finish; they soak it all in at once, in parallel. The first step inside a transformer is to associate each word with a long list of numbers, because the training process only works with continuous values, and each list of numbers may somehow encode the meaning of the word."
303,frame_000303_00-05-02-000.jpg,302.000,00:05:02.000,Kiến trúc Transformer,"This staggering amount of computation is only made possible by special computer chips optimized for running many operations in parallel, known as GPUs. But not all language models can be easily parallelized. Prior to 2017, most language models processed text one word at a time. Then a team at Google introduced a new model known as the Transformer. Transformers don't read text start to finish; they soak it all in at once, in parallel. The first step inside a transformer is to associate each word with a long list of numbers, because the training process only works with continuous values, and each list of numbers may somehow encode the meaning of the word."
304,frame_000304_00-05-03-000.jpg,303.000,00:05:03.000,Kiến trúc Transformer,"This staggering amount of computation is only made possible by special computer chips optimized for running many operations in parallel, known as GPUs. But not all language models can be easily parallelized. Prior to 2017, most language models processed text one word at a time. Then a team at Google introduced a new model known as the Transformer. Transformers don't read text start to finish; they soak it all in at once, in parallel. The first step inside a transformer is to associate each word with a long list of numbers, because the training process only works with continuous values, and each list of numbers may somehow encode the meaning of the word."
305,frame_000305_00-05-04-000.jpg,304.000,00:05:04.000,Kiến trúc Transformer,"This staggering amount of computation is only made possible by special computer chips optimized for running many operations in parallel, known as GPUs. But not all language models can be easily parallelized. Prior to 2017, most language models processed text one word at a time. Then a team at Google introduced a new model known as the Transformer. Transformers don't read text start to finish; they soak it all in at once, in parallel. The first step inside a transformer is to associate each word with a long list of numbers, because the training process only works with continuous values, and each list of numbers may somehow encode the meaning of the word."
306,frame_000306_00-05-05-000.jpg,305.000,00:05:05.000,Kiến trúc Transformer,"This staggering amount of computation is only made possible by special computer chips optimized for running many operations in parallel, known as GPUs. But not all language models can be easily parallelized. Prior to 2017, most language models processed text one word at a time. Then a team at Google introduced a new model known as the Transformer. Transformers don't read text start to finish; they soak it all in at once, in parallel. The first step inside a transformer is to associate each word with a long list of numbers, because the training process only works with continuous values, and each list of numbers may somehow encode the meaning of the word."
307,frame_000307_00-05-06-000.jpg,306.000,00:05:06.000,Kiến trúc Transformer,"This staggering amount of computation is only made possible by special computer chips optimized for running many operations in parallel, known as GPUs. But not all language models can be easily parallelized. Prior to 2017, most language models processed text one word at a time. Then a team at Google introduced a new model known as the Transformer. Transformers don't read text start to finish; they soak it all in at once, in parallel. The first step inside a transformer is to associate each word with a long list of numbers, because the training process only works with continuous values, and each list of numbers may somehow encode the meaning of the word."
308,frame_000308_00-05-07-000.jpg,307.000,00:05:07.000,Kiến trúc Transformer,"This staggering amount of computation is only made possible by special computer chips optimized for running many operations in parallel, known as GPUs. But not all language models can be easily parallelized. Prior to 2017, most language models processed text one word at a time. Then a team at Google introduced a new model known as the Transformer. Transformers don't read text start to finish; they soak it all in at once, in parallel. The first step inside a transformer is to associate each word with a long list of numbers, because the training process only works with continuous values, and each list of numbers may somehow encode the meaning of the word."
309,frame_000309_00-05-08-000.jpg,308.000,00:05:08.000,Kiến trúc Transformer,"This staggering amount of computation is only made possible by special computer chips optimized for running many operations in parallel, known as GPUs. But not all language models can be easily parallelized. Prior to 2017, most language models processed text one word at a time. Then a team at Google introduced a new model known as the Transformer. Transformers don't read text start to finish; they soak it all in at once, in parallel. The first step inside a transformer is to associate each word with a long list of numbers, because the training process only works with continuous values, and each list of numbers may somehow encode the meaning of the word."
310,frame_000310_00-05-09-000.jpg,309.000,00:05:09.000,Kiến trúc Transformer,"This staggering amount of computation is only made possible by special computer chips optimized for running many operations in parallel, known as GPUs. But not all language models can be easily parallelized. Prior to 2017, most language models processed text one word at a time. Then a team at Google introduced a new model known as the Transformer. Transformers don't read text start to finish; they soak it all in at once, in parallel. The first step inside a transformer is to associate each word with a long list of numbers, because the training process only works with continuous values, and each list of numbers may somehow encode the meaning of the word."
311,frame_000311_00-05-10-000.jpg,310.000,00:05:10.000,Kiến trúc Transformer,"This staggering amount of computation is only made possible by special computer chips optimized for running many operations in parallel, known as GPUs. But not all language models can be easily parallelized. Prior to 2017, most language models processed text one word at a time. Then a team at Google introduced a new model known as the Transformer. Transformers don't read text start to finish; they soak it all in at once, in parallel. The first step inside a transformer is to associate each word with a long list of numbers, because the training process only works with continuous values, and each list of numbers may somehow encode the meaning of the word."
312,frame_000312_00-05-11-000.jpg,311.000,00:05:11.000,Kiến trúc Transformer,"This staggering amount of computation is only made possible by special computer chips optimized for running many operations in parallel, known as GPUs. But not all language models can be easily parallelized. Prior to 2017, most language models processed text one word at a time. Then a team at Google introduced a new model known as the Transformer. Transformers don't read text start to finish; they soak it all in at once, in parallel. The first step inside a transformer is to associate each word with a long list of numbers, because the training process only works with continuous values, and each list of numbers may somehow encode the meaning of the word."
313,frame_000313_00-05-12-000.jpg,312.000,00:05:12.000,Kiến trúc Transformer,"This staggering amount of computation is only made possible by special computer chips optimized for running many operations in parallel, known as GPUs. But not all language models can be easily parallelized. Prior to 2017, most language models processed text one word at a time. Then a team at Google introduced a new model known as the Transformer. Transformers don't read text start to finish; they soak it all in at once, in parallel. The first step inside a transformer is to associate each word with a long list of numbers, because the training process only works with continuous values, and each list of numbers may somehow encode the meaning of the word."
314,frame_000314_00-05-13-000.jpg,313.000,00:05:13.000,Kiến trúc Transformer,"This staggering amount of computation is only made possible by special computer chips optimized for running many operations in parallel, known as GPUs. But not all language models can be easily parallelized. Prior to 2017, most language models processed text one word at a time. Then a team at Google introduced a new model known as the Transformer. Transformers don't read text start to finish; they soak it all in at once, in parallel. The first step inside a transformer is to associate each word with a long list of numbers, because the training process only works with continuous values, and each list of numbers may somehow encode the meaning of the word."
315,frame_000315_00-05-14-000.jpg,314.000,00:05:14.000,Kiến trúc Transformer,"This staggering amount of computation is only made possible by special computer chips optimized for running many operations in parallel, known as GPUs. But not all language models can be easily parallelized. Prior to 2017, most language models processed text one word at a time. Then a team at Google introduced a new model known as the Transformer. Transformers don't read text start to finish; they soak it all in at once, in parallel. The first step inside a transformer is to associate each word with a long list of numbers, because the training process only works with continuous values, and each list of numbers may somehow encode the meaning of the word."
316,frame_000316_00-05-15-000.jpg,315.000,00:05:15.000,Kiến trúc Transformer,"This staggering amount of computation is only made possible by special computer chips optimized for running many operations in parallel, known as GPUs. But not all language models can be easily parallelized. Prior to 2017, most language models processed text one word at a time. Then a team at Google introduced a new model known as the Transformer. Transformers don't read text start to finish; they soak it all in at once, in parallel. The first step inside a transformer is to associate each word with a long list of numbers, because the training process only works with continuous values, and each list of numbers may somehow encode the meaning of the word."
317,frame_000317_00-05-16-000.jpg,316.000,00:05:16.000,Kiến trúc Transformer,"This staggering amount of computation is only made possible by special computer chips optimized for running many operations in parallel, known as GPUs. But not all language models can be easily parallelized. Prior to 2017, most language models processed text one word at a time. Then a team at Google introduced a new model known as the Transformer. Transformers don't read text start to finish; they soak it all in at once, in parallel. The first step inside a transformer is to associate each word with a long list of numbers, because the training process only works with continuous values, and each list of numbers may somehow encode the meaning of the word."
318,frame_000318_00-05-17-000.jpg,317.000,00:05:17.000,Kiến trúc Transformer,"This staggering amount of computation is only made possible by special computer chips optimized for running many operations in parallel, known as GPUs. But not all language models can be easily parallelized. Prior to 2017, most language models processed text one word at a time. Then a team at Google introduced a new model known as the Transformer. Transformers don't read text start to finish; they soak it all in at once, in parallel. The first step inside a transformer is to associate each word with a long list of numbers, because the training process only works with continuous values, and each list of numbers may somehow encode the meaning of the word."
319,frame_000319_00-05-18-000.jpg,318.000,00:05:18.000,Kiến trúc Transformer,"This staggering amount of computation is only made possible by special computer chips optimized for running many operations in parallel, known as GPUs. But not all language models can be easily parallelized. Prior to 2017, most language models processed text one word at a time. Then a team at Google introduced a new model known as the Transformer. Transformers don't read text start to finish; they soak it all in at once, in parallel. The first step inside a transformer is to associate each word with a long list of numbers, because the training process only works with continuous values, and each list of numbers may somehow encode the meaning of the word."
320,frame_000320_00-05-19-000.jpg,319.000,00:05:19.000,Kiến trúc Transformer,"This staggering amount of computation is only made possible by special computer chips optimized for running many operations in parallel, known as GPUs. But not all language models can be easily parallelized. Prior to 2017, most language models processed text one word at a time. Then a team at Google introduced a new model known as the Transformer. Transformers don't read text start to finish; they soak it all in at once, in parallel. The first step inside a transformer is to associate each word with a long list of numbers, because the training process only works with continuous values, and each list of numbers may somehow encode the meaning of the word."
321,frame_000321_00-05-20-000.jpg,320.000,00:05:20.000,Kiến trúc Transformer,"This staggering amount of computation is only made possible by special computer chips optimized for running many operations in parallel, known as GPUs. But not all language models can be easily parallelized. Prior to 2017, most language models processed text one word at a time. Then a team at Google introduced a new model known as the Transformer. Transformers don't read text start to finish; they soak it all in at once, in parallel. The first step inside a transformer is to associate each word with a long list of numbers, because the training process only works with continuous values, and each list of numbers may somehow encode the meaning of the word."
322,frame_000322_00-05-21-000.jpg,321.000,00:05:21.000,Kiến trúc Transformer,"This staggering amount of computation is only made possible by special computer chips optimized for running many operations in parallel, known as GPUs. But not all language models can be easily parallelized. Prior to 2017, most language models processed text one word at a time. Then a team at Google introduced a new model known as the Transformer. Transformers don't read text start to finish; they soak it all in at once, in parallel. The first step inside a transformer is to associate each word with a long list of numbers, because the training process only works with continuous values, and each list of numbers may somehow encode the meaning of the word."
323,frame_000323_00-05-22-000.jpg,322.000,00:05:22.000,Kiến trúc Transformer,"This staggering amount of computation is only made possible by special computer chips optimized for running many operations in parallel, known as GPUs. But not all language models can be easily parallelized. Prior to 2017, most language models processed text one word at a time. Then a team at Google introduced a new model known as the Transformer. Transformers don't read text start to finish; they soak it all in at once, in parallel. The first step inside a transformer is to associate each word with a long list of numbers, because the training process only works with continuous values, and each list of numbers may somehow encode the meaning of the word."
324,frame_000324_00-05-23-000.jpg,323.000,00:05:23.000,Kiến trúc Transformer,"This staggering amount of computation is only made possible by special computer chips optimized for running many operations in parallel, known as GPUs. But not all language models can be easily parallelized. Prior to 2017, most language models processed text one word at a time. Then a team at Google introduced a new model known as the Transformer. Transformers don't read text start to finish; they soak it all in at once, in parallel. The first step inside a transformer is to associate each word with a long list of numbers, because the training process only works with continuous values, and each list of numbers may somehow encode the meaning of the word."
325,frame_000325_00-05-24-000.jpg,324.000,00:05:24.000,Kiến trúc Transformer,"This staggering amount of computation is only made possible by special computer chips optimized for running many operations in parallel, known as GPUs. But not all language models can be easily parallelized. Prior to 2017, most language models processed text one word at a time. Then a team at Google introduced a new model known as the Transformer. Transformers don't read text start to finish; they soak it all in at once, in parallel. The first step inside a transformer is to associate each word with a long list of numbers, because the training process only works with continuous values, and each list of numbers may somehow encode the meaning of the word."
326,frame_000326_00-05-25-000.jpg,325.000,00:05:25.000,Kiến trúc Transformer,"This staggering amount of computation is only made possible by special computer chips optimized for running many operations in parallel, known as GPUs. But not all language models can be easily parallelized. Prior to 2017, most language models processed text one word at a time. Then a team at Google introduced a new model known as the Transformer. Transformers don't read text start to finish; they soak it all in at once, in parallel. The first step inside a transformer is to associate each word with a long list of numbers, because the training process only works with continuous values, and each list of numbers may somehow encode the meaning of the word."
327,frame_000327_00-05-26-000.jpg,326.000,00:05:26.000,Kiến trúc Transformer,"This staggering amount of computation is only made possible by special computer chips optimized for running many operations in parallel, known as GPUs. But not all language models can be easily parallelized. Prior to 2017, most language models processed text one word at a time. Then a team at Google introduced a new model known as the Transformer. Transformers don't read text start to finish; they soak it all in at once, in parallel. The first step inside a transformer is to associate each word with a long list of numbers, because the training process only works with continuous values, and each list of numbers may somehow encode the meaning of the word."
328,frame_000328_00-05-27-000.jpg,327.000,00:05:27.000,Kiến trúc Transformer,"This staggering amount of computation is only made possible by special computer chips optimized for running many operations in parallel, known as GPUs. But not all language models can be easily parallelized. Prior to 2017, most language models processed text one word at a time. Then a team at Google introduced a new model known as the Transformer. Transformers don't read text start to finish; they soak it all in at once, in parallel. The first step inside a transformer is to associate each word with a long list of numbers, because the training process only works with continuous values, and each list of numbers may somehow encode the meaning of the word."
329,frame_000329_00-05-28-000.jpg,328.000,00:05:28.000,Kiến trúc Transformer,"This staggering amount of computation is only made possible by special computer chips optimized for running many operations in parallel, known as GPUs. But not all language models can be easily parallelized. Prior to 2017, most language models processed text one word at a time. Then a team at Google introduced a new model known as the Transformer. Transformers don't read text start to finish; they soak it all in at once, in parallel. The first step inside a transformer is to associate each word with a long list of numbers, because the training process only works with continuous values, and each list of numbers may somehow encode the meaning of the word."
330,frame_000330_00-05-29-000.jpg,329.000,00:05:29.000,Kiến trúc Transformer,"This staggering amount of computation is only made possible by special computer chips optimized for running many operations in parallel, known as GPUs. But not all language models can be easily parallelized. Prior to 2017, most language models processed text one word at a time. Then a team at Google introduced a new model known as the Transformer. Transformers don't read text start to finish; they soak it all in at once, in parallel. The first step inside a transformer is to associate each word with a long list of numbers, because the training process only works with continuous values, and each list of numbers may somehow encode the meaning of the word."
331,frame_000331_00-05-30-000.jpg,330.000,00:05:30.000,Kiến trúc Transformer,"This staggering amount of computation is only made possible by special computer chips optimized for running many operations in parallel, known as GPUs. But not all language models can be easily parallelized. Prior to 2017, most language models processed text one word at a time. Then a team at Google introduced a new model known as the Transformer. Transformers don't read text start to finish; they soak it all in at once, in parallel. The first step inside a transformer is to associate each word with a long list of numbers, because the training process only works with continuous values, and each list of numbers may somehow encode the meaning of the word."
332,frame_000332_00-05-31-000.jpg,331.000,00:05:31.000,Kiến trúc Transformer,"This staggering amount of computation is only made possible by special computer chips optimized for running many operations in parallel, known as GPUs. But not all language models can be easily parallelized. Prior to 2017, most language models processed text one word at a time. Then a team at Google introduced a new model known as the Transformer. Transformers don't read text start to finish; they soak it all in at once, in parallel. The first step inside a transformer is to associate each word with a long list of numbers, because the training process only works with continuous values, and each list of numbers may somehow encode the meaning of the word."
333,frame_000333_00-05-32-000.jpg,332.000,00:05:32.000,Kiến trúc Transformer,"This staggering amount of computation is only made possible by special computer chips optimized for running many operations in parallel, known as GPUs. But not all language models can be easily parallelized. Prior to 2017, most language models processed text one word at a time. Then a team at Google introduced a new model known as the Transformer. Transformers don't read text start to finish; they soak it all in at once, in parallel. The first step inside a transformer is to associate each word with a long list of numbers, because the training process only works with continuous values, and each list of numbers may somehow encode the meaning of the word."
334,frame_000334_00-05-33-000.jpg,333.000,00:05:33.000,Kiến trúc Transformer,"This staggering amount of computation is only made possible by special computer chips optimized for running many operations in parallel, known as GPUs. But not all language models can be easily parallelized. Prior to 2017, most language models processed text one word at a time. Then a team at Google introduced a new model known as the Transformer. Transformers don't read text start to finish; they soak it all in at once, in parallel. The first step inside a transformer is to associate each word with a long list of numbers, because the training process only works with continuous values, and each list of numbers may somehow encode the meaning of the word."
335,frame_000335_00-05-34-000.jpg,334.000,00:05:34.000,Kiến trúc Transformer,"This staggering amount of computation is only made possible by special computer chips optimized for running many operations in parallel, known as GPUs. But not all language models can be easily parallelized. Prior to 2017, most language models processed text one word at a time. Then a team at Google introduced a new model known as the Transformer. Transformers don't read text start to finish; they soak it all in at once, in parallel. The first step inside a transformer is to associate each word with a long list of numbers, because the training process only works with continuous values, and each list of numbers may somehow encode the meaning of the word."
336,frame_000336_00-05-35-000.jpg,335.000,00:05:35.000,Kiến trúc Transformer,"This staggering amount of computation is only made possible by special computer chips optimized for running many operations in parallel, known as GPUs. But not all language models can be easily parallelized. Prior to 2017, most language models processed text one word at a time. Then a team at Google introduced a new model known as the Transformer. Transformers don't read text start to finish; they soak it all in at once, in parallel. The first step inside a transformer is to associate each word with a long list of numbers, because the training process only works with continuous values, and each list of numbers may somehow encode the meaning of the word."
337,frame_000337_00-05-36-000.jpg,336.000,00:05:36.000,Kiến trúc Transformer,"This staggering amount of computation is only made possible by special computer chips optimized for running many operations in parallel, known as GPUs. But not all language models can be easily parallelized. Prior to 2017, most language models processed text one word at a time. Then a team at Google introduced a new model known as the Transformer. Transformers don't read text start to finish; they soak it all in at once, in parallel. The first step inside a transformer is to associate each word with a long list of numbers, because the training process only works with continuous values, and each list of numbers may somehow encode the meaning of the word."
338,frame_000338_00-05-37-000.jpg,337.000,00:05:37.000,Kiến trúc Transformer,"This staggering amount of computation is only made possible by special computer chips optimized for running many operations in parallel, known as GPUs. But not all language models can be easily parallelized. Prior to 2017, most language models processed text one word at a time. Then a team at Google introduced a new model known as the Transformer. Transformers don't read text start to finish; they soak it all in at once, in parallel. The first step inside a transformer is to associate each word with a long list of numbers, because the training process only works with continuous values, and each list of numbers may somehow encode the meaning of the word."
339,frame_000339_00-05-38-000.jpg,338.000,00:05:38.000,Kiến trúc Transformer,"This staggering amount of computation is only made possible by special computer chips optimized for running many operations in parallel, known as GPUs. But not all language models can be easily parallelized. Prior to 2017, most language models processed text one word at a time. Then a team at Google introduced a new model known as the Transformer. Transformers don't read text start to finish; they soak it all in at once, in parallel. The first step inside a transformer is to associate each word with a long list of numbers, because the training process only works with continuous values, and each list of numbers may somehow encode the meaning of the word."
340,frame_000340_00-05-39-000.jpg,339.000,00:05:39.000,Kiến trúc Transformer,"This staggering amount of computation is only made possible by special computer chips optimized for running many operations in parallel, known as GPUs. But not all language models can be easily parallelized. Prior to 2017, most language models processed text one word at a time. Then a team at Google introduced a new model known as the Transformer. Transformers don't read text start to finish; they soak it all in at once, in parallel. The first step inside a transformer is to associate each word with a long list of numbers, because the training process only works with continuous values, and each list of numbers may somehow encode the meaning of the word."
341,frame_000341_00-05-40-000.jpg,340.000,00:05:40.000,Attention và Feedforward,"What makes Transformers unique is their reliance on a special operation known as Attention. This gives all of these lists of numbers a chance to talk to one another and refine the meanings they encode based on the context around them, all in parallel. For example, the numbers encoding 'bank' might change based on context to encode the notion of a 'river bank'. Transformers also include a feedforward neural network, giving the model extra capacity to store more patterns about language. All this data repeatedly flows through many iterations of these two operations, so each list of numbers is enriched to encode whatever is needed to predict the next word."
342,frame_000342_00-05-41-000.jpg,341.000,00:05:41.000,Attention và Feedforward,"What makes Transformers unique is their reliance on a special operation known as Attention. This gives all of these lists of numbers a chance to talk to one another and refine the meanings they encode based on the context around them, all in parallel. For example, the numbers encoding 'bank' might change based on context to encode the notion of a 'river bank'. Transformers also include a feedforward neural network, giving the model extra capacity to store more patterns about language. All this data repeatedly flows through many iterations of these two operations, so each list of numbers is enriched to encode whatever is needed to predict the next word."
343,frame_000343_00-05-42-000.jpg,342.000,00:05:42.000,Attention và Feedforward,"What makes Transformers unique is their reliance on a special operation known as Attention. This gives all of these lists of numbers a chance to talk to one another and refine the meanings they encode based on the context around them, all in parallel. For example, the numbers encoding 'bank' might change based on context to encode the notion of a 'river bank'. Transformers also include a feedforward neural network, giving the model extra capacity to store more patterns about language. All this data repeatedly flows through many iterations of these two operations, so each list of numbers is enriched to encode whatever is needed to predict the next word."
344,frame_000344_00-05-43-000.jpg,343.000,00:05:43.000,Attention và Feedforward,"What makes Transformers unique is their reliance on a special operation known as Attention. This gives all of these lists of numbers a chance to talk to one another and refine the meanings they encode based on the context around them, all in parallel. For example, the numbers encoding 'bank' might change based on context to encode the notion of a 'river bank'. Transformers also include a feedforward neural network, giving the model extra capacity to store more patterns about language. All this data repeatedly flows through many iterations of these two operations, so each list of numbers is enriched to encode whatever is needed to predict the next word."
345,frame_000345_00-05-44-000.jpg,344.000,00:05:44.000,Attention và Feedforward,"What makes Transformers unique is their reliance on a special operation known as Attention. This gives all of these lists of numbers a chance to talk to one another and refine the meanings they encode based on the context around them, all in parallel. For example, the numbers encoding 'bank' might change based on context to encode the notion of a 'river bank'. Transformers also include a feedforward neural network, giving the model extra capacity to store more patterns about language. All this data repeatedly flows through many iterations of these two operations, so each list of numbers is enriched to encode whatever is needed to predict the next word."
346,frame_000346_00-05-45-000.jpg,345.000,00:05:45.000,Attention và Feedforward,"What makes Transformers unique is their reliance on a special operation known as Attention. This gives all of these lists of numbers a chance to talk to one another and refine the meanings they encode based on the context around them, all in parallel. For example, the numbers encoding 'bank' might change based on context to encode the notion of a 'river bank'. Transformers also include a feedforward neural network, giving the model extra capacity to store more patterns about language. All this data repeatedly flows through many iterations of these two operations, so each list of numbers is enriched to encode whatever is needed to predict the next word."
347,frame_000347_00-05-46-000.jpg,346.000,00:05:46.000,Attention và Feedforward,"What makes Transformers unique is their reliance on a special operation known as Attention. This gives all of these lists of numbers a chance to talk to one another and refine the meanings they encode based on the context around them, all in parallel. For example, the numbers encoding 'bank' might change based on context to encode the notion of a 'river bank'. Transformers also include a feedforward neural network, giving the model extra capacity to store more patterns about language. All this data repeatedly flows through many iterations of these two operations, so each list of numbers is enriched to encode whatever is needed to predict the next word."
348,frame_000348_00-05-47-000.jpg,347.000,00:05:47.000,Attention và Feedforward,"What makes Transformers unique is their reliance on a special operation known as Attention. This gives all of these lists of numbers a chance to talk to one another and refine the meanings they encode based on the context around them, all in parallel. For example, the numbers encoding 'bank' might change based on context to encode the notion of a 'river bank'. Transformers also include a feedforward neural network, giving the model extra capacity to store more patterns about language. All this data repeatedly flows through many iterations of these two operations, so each list of numbers is enriched to encode whatever is needed to predict the next word."
349,frame_000349_00-05-48-000.jpg,348.000,00:05:48.000,Attention và Feedforward,"What makes Transformers unique is their reliance on a special operation known as Attention. This gives all of these lists of numbers a chance to talk to one another and refine the meanings they encode based on the context around them, all in parallel. For example, the numbers encoding 'bank' might change based on context to encode the notion of a 'river bank'. Transformers also include a feedforward neural network, giving the model extra capacity to store more patterns about language. All this data repeatedly flows through many iterations of these two operations, so each list of numbers is enriched to encode whatever is needed to predict the next word."
350,frame_000350_00-05-49-000.jpg,349.000,00:05:49.000,Attention và Feedforward,"What makes Transformers unique is their reliance on a special operation known as Attention. This gives all of these lists of numbers a chance to talk to one another and refine the meanings they encode based on the context around them, all in parallel. For example, the numbers encoding 'bank' might change based on context to encode the notion of a 'river bank'. Transformers also include a feedforward neural network, giving the model extra capacity to store more patterns about language. All this data repeatedly flows through many iterations of these two operations, so each list of numbers is enriched to encode whatever is needed to predict the next word."
351,frame_000351_00-05-50-000.jpg,350.000,00:05:50.000,Attention và Feedforward,"What makes Transformers unique is their reliance on a special operation known as Attention. This gives all of these lists of numbers a chance to talk to one another and refine the meanings they encode based on the context around them, all in parallel. For example, the numbers encoding 'bank' might change based on context to encode the notion of a 'river bank'. Transformers also include a feedforward neural network, giving the model extra capacity to store more patterns about language. All this data repeatedly flows through many iterations of these two operations, so each list of numbers is enriched to encode whatever is needed to predict the next word."
352,frame_000352_00-05-51-000.jpg,351.000,00:05:51.000,Attention và Feedforward,"What makes Transformers unique is their reliance on a special operation known as Attention. This gives all of these lists of numbers a chance to talk to one another and refine the meanings they encode based on the context around them, all in parallel. For example, the numbers encoding 'bank' might change based on context to encode the notion of a 'river bank'. Transformers also include a feedforward neural network, giving the model extra capacity to store more patterns about language. All this data repeatedly flows through many iterations of these two operations, so each list of numbers is enriched to encode whatever is needed to predict the next word."
353,frame_000353_00-05-52-000.jpg,352.000,00:05:52.000,Attention và Feedforward,"What makes Transformers unique is their reliance on a special operation known as Attention. This gives all of these lists of numbers a chance to talk to one another and refine the meanings they encode based on the context around them, all in parallel. For example, the numbers encoding 'bank' might change based on context to encode the notion of a 'river bank'. Transformers also include a feedforward neural network, giving the model extra capacity to store more patterns about language. All this data repeatedly flows through many iterations of these two operations, so each list of numbers is enriched to encode whatever is needed to predict the next word."
354,frame_000354_00-05-53-000.jpg,353.000,00:05:53.000,Attention và Feedforward,"What makes Transformers unique is their reliance on a special operation known as Attention. This gives all of these lists of numbers a chance to talk to one another and refine the meanings they encode based on the context around them, all in parallel. For example, the numbers encoding 'bank' might change based on context to encode the notion of a 'river bank'. Transformers also include a feedforward neural network, giving the model extra capacity to store more patterns about language. All this data repeatedly flows through many iterations of these two operations, so each list of numbers is enriched to encode whatever is needed to predict the next word."
355,frame_000355_00-05-54-000.jpg,354.000,00:05:54.000,Attention và Feedforward,"What makes Transformers unique is their reliance on a special operation known as Attention. This gives all of these lists of numbers a chance to talk to one another and refine the meanings they encode based on the context around them, all in parallel. For example, the numbers encoding 'bank' might change based on context to encode the notion of a 'river bank'. Transformers also include a feedforward neural network, giving the model extra capacity to store more patterns about language. All this data repeatedly flows through many iterations of these two operations, so each list of numbers is enriched to encode whatever is needed to predict the next word."
356,frame_000356_00-05-55-000.jpg,355.000,00:05:55.000,Attention và Feedforward,"What makes Transformers unique is their reliance on a special operation known as Attention. This gives all of these lists of numbers a chance to talk to one another and refine the meanings they encode based on the context around them, all in parallel. For example, the numbers encoding 'bank' might change based on context to encode the notion of a 'river bank'. Transformers also include a feedforward neural network, giving the model extra capacity to store more patterns about language. All this data repeatedly flows through many iterations of these two operations, so each list of numbers is enriched to encode whatever is needed to predict the next word."
357,frame_000357_00-05-56-000.jpg,356.000,00:05:56.000,Attention và Feedforward,"What makes Transformers unique is their reliance on a special operation known as Attention. This gives all of these lists of numbers a chance to talk to one another and refine the meanings they encode based on the context around them, all in parallel. For example, the numbers encoding 'bank' might change based on context to encode the notion of a 'river bank'. Transformers also include a feedforward neural network, giving the model extra capacity to store more patterns about language. All this data repeatedly flows through many iterations of these two operations, so each list of numbers is enriched to encode whatever is needed to predict the next word."
358,frame_000358_00-05-57-000.jpg,357.000,00:05:57.000,Attention và Feedforward,"What makes Transformers unique is their reliance on a special operation known as Attention. This gives all of these lists of numbers a chance to talk to one another and refine the meanings they encode based on the context around them, all in parallel. For example, the numbers encoding 'bank' might change based on context to encode the notion of a 'river bank'. Transformers also include a feedforward neural network, giving the model extra capacity to store more patterns about language. All this data repeatedly flows through many iterations of these two operations, so each list of numbers is enriched to encode whatever is needed to predict the next word."
359,frame_000359_00-05-58-000.jpg,358.000,00:05:58.000,Attention và Feedforward,"What makes Transformers unique is their reliance on a special operation known as Attention. This gives all of these lists of numbers a chance to talk to one another and refine the meanings they encode based on the context around them, all in parallel. For example, the numbers encoding 'bank' might change based on context to encode the notion of a 'river bank'. Transformers also include a feedforward neural network, giving the model extra capacity to store more patterns about language. All this data repeatedly flows through many iterations of these two operations, so each list of numbers is enriched to encode whatever is needed to predict the next word."
360,frame_000360_00-05-59-000.jpg,359.000,00:05:59.000,Attention và Feedforward,"What makes Transformers unique is their reliance on a special operation known as Attention. This gives all of these lists of numbers a chance to talk to one another and refine the meanings they encode based on the context around them, all in parallel. For example, the numbers encoding 'bank' might change based on context to encode the notion of a 'river bank'. Transformers also include a feedforward neural network, giving the model extra capacity to store more patterns about language. All this data repeatedly flows through many iterations of these two operations, so each list of numbers is enriched to encode whatever is needed to predict the next word."
361,frame_000361_00-06-00-000.jpg,360.000,00:06:00.000,Attention và Feedforward,"What makes Transformers unique is their reliance on a special operation known as Attention. This gives all of these lists of numbers a chance to talk to one another and refine the meanings they encode based on the context around them, all in parallel. For example, the numbers encoding 'bank' might change based on context to encode the notion of a 'river bank'. Transformers also include a feedforward neural network, giving the model extra capacity to store more patterns about language. All this data repeatedly flows through many iterations of these two operations, so each list of numbers is enriched to encode whatever is needed to predict the next word."
362,frame_000362_00-06-01-000.jpg,361.000,00:06:01.000,Attention và Feedforward,"What makes Transformers unique is their reliance on a special operation known as Attention. This gives all of these lists of numbers a chance to talk to one another and refine the meanings they encode based on the context around them, all in parallel. For example, the numbers encoding 'bank' might change based on context to encode the notion of a 'river bank'. Transformers also include a feedforward neural network, giving the model extra capacity to store more patterns about language. All this data repeatedly flows through many iterations of these two operations, so each list of numbers is enriched to encode whatever is needed to predict the next word."
363,frame_000363_00-06-02-000.jpg,362.000,00:06:02.000,Attention và Feedforward,"What makes Transformers unique is their reliance on a special operation known as Attention. This gives all of these lists of numbers a chance to talk to one another and refine the meanings they encode based on the context around them, all in parallel. For example, the numbers encoding 'bank' might change based on context to encode the notion of a 'river bank'. Transformers also include a feedforward neural network, giving the model extra capacity to store more patterns about language. All this data repeatedly flows through many iterations of these two operations, so each list of numbers is enriched to encode whatever is needed to predict the next word."
364,frame_000364_00-06-03-000.jpg,363.000,00:06:03.000,Attention và Feedforward,"What makes Transformers unique is their reliance on a special operation known as Attention. This gives all of these lists of numbers a chance to talk to one another and refine the meanings they encode based on the context around them, all in parallel. For example, the numbers encoding 'bank' might change based on context to encode the notion of a 'river bank'. Transformers also include a feedforward neural network, giving the model extra capacity to store more patterns about language. All this data repeatedly flows through many iterations of these two operations, so each list of numbers is enriched to encode whatever is needed to predict the next word."
365,frame_000365_00-06-04-000.jpg,364.000,00:06:04.000,Attention và Feedforward,"What makes Transformers unique is their reliance on a special operation known as Attention. This gives all of these lists of numbers a chance to talk to one another and refine the meanings they encode based on the context around them, all in parallel. For example, the numbers encoding 'bank' might change based on context to encode the notion of a 'river bank'. Transformers also include a feedforward neural network, giving the model extra capacity to store more patterns about language. All this data repeatedly flows through many iterations of these two operations, so each list of numbers is enriched to encode whatever is needed to predict the next word."
366,frame_000366_00-06-05-000.jpg,365.000,00:06:05.000,Attention và Feedforward,"What makes Transformers unique is their reliance on a special operation known as Attention. This gives all of these lists of numbers a chance to talk to one another and refine the meanings they encode based on the context around them, all in parallel. For example, the numbers encoding 'bank' might change based on context to encode the notion of a 'river bank'. Transformers also include a feedforward neural network, giving the model extra capacity to store more patterns about language. All this data repeatedly flows through many iterations of these two operations, so each list of numbers is enriched to encode whatever is needed to predict the next word."
367,frame_000367_00-06-06-000.jpg,366.000,00:06:06.000,Attention và Feedforward,"What makes Transformers unique is their reliance on a special operation known as Attention. This gives all of these lists of numbers a chance to talk to one another and refine the meanings they encode based on the context around them, all in parallel. For example, the numbers encoding 'bank' might change based on context to encode the notion of a 'river bank'. Transformers also include a feedforward neural network, giving the model extra capacity to store more patterns about language. All this data repeatedly flows through many iterations of these two operations, so each list of numbers is enriched to encode whatever is needed to predict the next word."
368,frame_000368_00-06-07-000.jpg,367.000,00:06:07.000,Attention và Feedforward,"What makes Transformers unique is their reliance on a special operation known as Attention. This gives all of these lists of numbers a chance to talk to one another and refine the meanings they encode based on the context around them, all in parallel. For example, the numbers encoding 'bank' might change based on context to encode the notion of a 'river bank'. Transformers also include a feedforward neural network, giving the model extra capacity to store more patterns about language. All this data repeatedly flows through many iterations of these two operations, so each list of numbers is enriched to encode whatever is needed to predict the next word."
369,frame_000369_00-06-08-000.jpg,368.000,00:06:08.000,Attention và Feedforward,"What makes Transformers unique is their reliance on a special operation known as Attention. This gives all of these lists of numbers a chance to talk to one another and refine the meanings they encode based on the context around them, all in parallel. For example, the numbers encoding 'bank' might change based on context to encode the notion of a 'river bank'. Transformers also include a feedforward neural network, giving the model extra capacity to store more patterns about language. All this data repeatedly flows through many iterations of these two operations, so each list of numbers is enriched to encode whatever is needed to predict the next word."
370,frame_000370_00-06-09-000.jpg,369.000,00:06:09.000,Attention và Feedforward,"What makes Transformers unique is their reliance on a special operation known as Attention. This gives all of these lists of numbers a chance to talk to one another and refine the meanings they encode based on the context around them, all in parallel. For example, the numbers encoding 'bank' might change based on context to encode the notion of a 'river bank'. Transformers also include a feedforward neural network, giving the model extra capacity to store more patterns about language. All this data repeatedly flows through many iterations of these two operations, so each list of numbers is enriched to encode whatever is needed to predict the next word."
371,frame_000371_00-06-10-000.jpg,370.000,00:06:10.000,Attention và Feedforward,"What makes Transformers unique is their reliance on a special operation known as Attention. This gives all of these lists of numbers a chance to talk to one another and refine the meanings they encode based on the context around them, all in parallel. For example, the numbers encoding 'bank' might change based on context to encode the notion of a 'river bank'. Transformers also include a feedforward neural network, giving the model extra capacity to store more patterns about language. All this data repeatedly flows through many iterations of these two operations, so each list of numbers is enriched to encode whatever is needed to predict the next word."
372,frame_000372_00-06-11-000.jpg,371.000,00:06:11.000,Attention và Feedforward,"What makes Transformers unique is their reliance on a special operation known as Attention. This gives all of these lists of numbers a chance to talk to one another and refine the meanings they encode based on the context around them, all in parallel. For example, the numbers encoding 'bank' might change based on context to encode the notion of a 'river bank'. Transformers also include a feedforward neural network, giving the model extra capacity to store more patterns about language. All this data repeatedly flows through many iterations of these two operations, so each list of numbers is enriched to encode whatever is needed to predict the next word."
373,frame_000373_00-06-12-000.jpg,372.000,00:06:12.000,Attention và Feedforward,"What makes Transformers unique is their reliance on a special operation known as Attention. This gives all of these lists of numbers a chance to talk to one another and refine the meanings they encode based on the context around them, all in parallel. For example, the numbers encoding 'bank' might change based on context to encode the notion of a 'river bank'. Transformers also include a feedforward neural network, giving the model extra capacity to store more patterns about language. All this data repeatedly flows through many iterations of these two operations, so each list of numbers is enriched to encode whatever is needed to predict the next word."
374,frame_000374_00-06-13-000.jpg,373.000,00:06:13.000,Attention và Feedforward,"What makes Transformers unique is their reliance on a special operation known as Attention. This gives all of these lists of numbers a chance to talk to one another and refine the meanings they encode based on the context around them, all in parallel. For example, the numbers encoding 'bank' might change based on context to encode the notion of a 'river bank'. Transformers also include a feedforward neural network, giving the model extra capacity to store more patterns about language. All this data repeatedly flows through many iterations of these two operations, so each list of numbers is enriched to encode whatever is needed to predict the next word."
375,frame_000375_00-06-14-000.jpg,374.000,00:06:14.000,Attention và Feedforward,"What makes Transformers unique is their reliance on a special operation known as Attention. This gives all of these lists of numbers a chance to talk to one another and refine the meanings they encode based on the context around them, all in parallel. For example, the numbers encoding 'bank' might change based on context to encode the notion of a 'river bank'. Transformers also include a feedforward neural network, giving the model extra capacity to store more patterns about language. All this data repeatedly flows through many iterations of these two operations, so each list of numbers is enriched to encode whatever is needed to predict the next word."
376,frame_000376_00-06-15-000.jpg,375.000,00:06:15.000,Attention và Feedforward,"What makes Transformers unique is their reliance on a special operation known as Attention. This gives all of these lists of numbers a chance to talk to one another and refine the meanings they encode based on the context around them, all in parallel. For example, the numbers encoding 'bank' might change based on context to encode the notion of a 'river bank'. Transformers also include a feedforward neural network, giving the model extra capacity to store more patterns about language. All this data repeatedly flows through many iterations of these two operations, so each list of numbers is enriched to encode whatever is needed to predict the next word."
377,frame_000377_00-06-16-000.jpg,376.000,00:06:16.000,Attention và Feedforward,"What makes Transformers unique is their reliance on a special operation known as Attention. This gives all of these lists of numbers a chance to talk to one another and refine the meanings they encode based on the context around them, all in parallel. For example, the numbers encoding 'bank' might change based on context to encode the notion of a 'river bank'. Transformers also include a feedforward neural network, giving the model extra capacity to store more patterns about language. All this data repeatedly flows through many iterations of these two operations, so each list of numbers is enriched to encode whatever is needed to predict the next word."
378,frame_000378_00-06-17-000.jpg,377.000,00:06:17.000,Attention và Feedforward,"What makes Transformers unique is their reliance on a special operation known as Attention. This gives all of these lists of numbers a chance to talk to one another and refine the meanings they encode based on the context around them, all in parallel. For example, the numbers encoding 'bank' might change based on context to encode the notion of a 'river bank'. Transformers also include a feedforward neural network, giving the model extra capacity to store more patterns about language. All this data repeatedly flows through many iterations of these two operations, so each list of numbers is enriched to encode whatever is needed to predict the next word."
379,frame_000379_00-06-18-000.jpg,378.000,00:06:18.000,Attention và Feedforward,"What makes Transformers unique is their reliance on a special operation known as Attention. This gives all of these lists of numbers a chance to talk to one another and refine the meanings they encode based on the context around them, all in parallel. For example, the numbers encoding 'bank' might change based on context to encode the notion of a 'river bank'. Transformers also include a feedforward neural network, giving the model extra capacity to store more patterns about language. All this data repeatedly flows through many iterations of these two operations, so each list of numbers is enriched to encode whatever is needed to predict the next word."
380,frame_000380_00-06-19-000.jpg,379.000,00:06:19.000,Attention và Feedforward,"What makes Transformers unique is their reliance on a special operation known as Attention. This gives all of these lists of numbers a chance to talk to one another and refine the meanings they encode based on the context around them, all in parallel. For example, the numbers encoding 'bank' might change based on context to encode the notion of a 'river bank'. Transformers also include a feedforward neural network, giving the model extra capacity to store more patterns about language. All this data repeatedly flows through many iterations of these two operations, so each list of numbers is enriched to encode whatever is needed to predict the next word."
381,frame_000381_00-06-20-000.jpg,380.000,00:06:20.000,Attention và Feedforward,"What makes Transformers unique is their reliance on a special operation known as Attention. This gives all of these lists of numbers a chance to talk to one another and refine the meanings they encode based on the context around them, all in parallel. For example, the numbers encoding 'bank' might change based on context to encode the notion of a 'river bank'. Transformers also include a feedforward neural network, giving the model extra capacity to store more patterns about language. All this data repeatedly flows through many iterations of these two operations, so each list of numbers is enriched to encode whatever is needed to predict the next word."
382,frame_000382_00-06-21-000.jpg,381.000,00:06:21.000,Attention và Feedforward,"What makes Transformers unique is their reliance on a special operation known as Attention. This gives all of these lists of numbers a chance to talk to one another and refine the meanings they encode based on the context around them, all in parallel. For example, the numbers encoding 'bank' might change based on context to encode the notion of a 'river bank'. Transformers also include a feedforward neural network, giving the model extra capacity to store more patterns about language. All this data repeatedly flows through many iterations of these two operations, so each list of numbers is enriched to encode whatever is needed to predict the next word."
383,frame_000383_00-06-22-000.jpg,382.000,00:06:22.000,Attention và Feedforward,"What makes Transformers unique is their reliance on a special operation known as Attention. This gives all of these lists of numbers a chance to talk to one another and refine the meanings they encode based on the context around them, all in parallel. For example, the numbers encoding 'bank' might change based on context to encode the notion of a 'river bank'. Transformers also include a feedforward neural network, giving the model extra capacity to store more patterns about language. All this data repeatedly flows through many iterations of these two operations, so each list of numbers is enriched to encode whatever is needed to predict the next word."
384,frame_000384_00-06-23-000.jpg,383.000,00:06:23.000,Attention và Feedforward,"What makes Transformers unique is their reliance on a special operation known as Attention. This gives all of these lists of numbers a chance to talk to one another and refine the meanings they encode based on the context around them, all in parallel. For example, the numbers encoding 'bank' might change based on context to encode the notion of a 'river bank'. Transformers also include a feedforward neural network, giving the model extra capacity to store more patterns about language. All this data repeatedly flows through many iterations of these two operations, so each list of numbers is enriched to encode whatever is needed to predict the next word."
385,frame_000385_00-06-24-000.jpg,384.000,00:06:24.000,Attention và Feedforward,"What makes Transformers unique is their reliance on a special operation known as Attention. This gives all of these lists of numbers a chance to talk to one another and refine the meanings they encode based on the context around them, all in parallel. For example, the numbers encoding 'bank' might change based on context to encode the notion of a 'river bank'. Transformers also include a feedforward neural network, giving the model extra capacity to store more patterns about language. All this data repeatedly flows through many iterations of these two operations, so each list of numbers is enriched to encode whatever is needed to predict the next word."
386,frame_000386_00-06-25-000.jpg,385.000,00:06:25.000,Attention và Feedforward,"What makes Transformers unique is their reliance on a special operation known as Attention. This gives all of these lists of numbers a chance to talk to one another and refine the meanings they encode based on the context around them, all in parallel. For example, the numbers encoding 'bank' might change based on context to encode the notion of a 'river bank'. Transformers also include a feedforward neural network, giving the model extra capacity to store more patterns about language. All this data repeatedly flows through many iterations of these two operations, so each list of numbers is enriched to encode whatever is needed to predict the next word."
387,frame_000387_00-06-26-000.jpg,386.000,00:06:26.000,Attention và Feedforward,"What makes Transformers unique is their reliance on a special operation known as Attention. This gives all of these lists of numbers a chance to talk to one another and refine the meanings they encode based on the context around them, all in parallel. For example, the numbers encoding 'bank' might change based on context to encode the notion of a 'river bank'. Transformers also include a feedforward neural network, giving the model extra capacity to store more patterns about language. All this data repeatedly flows through many iterations of these two operations, so each list of numbers is enriched to encode whatever is needed to predict the next word."
388,frame_000388_00-06-27-000.jpg,387.000,00:06:27.000,Attention và Feedforward,"What makes Transformers unique is their reliance on a special operation known as Attention. This gives all of these lists of numbers a chance to talk to one another and refine the meanings they encode based on the context around them, all in parallel. For example, the numbers encoding 'bank' might change based on context to encode the notion of a 'river bank'. Transformers also include a feedforward neural network, giving the model extra capacity to store more patterns about language. All this data repeatedly flows through many iterations of these two operations, so each list of numbers is enriched to encode whatever is needed to predict the next word."
389,frame_000389_00-06-28-000.jpg,388.000,00:06:28.000,Attention và Feedforward,"What makes Transformers unique is their reliance on a special operation known as Attention. This gives all of these lists of numbers a chance to talk to one another and refine the meanings they encode based on the context around them, all in parallel. For example, the numbers encoding 'bank' might change based on context to encode the notion of a 'river bank'. Transformers also include a feedforward neural network, giving the model extra capacity to store more patterns about language. All this data repeatedly flows through many iterations of these two operations, so each list of numbers is enriched to encode whatever is needed to predict the next word."
390,frame_000390_00-06-29-000.jpg,389.000,00:06:29.000,Attention và Feedforward,"What makes Transformers unique is their reliance on a special operation known as Attention. This gives all of these lists of numbers a chance to talk to one another and refine the meanings they encode based on the context around them, all in parallel. For example, the numbers encoding 'bank' might change based on context to encode the notion of a 'river bank'. Transformers also include a feedforward neural network, giving the model extra capacity to store more patterns about language. All this data repeatedly flows through many iterations of these two operations, so each list of numbers is enriched to encode whatever is needed to predict the next word."
391,frame_000391_00-06-30-000.jpg,390.000,00:06:30.000,Attention và Feedforward,"What makes Transformers unique is their reliance on a special operation known as Attention. This gives all of these lists of numbers a chance to talk to one another and refine the meanings they encode based on the context around them, all in parallel. For example, the numbers encoding 'bank' might change based on context to encode the notion of a 'river bank'. Transformers also include a feedforward neural network, giving the model extra capacity to store more patterns about language. All this data repeatedly flows through many iterations of these two operations, so each list of numbers is enriched to encode whatever is needed to predict the next word."
392,frame_000392_00-06-31-000.jpg,391.000,00:06:31.000,Attention và Feedforward,"What makes Transformers unique is their reliance on a special operation known as Attention. This gives all of these lists of numbers a chance to talk to one another and refine the meanings they encode based on the context around them, all in parallel. For example, the numbers encoding 'bank' might change based on context to encode the notion of a 'river bank'. Transformers also include a feedforward neural network, giving the model extra capacity to store more patterns about language. All this data repeatedly flows through many iterations of these two operations, so each list of numbers is enriched to encode whatever is needed to predict the next word."
393,frame_000393_00-06-32-000.jpg,392.000,00:06:32.000,Attention và Feedforward,"What makes Transformers unique is their reliance on a special operation known as Attention. This gives all of these lists of numbers a chance to talk to one another and refine the meanings they encode based on the context around them, all in parallel. For example, the numbers encoding 'bank' might change based on context to encode the notion of a 'river bank'. Transformers also include a feedforward neural network, giving the model extra capacity to store more patterns about language. All this data repeatedly flows through many iterations of these two operations, so each list of numbers is enriched to encode whatever is needed to predict the next word."
394,frame_000394_00-06-33-000.jpg,393.000,00:06:33.000,Attention và Feedforward,"What makes Transformers unique is their reliance on a special operation known as Attention. This gives all of these lists of numbers a chance to talk to one another and refine the meanings they encode based on the context around them, all in parallel. For example, the numbers encoding 'bank' might change based on context to encode the notion of a 'river bank'. Transformers also include a feedforward neural network, giving the model extra capacity to store more patterns about language. All this data repeatedly flows through many iterations of these two operations, so each list of numbers is enriched to encode whatever is needed to predict the next word."
395,frame_000395_00-06-34-000.jpg,394.000,00:06:34.000,Attention và Feedforward,"What makes Transformers unique is their reliance on a special operation known as Attention. This gives all of these lists of numbers a chance to talk to one another and refine the meanings they encode based on the context around them, all in parallel. For example, the numbers encoding 'bank' might change based on context to encode the notion of a 'river bank'. Transformers also include a feedforward neural network, giving the model extra capacity to store more patterns about language. All this data repeatedly flows through many iterations of these two operations, so each list of numbers is enriched to encode whatever is needed to predict the next word."
396,frame_000396_00-06-35-000.jpg,395.000,00:06:35.000,Attention và Feedforward,"What makes Transformers unique is their reliance on a special operation known as Attention. This gives all of these lists of numbers a chance to talk to one another and refine the meanings they encode based on the context around them, all in parallel. For example, the numbers encoding 'bank' might change based on context to encode the notion of a 'river bank'. Transformers also include a feedforward neural network, giving the model extra capacity to store more patterns about language. All this data repeatedly flows through many iterations of these two operations, so each list of numbers is enriched to encode whatever is needed to predict the next word."
397,frame_000397_00-06-36-000.jpg,396.000,00:06:36.000,Attention và Feedforward,"What makes Transformers unique is their reliance on a special operation known as Attention. This gives all of these lists of numbers a chance to talk to one another and refine the meanings they encode based on the context around them, all in parallel. For example, the numbers encoding 'bank' might change based on context to encode the notion of a 'river bank'. Transformers also include a feedforward neural network, giving the model extra capacity to store more patterns about language. All this data repeatedly flows through many iterations of these two operations, so each list of numbers is enriched to encode whatever is needed to predict the next word."
398,frame_000398_00-06-37-000.jpg,397.000,00:06:37.000,Attention và Feedforward,"What makes Transformers unique is their reliance on a special operation known as Attention. This gives all of these lists of numbers a chance to talk to one another and refine the meanings they encode based on the context around them, all in parallel. For example, the numbers encoding 'bank' might change based on context to encode the notion of a 'river bank'. Transformers also include a feedforward neural network, giving the model extra capacity to store more patterns about language. All this data repeatedly flows through many iterations of these two operations, so each list of numbers is enriched to encode whatever is needed to predict the next word."
399,frame_000399_00-06-38-000.jpg,398.000,00:06:38.000,Attention và Feedforward,"What makes Transformers unique is their reliance on a special operation known as Attention. This gives all of these lists of numbers a chance to talk to one another and refine the meanings they encode based on the context around them, all in parallel. For example, the numbers encoding 'bank' might change based on context to encode the notion of a 'river bank'. Transformers also include a feedforward neural network, giving the model extra capacity to store more patterns about language. All this data repeatedly flows through many iterations of these two operations, so each list of numbers is enriched to encode whatever is needed to predict the next word."
400,frame_000400_00-06-39-000.jpg,399.000,00:06:39.000,Attention và Feedforward,"What makes Transformers unique is their reliance on a special operation known as Attention. This gives all of these lists of numbers a chance to talk to one another and refine the meanings they encode based on the context around them, all in parallel. For example, the numbers encoding 'bank' might change based on context to encode the notion of a 'river bank'. Transformers also include a feedforward neural network, giving the model extra capacity to store more patterns about language. All this data repeatedly flows through many iterations of these two operations, so each list of numbers is enriched to encode whatever is needed to predict the next word."
401,frame_000401_00-06-40-000.jpg,400.000,00:06:40.000,Attention và Feedforward,"What makes Transformers unique is their reliance on a special operation known as Attention. This gives all of these lists of numbers a chance to talk to one another and refine the meanings they encode based on the context around them, all in parallel. For example, the numbers encoding 'bank' might change based on context to encode the notion of a 'river bank'. Transformers also include a feedforward neural network, giving the model extra capacity to store more patterns about language. All this data repeatedly flows through many iterations of these two operations, so each list of numbers is enriched to encode whatever is needed to predict the next word."
402,frame_000402_00-06-41-000.jpg,401.000,00:06:41.000,Attention và Feedforward,"What makes Transformers unique is their reliance on a special operation known as Attention. This gives all of these lists of numbers a chance to talk to one another and refine the meanings they encode based on the context around them, all in parallel. For example, the numbers encoding 'bank' might change based on context to encode the notion of a 'river bank'. Transformers also include a feedforward neural network, giving the model extra capacity to store more patterns about language. All this data repeatedly flows through many iterations of these two operations, so each list of numbers is enriched to encode whatever is needed to predict the next word."
403,frame_000403_00-06-42-000.jpg,402.000,00:06:42.000,Attention và Feedforward,"What makes Transformers unique is their reliance on a special operation known as Attention. This gives all of these lists of numbers a chance to talk to one another and refine the meanings they encode based on the context around them, all in parallel. For example, the numbers encoding 'bank' might change based on context to encode the notion of a 'river bank'. Transformers also include a feedforward neural network, giving the model extra capacity to store more patterns about language. All this data repeatedly flows through many iterations of these two operations, so each list of numbers is enriched to encode whatever is needed to predict the next word."
404,frame_000404_00-06-43-000.jpg,403.000,00:06:43.000,Attention và Feedforward,"What makes Transformers unique is their reliance on a special operation known as Attention. This gives all of these lists of numbers a chance to talk to one another and refine the meanings they encode based on the context around them, all in parallel. For example, the numbers encoding 'bank' might change based on context to encode the notion of a 'river bank'. Transformers also include a feedforward neural network, giving the model extra capacity to store more patterns about language. All this data repeatedly flows through many iterations of these two operations, so each list of numbers is enriched to encode whatever is needed to predict the next word."
405,frame_000405_00-06-44-000.jpg,404.000,00:06:44.000,Attention và Feedforward,"What makes Transformers unique is their reliance on a special operation known as Attention. This gives all of these lists of numbers a chance to talk to one another and refine the meanings they encode based on the context around them, all in parallel. For example, the numbers encoding 'bank' might change based on context to encode the notion of a 'river bank'. Transformers also include a feedforward neural network, giving the model extra capacity to store more patterns about language. All this data repeatedly flows through many iterations of these two operations, so each list of numbers is enriched to encode whatever is needed to predict the next word."
406,frame_000406_00-06-45-000.jpg,405.000,00:06:45.000,Attention và Feedforward,"What makes Transformers unique is their reliance on a special operation known as Attention. This gives all of these lists of numbers a chance to talk to one another and refine the meanings they encode based on the context around them, all in parallel. For example, the numbers encoding 'bank' might change based on context to encode the notion of a 'river bank'. Transformers also include a feedforward neural network, giving the model extra capacity to store more patterns about language. All this data repeatedly flows through many iterations of these two operations, so each list of numbers is enriched to encode whatever is needed to predict the next word."
407,frame_000407_00-06-46-000.jpg,406.000,00:06:46.000,Attention và Feedforward,"What makes Transformers unique is their reliance on a special operation known as Attention. This gives all of these lists of numbers a chance to talk to one another and refine the meanings they encode based on the context around them, all in parallel. For example, the numbers encoding 'bank' might change based on context to encode the notion of a 'river bank'. Transformers also include a feedforward neural network, giving the model extra capacity to store more patterns about language. All this data repeatedly flows through many iterations of these two operations, so each list of numbers is enriched to encode whatever is needed to predict the next word."
408,frame_000408_00-06-47-000.jpg,407.000,00:06:47.000,Attention và Feedforward,"What makes Transformers unique is their reliance on a special operation known as Attention. This gives all of these lists of numbers a chance to talk to one another and refine the meanings they encode based on the context around them, all in parallel. For example, the numbers encoding 'bank' might change based on context to encode the notion of a 'river bank'. Transformers also include a feedforward neural network, giving the model extra capacity to store more patterns about language. All this data repeatedly flows through many iterations of these two operations, so each list of numbers is enriched to encode whatever is needed to predict the next word."
409,frame_000409_00-06-48-000.jpg,408.000,00:06:48.000,Attention và Feedforward,"What makes Transformers unique is their reliance on a special operation known as Attention. This gives all of these lists of numbers a chance to talk to one another and refine the meanings they encode based on the context around them, all in parallel. For example, the numbers encoding 'bank' might change based on context to encode the notion of a 'river bank'. Transformers also include a feedforward neural network, giving the model extra capacity to store more patterns about language. All this data repeatedly flows through many iterations of these two operations, so each list of numbers is enriched to encode whatever is needed to predict the next word."
410,frame_000410_00-06-49-000.jpg,409.000,00:06:49.000,Attention và Feedforward,"What makes Transformers unique is their reliance on a special operation known as Attention. This gives all of these lists of numbers a chance to talk to one another and refine the meanings they encode based on the context around them, all in parallel. For example, the numbers encoding 'bank' might change based on context to encode the notion of a 'river bank'. Transformers also include a feedforward neural network, giving the model extra capacity to store more patterns about language. All this data repeatedly flows through many iterations of these two operations, so each list of numbers is enriched to encode whatever is needed to predict the next word."
411,frame_000411_00-06-50-000.jpg,410.000,00:06:50.000,Attention và Feedforward,"What makes Transformers unique is their reliance on a special operation known as Attention. This gives all of these lists of numbers a chance to talk to one another and refine the meanings they encode based on the context around them, all in parallel. For example, the numbers encoding 'bank' might change based on context to encode the notion of a 'river bank'. Transformers also include a feedforward neural network, giving the model extra capacity to store more patterns about language. All this data repeatedly flows through many iterations of these two operations, so each list of numbers is enriched to encode whatever is needed to predict the next word."
412,frame_000412_00-06-51-000.jpg,411.000,00:06:51.000,Attention và Feedforward,"What makes Transformers unique is their reliance on a special operation known as Attention. This gives all of these lists of numbers a chance to talk to one another and refine the meanings they encode based on the context around them, all in parallel. For example, the numbers encoding 'bank' might change based on context to encode the notion of a 'river bank'. Transformers also include a feedforward neural network, giving the model extra capacity to store more patterns about language. All this data repeatedly flows through many iterations of these two operations, so each list of numbers is enriched to encode whatever is needed to predict the next word."
413,frame_000413_00-06-52-000.jpg,412.000,00:06:52.000,Attention và Feedforward,"What makes Transformers unique is their reliance on a special operation known as Attention. This gives all of these lists of numbers a chance to talk to one another and refine the meanings they encode based on the context around them, all in parallel. For example, the numbers encoding 'bank' might change based on context to encode the notion of a 'river bank'. Transformers also include a feedforward neural network, giving the model extra capacity to store more patterns about language. All this data repeatedly flows through many iterations of these two operations, so each list of numbers is enriched to encode whatever is needed to predict the next word."
414,frame_000414_00-06-53-000.jpg,413.000,00:06:53.000,Attention và Feedforward,"What makes Transformers unique is their reliance on a special operation known as Attention. This gives all of these lists of numbers a chance to talk to one another and refine the meanings they encode based on the context around them, all in parallel. For example, the numbers encoding 'bank' might change based on context to encode the notion of a 'river bank'. Transformers also include a feedforward neural network, giving the model extra capacity to store more patterns about language. All this data repeatedly flows through many iterations of these two operations, so each list of numbers is enriched to encode whatever is needed to predict the next word."
415,frame_000415_00-06-54-000.jpg,414.000,00:06:54.000,Attention và Feedforward,"What makes Transformers unique is their reliance on a special operation known as Attention. This gives all of these lists of numbers a chance to talk to one another and refine the meanings they encode based on the context around them, all in parallel. For example, the numbers encoding 'bank' might change based on context to encode the notion of a 'river bank'. Transformers also include a feedforward neural network, giving the model extra capacity to store more patterns about language. All this data repeatedly flows through many iterations of these two operations, so each list of numbers is enriched to encode whatever is needed to predict the next word."
416,frame_000416_00-06-55-000.jpg,415.000,00:06:55.000,Attention và Feedforward,"What makes Transformers unique is their reliance on a special operation known as Attention. This gives all of these lists of numbers a chance to talk to one another and refine the meanings they encode based on the context around them, all in parallel. For example, the numbers encoding 'bank' might change based on context to encode the notion of a 'river bank'. Transformers also include a feedforward neural network, giving the model extra capacity to store more patterns about language. All this data repeatedly flows through many iterations of these two operations, so each list of numbers is enriched to encode whatever is needed to predict the next word."
417,frame_000417_00-06-56-000.jpg,416.000,00:06:56.000,Attention và Feedforward,"What makes Transformers unique is their reliance on a special operation known as Attention. This gives all of these lists of numbers a chance to talk to one another and refine the meanings they encode based on the context around them, all in parallel. For example, the numbers encoding 'bank' might change based on context to encode the notion of a 'river bank'. Transformers also include a feedforward neural network, giving the model extra capacity to store more patterns about language. All this data repeatedly flows through many iterations of these two operations, so each list of numbers is enriched to encode whatever is needed to predict the next word."
418,frame_000418_00-06-57-000.jpg,417.000,00:06:57.000,Attention và Feedforward,"What makes Transformers unique is their reliance on a special operation known as Attention. This gives all of these lists of numbers a chance to talk to one another and refine the meanings they encode based on the context around them, all in parallel. For example, the numbers encoding 'bank' might change based on context to encode the notion of a 'river bank'. Transformers also include a feedforward neural network, giving the model extra capacity to store more patterns about language. All this data repeatedly flows through many iterations of these two operations, so each list of numbers is enriched to encode whatever is needed to predict the next word."
419,frame_000419_00-06-58-000.jpg,418.000,00:06:58.000,Attention và Feedforward,"What makes Transformers unique is their reliance on a special operation known as Attention. This gives all of these lists of numbers a chance to talk to one another and refine the meanings they encode based on the context around them, all in parallel. For example, the numbers encoding 'bank' might change based on context to encode the notion of a 'river bank'. Transformers also include a feedforward neural network, giving the model extra capacity to store more patterns about language. All this data repeatedly flows through many iterations of these two operations, so each list of numbers is enriched to encode whatever is needed to predict the next word."
420,frame_000420_00-06-59-000.jpg,419.000,00:06:59.000,Attention và Feedforward,"What makes Transformers unique is their reliance on a special operation known as Attention. This gives all of these lists of numbers a chance to talk to one another and refine the meanings they encode based on the context around them, all in parallel. For example, the numbers encoding 'bank' might change based on context to encode the notion of a 'river bank'. Transformers also include a feedforward neural network, giving the model extra capacity to store more patterns about language. All this data repeatedly flows through many iterations of these two operations, so each list of numbers is enriched to encode whatever is needed to predict the next word."
421,frame_000421_00-07-00-000.jpg,420.000,00:07:00.000,Kết: Hiện tượng phát sinh (Emergent),"At the end, one final function is performed on the last vector to produce a prediction of the next word, again a probability for every possible next word. Although researchers design the framework for how each step works, the specific behavior is an emergent phenomenon based on how those hundreds of billions of parameters are tuned during training. This makes it incredibly challenging to determine why the model makes the exact predictions it does. What you can see is that the words it generates are uncannily fluent, fascinating, and even useful."
422,frame_000422_00-07-01-000.jpg,421.000,00:07:01.000,Kết: Hiện tượng phát sinh (Emergent),"At the end, one final function is performed on the last vector to produce a prediction of the next word, again a probability for every possible next word. Although researchers design the framework for how each step works, the specific behavior is an emergent phenomenon based on how those hundreds of billions of parameters are tuned during training. This makes it incredibly challenging to determine why the model makes the exact predictions it does. What you can see is that the words it generates are uncannily fluent, fascinating, and even useful."
423,frame_000423_00-07-02-000.jpg,422.000,00:07:02.000,Kết: Hiện tượng phát sinh (Emergent),"At the end, one final function is performed on the last vector to produce a prediction of the next word, again a probability for every possible next word. Although researchers design the framework for how each step works, the specific behavior is an emergent phenomenon based on how those hundreds of billions of parameters are tuned during training. This makes it incredibly challenging to determine why the model makes the exact predictions it does. What you can see is that the words it generates are uncannily fluent, fascinating, and even useful."
424,frame_000424_00-07-03-000.jpg,423.000,00:07:03.000,Kết: Hiện tượng phát sinh (Emergent),"At the end, one final function is performed on the last vector to produce a prediction of the next word, again a probability for every possible next word. Although researchers design the framework for how each step works, the specific behavior is an emergent phenomenon based on how those hundreds of billions of parameters are tuned during training. This makes it incredibly challenging to determine why the model makes the exact predictions it does. What you can see is that the words it generates are uncannily fluent, fascinating, and even useful."
425,frame_000425_00-07-04-000.jpg,424.000,00:07:04.000,Kết: Hiện tượng phát sinh (Emergent),"At the end, one final function is performed on the last vector to produce a prediction of the next word, again a probability for every possible next word. Although researchers design the framework for how each step works, the specific behavior is an emergent phenomenon based on how those hundreds of billions of parameters are tuned during training. This makes it incredibly challenging to determine why the model makes the exact predictions it does. What you can see is that the words it generates are uncannily fluent, fascinating, and even useful."
426,frame_000426_00-07-05-000.jpg,425.000,00:07:05.000,Kết: Hiện tượng phát sinh (Emergent),"At the end, one final function is performed on the last vector to produce a prediction of the next word, again a probability for every possible next word. Although researchers design the framework for how each step works, the specific behavior is an emergent phenomenon based on how those hundreds of billions of parameters are tuned during training. This makes it incredibly challenging to determine why the model makes the exact predictions it does. What you can see is that the words it generates are uncannily fluent, fascinating, and even useful."
427,frame_000427_00-07-06-000.jpg,426.000,00:07:06.000,Kết: Hiện tượng phát sinh (Emergent),"At the end, one final function is performed on the last vector to produce a prediction of the next word, again a probability for every possible next word. Although researchers design the framework for how each step works, the specific behavior is an emergent phenomenon based on how those hundreds of billions of parameters are tuned during training. This makes it incredibly challenging to determine why the model makes the exact predictions it does. What you can see is that the words it generates are uncannily fluent, fascinating, and even useful."
428,frame_000428_00-07-07-000.jpg,427.000,00:07:07.000,Kết: Hiện tượng phát sinh (Emergent),"At the end, one final function is performed on the last vector to produce a prediction of the next word, again a probability for every possible next word. Although researchers design the framework for how each step works, the specific behavior is an emergent phenomenon based on how those hundreds of billions of parameters are tuned during training. This makes it incredibly challenging to determine why the model makes the exact predictions it does. What you can see is that the words it generates are uncannily fluent, fascinating, and even useful."
429,frame_000429_00-07-08-000.jpg,428.000,00:07:08.000,Kết: Hiện tượng phát sinh (Emergent),"At the end, one final function is performed on the last vector to produce a prediction of the next word, again a probability for every possible next word. Although researchers design the framework for how each step works, the specific behavior is an emergent phenomenon based on how those hundreds of billions of parameters are tuned during training. This makes it incredibly challenging to determine why the model makes the exact predictions it does. What you can see is that the words it generates are uncannily fluent, fascinating, and even useful."
430,frame_000430_00-07-09-000.jpg,429.000,00:07:09.000,Kết: Hiện tượng phát sinh (Emergent),"At the end, one final function is performed on the last vector to produce a prediction of the next word, again a probability for every possible next word. Although researchers design the framework for how each step works, the specific behavior is an emergent phenomenon based on how those hundreds of billions of parameters are tuned during training. This makes it incredibly challenging to determine why the model makes the exact predictions it does. What you can see is that the words it generates are uncannily fluent, fascinating, and even useful."
431,frame_000431_00-07-10-000.jpg,430.000,00:07:10.000,Kết: Hiện tượng phát sinh (Emergent),"At the end, one final function is performed on the last vector to produce a prediction of the next word, again a probability for every possible next word. Although researchers design the framework for how each step works, the specific behavior is an emergent phenomenon based on how those hundreds of billions of parameters are tuned during training. This makes it incredibly challenging to determine why the model makes the exact predictions it does. What you can see is that the words it generates are uncannily fluent, fascinating, and even useful."
432,frame_000432_00-07-11-000.jpg,431.000,00:07:11.000,Kết: Hiện tượng phát sinh (Emergent),"At the end, one final function is performed on the last vector to produce a prediction of the next word, again a probability for every possible next word. Although researchers design the framework for how each step works, the specific behavior is an emergent phenomenon based on how those hundreds of billions of parameters are tuned during training. This makes it incredibly challenging to determine why the model makes the exact predictions it does. What you can see is that the words it generates are uncannily fluent, fascinating, and even useful."
433,frame_000433_00-07-12-000.jpg,432.000,00:07:12.000,Kết: Hiện tượng phát sinh (Emergent),"At the end, one final function is performed on the last vector to produce a prediction of the next word, again a probability for every possible next word. Although researchers design the framework for how each step works, the specific behavior is an emergent phenomenon based on how those hundreds of billions of parameters are tuned during training. This makes it incredibly challenging to determine why the model makes the exact predictions it does. What you can see is that the words it generates are uncannily fluent, fascinating, and even useful."
434,frame_000434_00-07-13-000.jpg,433.000,00:07:13.000,Kết: Hiện tượng phát sinh (Emergent),"At the end, one final function is performed on the last vector to produce a prediction of the next word, again a probability for every possible next word. Although researchers design the framework for how each step works, the specific behavior is an emergent phenomenon based on how those hundreds of billions of parameters are tuned during training. This makes it incredibly challenging to determine why the model makes the exact predictions it does. What you can see is that the words it generates are uncannily fluent, fascinating, and even useful."
435,frame_000435_00-07-14-000.jpg,434.000,00:07:14.000,Kết: Hiện tượng phát sinh (Emergent),"At the end, one final function is performed on the last vector to produce a prediction of the next word, again a probability for every possible next word. Although researchers design the framework for how each step works, the specific behavior is an emergent phenomenon based on how those hundreds of billions of parameters are tuned during training. This makes it incredibly challenging to determine why the model makes the exact predictions it does. What you can see is that the words it generates are uncannily fluent, fascinating, and even useful."
436,frame_000436_00-07-15-000.jpg,435.000,00:07:15.000,Kết: Hiện tượng phát sinh (Emergent),"At the end, one final function is performed on the last vector to produce a prediction of the next word, again a probability for every possible next word. Although researchers design the framework for how each step works, the specific behavior is an emergent phenomenon based on how those hundreds of billions of parameters are tuned during training. This makes it incredibly challenging to determine why the model makes the exact predictions it does. What you can see is that the words it generates are uncannily fluent, fascinating, and even useful."
437,frame_000437_00-07-16-000.jpg,436.000,00:07:16.000,Kết: Hiện tượng phát sinh (Emergent),"At the end, one final function is performed on the last vector to produce a prediction of the next word, again a probability for every possible next word. Although researchers design the framework for how each step works, the specific behavior is an emergent phenomenon based on how those hundreds of billions of parameters are tuned during training. This makes it incredibly challenging to determine why the model makes the exact predictions it does. What you can see is that the words it generates are uncannily fluent, fascinating, and even useful."
438,frame_000438_00-07-17-000.jpg,437.000,00:07:17.000,Kết: Hiện tượng phát sinh (Emergent),"At the end, one final function is performed on the last vector to produce a prediction of the next word, again a probability for every possible next word. Although researchers design the framework for how each step works, the specific behavior is an emergent phenomenon based on how those hundreds of billions of parameters are tuned during training. This makes it incredibly challenging to determine why the model makes the exact predictions it does. What you can see is that the words it generates are uncannily fluent, fascinating, and even useful."
439,frame_000439_00-07-18-000.jpg,438.000,00:07:18.000,Kết: Hiện tượng phát sinh (Emergent),"At the end, one final function is performed on the last vector to produce a prediction of the next word, again a probability for every possible next word. Although researchers design the framework for how each step works, the specific behavior is an emergent phenomenon based on how those hundreds of billions of parameters are tuned during training. This makes it incredibly challenging to determine why the model makes the exact predictions it does. What you can see is that the words it generates are uncannily fluent, fascinating, and even useful."
440,frame_000440_00-07-19-000.jpg,439.000,00:07:19.000,Kết: Hiện tượng phát sinh (Emergent),"At the end, one final function is performed on the last vector to produce a prediction of the next word, again a probability for every possible next word. Although researchers design the framework for how each step works, the specific behavior is an emergent phenomenon based on how those hundreds of billions of parameters are tuned during training. This makes it incredibly challenging to determine why the model makes the exact predictions it does. What you can see is that the words it generates are uncannily fluent, fascinating, and even useful."
441,frame_000441_00-07-20-000.jpg,440.000,00:07:20.000,Kết: Hiện tượng phát sinh (Emergent),"At the end, one final function is performed on the last vector to produce a prediction of the next word, again a probability for every possible next word. Although researchers design the framework for how each step works, the specific behavior is an emergent phenomenon based on how those hundreds of billions of parameters are tuned during training. This makes it incredibly challenging to determine why the model makes the exact predictions it does. What you can see is that the words it generates are uncannily fluent, fascinating, and even useful."
442,frame_000442_00-07-21-000.jpg,441.000,00:07:21.000,Kết: Hiện tượng phát sinh (Emergent),"At the end, one final function is performed on the last vector to produce a prediction of the next word, again a probability for every possible next word. Although researchers design the framework for how each step works, the specific behavior is an emergent phenomenon based on how those hundreds of billions of parameters are tuned during training. This makes it incredibly challenging to determine why the model makes the exact predictions it does. What you can see is that the words it generates are uncannily fluent, fascinating, and even useful."
443,frame_000443_00-07-22-000.jpg,442.000,00:07:22.000,Kết: Hiện tượng phát sinh (Emergent),"At the end, one final function is performed on the last vector to produce a prediction of the next word, again a probability for every possible next word. Although researchers design the framework for how each step works, the specific behavior is an emergent phenomenon based on how those hundreds of billions of parameters are tuned during training. This makes it incredibly challenging to determine why the model makes the exact predictions it does. What you can see is that the words it generates are uncannily fluent, fascinating, and even useful."
444,frame_000444_00-07-23-000.jpg,443.000,00:07:23.000,Kết: Hiện tượng phát sinh (Emergent),"At the end, one final function is performed on the last vector to produce a prediction of the next word, again a probability for every possible next word. Although researchers design the framework for how each step works, the specific behavior is an emergent phenomenon based on how those hundreds of billions of parameters are tuned during training. This makes it incredibly challenging to determine why the model makes the exact predictions it does. What you can see is that the words it generates are uncannily fluent, fascinating, and even useful."
445,frame_000445_00-07-24-000.jpg,444.000,00:07:24.000,Kết: Hiện tượng phát sinh (Emergent),"At the end, one final function is performed on the last vector to produce a prediction of the next word, again a probability for every possible next word. Although researchers design the framework for how each step works, the specific behavior is an emergent phenomenon based on how those hundreds of billions of parameters are tuned during training. This makes it incredibly challenging to determine why the model makes the exact predictions it does. What you can see is that the words it generates are uncannily fluent, fascinating, and even useful."
446,frame_000446_00-07-25-000.jpg,445.000,00:07:25.000,Kết: Hiện tượng phát sinh (Emergent),"At the end, one final function is performed on the last vector to produce a prediction of the next word, again a probability for every possible next word. Although researchers design the framework for how each step works, the specific behavior is an emergent phenomenon based on how those hundreds of billions of parameters are tuned during training. This makes it incredibly challenging to determine why the model makes the exact predictions it does. What you can see is that the words it generates are uncannily fluent, fascinating, and even useful."
447,frame_000447_00-07-26-000.jpg,446.000,00:07:26.000,Kết: Hiện tượng phát sinh (Emergent),"At the end, one final function is performed on the last vector to produce a prediction of the next word, again a probability for every possible next word. Although researchers design the framework for how each step works, the specific behavior is an emergent phenomenon based on how those hundreds of billions of parameters are tuned during training. This makes it incredibly challenging to determine why the model makes the exact predictions it does. What you can see is that the words it generates are uncannily fluent, fascinating, and even useful."
448,frame_000448_00-07-27-000.jpg,447.000,00:07:27.000,Kết: Hiện tượng phát sinh (Emergent),"At the end, one final function is performed on the last vector to produce a prediction of the next word, again a probability for every possible next word. Although researchers design the framework for how each step works, the specific behavior is an emergent phenomenon based on how those hundreds of billions of parameters are tuned during training. This makes it incredibly challenging to determine why the model makes the exact predictions it does. What you can see is that the words it generates are uncannily fluent, fascinating, and even useful."
449,frame_000449_00-07-28-000.jpg,448.000,00:07:28.000,Kết: Hiện tượng phát sinh (Emergent),"At the end, one final function is performed on the last vector to produce a prediction of the next word, again a probability for every possible next word. Although researchers design the framework for how each step works, the specific behavior is an emergent phenomenon based on how those hundreds of billions of parameters are tuned during training. This makes it incredibly challenging to determine why the model makes the exact predictions it does. What you can see is that the words it generates are uncannily fluent, fascinating, and even useful."
450,frame_000450_00-07-29-000.jpg,449.000,00:07:29.000,Kết: Hiện tượng phát sinh (Emergent),"At the end, one final function is performed on the last vector to produce a prediction of the next word, again a probability for every possible next word. Although researchers design the framework for how each step works, the specific behavior is an emergent phenomenon based on how those hundreds of billions of parameters are tuned during training. This makes it incredibly challenging to determine why the model makes the exact predictions it does. What you can see is that the words it generates are uncannily fluent, fascinating, and even useful."
451,frame_000451_00-07-30-000.jpg,450.000,00:07:30.000,Kết: Hiện tượng phát sinh (Emergent),"At the end, one final function is performed on the last vector to produce a prediction of the next word, again a probability for every possible next word. Although researchers design the framework for how each step works, the specific behavior is an emergent phenomenon based on how those hundreds of billions of parameters are tuned during training. This makes it incredibly challenging to determine why the model makes the exact predictions it does. What you can see is that the words it generates are uncannily fluent, fascinating, and even useful."
452,frame_000452_00-07-31-000.jpg,451.000,00:07:31.000,Kết: Hiện tượng phát sinh (Emergent),"At the end, one final function is performed on the last vector to produce a prediction of the next word, again a probability for every possible next word. Although researchers design the framework for how each step works, the specific behavior is an emergent phenomenon based on how those hundreds of billions of parameters are tuned during training. This makes it incredibly challenging to determine why the model makes the exact predictions it does. What you can see is that the words it generates are uncannily fluent, fascinating, and even useful."
453,frame_000453_00-07-32-000.jpg,452.000,00:07:32.000,Kết: Hiện tượng phát sinh (Emergent),"At the end, one final function is performed on the last vector to produce a prediction of the next word, again a probability for every possible next word. Although researchers design the framework for how each step works, the specific behavior is an emergent phenomenon based on how those hundreds of billions of parameters are tuned during training. This makes it incredibly challenging to determine why the model makes the exact predictions it does. What you can see is that the words it generates are uncannily fluent, fascinating, and even useful."
454,frame_000454_00-07-33-000.jpg,453.000,00:07:33.000,Kết: Hiện tượng phát sinh (Emergent),"At the end, one final function is performed on the last vector to produce a prediction of the next word, again a probability for every possible next word. Although researchers design the framework for how each step works, the specific behavior is an emergent phenomenon based on how those hundreds of billions of parameters are tuned during training. This makes it incredibly challenging to determine why the model makes the exact predictions it does. What you can see is that the words it generates are uncannily fluent, fascinating, and even useful."
455,frame_000455_00-07-34-000.jpg,454.000,00:07:34.000,Kết: Hiện tượng phát sinh (Emergent),"At the end, one final function is performed on the last vector to produce a prediction of the next word, again a probability for every possible next word. Although researchers design the framework for how each step works, the specific behavior is an emergent phenomenon based on how those hundreds of billions of parameters are tuned during training. This makes it incredibly challenging to determine why the model makes the exact predictions it does. What you can see is that the words it generates are uncannily fluent, fascinating, and even useful."
456,frame_000456_00-07-35-000.jpg,455.000,00:07:35.000,Kết: Hiện tượng phát sinh (Emergent),"At the end, one final function is performed on the last vector to produce a prediction of the next word, again a probability for every possible next word. Although researchers design the framework for how each step works, the specific behavior is an emergent phenomenon based on how those hundreds of billions of parameters are tuned during training. This makes it incredibly challenging to determine why the model makes the exact predictions it does. What you can see is that the words it generates are uncannily fluent, fascinating, and even useful."
457,frame_000457_00-07-36-000.jpg,456.000,00:07:36.000,Kết: Hiện tượng phát sinh (Emergent),"At the end, one final function is performed on the last vector to produce a prediction of the next word, again a probability for every possible next word. Although researchers design the framework for how each step works, the specific behavior is an emergent phenomenon based on how those hundreds of billions of parameters are tuned during training. This makes it incredibly challenging to determine why the model makes the exact predictions it does. What you can see is that the words it generates are uncannily fluent, fascinating, and even useful."
458,frame_000458_00-07-37-000.jpg,457.000,00:07:37.000,Kết: Hiện tượng phát sinh (Emergent),"At the end, one final function is performed on the last vector to produce a prediction of the next word, again a probability for every possible next word. Although researchers design the framework for how each step works, the specific behavior is an emergent phenomenon based on how those hundreds of billions of parameters are tuned during training. This makes it incredibly challenging to determine why the model makes the exact predictions it does. What you can see is that the words it generates are uncannily fluent, fascinating, and even useful."
459,frame_000459_00-07-38-000.jpg,458.000,00:07:38.000,Kết: Hiện tượng phát sinh (Emergent),"At the end, one final function is performed on the last vector to produce a prediction of the next word, again a probability for every possible next word. Although researchers design the framework for how each step works, the specific behavior is an emergent phenomenon based on how those hundreds of billions of parameters are tuned during training. This makes it incredibly challenging to determine why the model makes the exact predictions it does. What you can see is that the words it generates are uncannily fluent, fascinating, and even useful."
460,frame_000460_00-07-39-000.jpg,459.000,00:07:39.000,Kết: Hiện tượng phát sinh (Emergent),"At the end, one final function is performed on the last vector to produce a prediction of the next word, again a probability for every possible next word. Although researchers design the framework for how each step works, the specific behavior is an emergent phenomenon based on how those hundreds of billions of parameters are tuned during training. This makes it incredibly challenging to determine why the model makes the exact predictions it does. What you can see is that the words it generates are uncannily fluent, fascinating, and even useful."
461,frame_000461_00-07-40-000.jpg,460.000,00:07:40.000,Kết: Hiện tượng phát sinh (Emergent),"At the end, one final function is performed on the last vector to produce a prediction of the next word, again a probability for every possible next word. Although researchers design the framework for how each step works, the specific behavior is an emergent phenomenon based on how those hundreds of billions of parameters are tuned during training. This makes it incredibly challenging to determine why the model makes the exact predictions it does. What you can see is that the words it generates are uncannily fluent, fascinating, and even useful."
462,frame_000462_00-07-41-000.jpg,461.000,00:07:41.000,Kết: Hiện tượng phát sinh (Emergent),"At the end, one final function is performed on the last vector to produce a prediction of the next word, again a probability for every possible next word. Although researchers design the framework for how each step works, the specific behavior is an emergent phenomenon based on how those hundreds of billions of parameters are tuned during training. This makes it incredibly challenging to determine why the model makes the exact predictions it does. What you can see is that the words it generates are uncannily fluent, fascinating, and even useful."
463,frame_000463_00-07-42-000.jpg,462.000,00:07:42.000,Kết: Hiện tượng phát sinh (Emergent),"At the end, one final function is performed on the last vector to produce a prediction of the next word, again a probability for every possible next word. Although researchers design the framework for how each step works, the specific behavior is an emergent phenomenon based on how those hundreds of billions of parameters are tuned during training. This makes it incredibly challenging to determine why the model makes the exact predictions it does. What you can see is that the words it generates are uncannily fluent, fascinating, and even useful."
464,frame_000464_00-07-43-000.jpg,463.000,00:07:43.000,Kết: Hiện tượng phát sinh (Emergent),"At the end, one final function is performed on the last vector to produce a prediction of the next word, again a probability for every possible next word. Although researchers design the framework for how each step works, the specific behavior is an emergent phenomenon based on how those hundreds of billions of parameters are tuned during training. This makes it incredibly challenging to determine why the model makes the exact predictions it does. What you can see is that the words it generates are uncannily fluent, fascinating, and even useful."
465,frame_000465_00-07-44-000.jpg,464.000,00:07:44.000,Kết: Hiện tượng phát sinh (Emergent),"At the end, one final function is performed on the last vector to produce a prediction of the next word, again a probability for every possible next word. Although researchers design the framework for how each step works, the specific behavior is an emergent phenomenon based on how those hundreds of billions of parameters are tuned during training. This makes it incredibly challenging to determine why the model makes the exact predictions it does. What you can see is that the words it generates are uncannily fluent, fascinating, and even useful."
466,frame_000466_00-07-45-000.jpg,465.000,00:07:45.000,Kết: Hiện tượng phát sinh (Emergent),"At the end, one final function is performed on the last vector to produce a prediction of the next word, again a probability for every possible next word. Although researchers design the framework for how each step works, the specific behavior is an emergent phenomenon based on how those hundreds of billions of parameters are tuned during training. This makes it incredibly challenging to determine why the model makes the exact predictions it does. What you can see is that the words it generates are uncannily fluent, fascinating, and even useful."
467,frame_000467_00-07-46-000.jpg,466.000,00:07:46.000,Kết: Hiện tượng phát sinh (Emergent),"At the end, one final function is performed on the last vector to produce a prediction of the next word, again a probability for every possible next word. Although researchers design the framework for how each step works, the specific behavior is an emergent phenomenon based on how those hundreds of billions of parameters are tuned during training. This makes it incredibly challenging to determine why the model makes the exact predictions it does. What you can see is that the words it generates are uncannily fluent, fascinating, and even useful."
468,frame_000468_00-07-47-000.jpg,467.000,00:07:47.000,Kết: Hiện tượng phát sinh (Emergent),"At the end, one final function is performed on the last vector to produce a prediction of the next word, again a probability for every possible next word. Although researchers design the framework for how each step works, the specific behavior is an emergent phenomenon based on how those hundreds of billions of parameters are tuned during training. This makes it incredibly challenging to determine why the model makes the exact predictions it does. What you can see is that the words it generates are uncannily fluent, fascinating, and even useful."
469,frame_000469_00-07-48-000.jpg,468.000,00:07:48.000,Kết: Hiện tượng phát sinh (Emergent),"At the end, one final function is performed on the last vector to produce a prediction of the next word, again a probability for every possible next word. Although researchers design the framework for how each step works, the specific behavior is an emergent phenomenon based on how those hundreds of billions of parameters are tuned during training. This makes it incredibly challenging to determine why the model makes the exact predictions it does. What you can see is that the words it generates are uncannily fluent, fascinating, and even useful."
470,frame_000470_00-07-49-000.jpg,469.000,00:07:49.000,Kết: Hiện tượng phát sinh (Emergent),"At the end, one final function is performed on the last vector to produce a prediction of the next word, again a probability for every possible next word. Although researchers design the framework for how each step works, the specific behavior is an emergent phenomenon based on how those hundreds of billions of parameters are tuned during training. This makes it incredibly challenging to determine why the model makes the exact predictions it does. What you can see is that the words it generates are uncannily fluent, fascinating, and even useful."
471,frame_000471_00-07-50-000.jpg,470.000,00:07:50.000,Kết: Hiện tượng phát sinh (Emergent),"At the end, one final function is performed on the last vector to produce a prediction of the next word, again a probability for every possible next word. Although researchers design the framework for how each step works, the specific behavior is an emergent phenomenon based on how those hundreds of billions of parameters are tuned during training. This makes it incredibly challenging to determine why the model makes the exact predictions it does. What you can see is that the words it generates are uncannily fluent, fascinating, and even useful."
472,frame_000472_00-07-51-000.jpg,471.000,00:07:51.000,Kết: Hiện tượng phát sinh (Emergent),"At the end, one final function is performed on the last vector to produce a prediction of the next word, again a probability for every possible next word. Although researchers design the framework for how each step works, the specific behavior is an emergent phenomenon based on how those hundreds of billions of parameters are tuned during training. This makes it incredibly challenging to determine why the model makes the exact predictions it does. What you can see is that the words it generates are uncannily fluent, fascinating, and even useful."
473,frame_000473_00-07-52-000.jpg,472.000,00:07:52.000,Kết: Hiện tượng phát sinh (Emergent),"At the end, one final function is performed on the last vector to produce a prediction of the next word, again a probability for every possible next word. Although researchers design the framework for how each step works, the specific behavior is an emergent phenomenon based on how those hundreds of billions of parameters are tuned during training. This makes it incredibly challenging to determine why the model makes the exact predictions it does. What you can see is that the words it generates are uncannily fluent, fascinating, and even useful."
474,frame_000474_00-07-53-000.jpg,473.000,00:07:53.000,Kết: Hiện tượng phát sinh (Emergent),"At the end, one final function is performed on the last vector to produce a prediction of the next word, again a probability for every possible next word. Although researchers design the framework for how each step works, the specific behavior is an emergent phenomenon based on how those hundreds of billions of parameters are tuned during training. This makes it incredibly challenging to determine why the model makes the exact predictions it does. What you can see is that the words it generates are uncannily fluent, fascinating, and even useful."
475,frame_000475_00-07-54-000.jpg,474.000,00:07:54.000,Kết: Hiện tượng phát sinh (Emergent),"At the end, one final function is performed on the last vector to produce a prediction of the next word, again a probability for every possible next word. Although researchers design the framework for how each step works, the specific behavior is an emergent phenomenon based on how those hundreds of billions of parameters are tuned during training. This makes it incredibly challenging to determine why the model makes the exact predictions it does. What you can see is that the words it generates are uncannily fluent, fascinating, and even useful."
476,frame_000476_00-07-55-000.jpg,475.000,00:07:55.000,Kết: Hiện tượng phát sinh (Emergent),"At the end, one final function is performed on the last vector to produce a prediction of the next word, again a probability for every possible next word. Although researchers design the framework for how each step works, the specific behavior is an emergent phenomenon based on how those hundreds of billions of parameters are tuned during training. This makes it incredibly challenging to determine why the model makes the exact predictions it does. What you can see is that the words it generates are uncannily fluent, fascinating, and even useful."
477,frame_000477_00-07-56-000.jpg,476.000,00:07:56.000,Kết: Hiện tượng phát sinh (Emergent),"At the end, one final function is performed on the last vector to produce a prediction of the next word, again a probability for every possible next word. Although researchers design the framework for how each step works, the specific behavior is an emergent phenomenon based on how those hundreds of billions of parameters are tuned during training. This makes it incredibly challenging to determine why the model makes the exact predictions it does. What you can see is that the words it generates are uncannily fluent, fascinating, and even useful."
