frame_index,filename,timestamp_seconds,timestamp_clock,segment,script_text
1,frame_000001_00-00-00-000.jpg,0.000,00:00:00.000,Mở đầu,"Chào mọi người. Ở đây có ai dành một tình cảm đặc biệt cho hình học không? Hình học từ lâu đã là một phần quan trọng trong toán học, không chỉ vì các công thức mà còn bởi cách các ý tưởng liên kết chặt chẽ với nhau. Từ những khái niệm rất cơ bản, người ta có thể xây dựng nên cả một hệ thống định lý phong phú và sâu sắc. Điều thú vị của hình học nằm ở quá trình khám phá. Trong video này, chúng ta sẽ lần lượt đi qua những nền tảng quan trọng nhất của hình học phẳng."
2,frame_000002_00-00-01-000.jpg,1.000,00:00:01.000,Mở đầu,"Chào mọi người. Ở đây có ai dành một tình cảm đặc biệt cho hình học không? Hình học từ lâu đã là một phần quan trọng trong toán học, không chỉ vì các công thức mà còn bởi cách các ý tưởng liên kết chặt chẽ với nhau. Từ những khái niệm rất cơ bản, người ta có thể xây dựng nên cả một hệ thống định lý phong phú và sâu sắc. Điều thú vị của hình học nằm ở quá trình khám phá. Trong video này, chúng ta sẽ lần lượt đi qua những nền tảng quan trọng nhất của hình học phẳng."
3,frame_000003_00-00-02-000.jpg,2.000,00:00:02.000,Mở đầu,"Chào mọi người. Ở đây có ai dành một tình cảm đặc biệt cho hình học không? Hình học từ lâu đã là một phần quan trọng trong toán học, không chỉ vì các công thức mà còn bởi cách các ý tưởng liên kết chặt chẽ với nhau. Từ những khái niệm rất cơ bản, người ta có thể xây dựng nên cả một hệ thống định lý phong phú và sâu sắc. Điều thú vị của hình học nằm ở quá trình khám phá. Trong video này, chúng ta sẽ lần lượt đi qua những nền tảng quan trọng nhất của hình học phẳng."
4,frame_000004_00-00-03-000.jpg,3.000,00:00:03.000,Mở đầu,"Chào mọi người. Ở đây có ai dành một tình cảm đặc biệt cho hình học không? Hình học từ lâu đã là một phần quan trọng trong toán học, không chỉ vì các công thức mà còn bởi cách các ý tưởng liên kết chặt chẽ với nhau. Từ những khái niệm rất cơ bản, người ta có thể xây dựng nên cả một hệ thống định lý phong phú và sâu sắc. Điều thú vị của hình học nằm ở quá trình khám phá. Trong video này, chúng ta sẽ lần lượt đi qua những nền tảng quan trọng nhất của hình học phẳng."
5,frame_000005_00-00-04-000.jpg,4.000,00:00:04.000,Mở đầu,"Chào mọi người. Ở đây có ai dành một tình cảm đặc biệt cho hình học không? Hình học từ lâu đã là một phần quan trọng trong toán học, không chỉ vì các công thức mà còn bởi cách các ý tưởng liên kết chặt chẽ với nhau. Từ những khái niệm rất cơ bản, người ta có thể xây dựng nên cả một hệ thống định lý phong phú và sâu sắc. Điều thú vị của hình học nằm ở quá trình khám phá. Trong video này, chúng ta sẽ lần lượt đi qua những nền tảng quan trọng nhất của hình học phẳng."
6,frame_000006_00-00-05-000.jpg,5.000,00:00:05.000,Mở đầu,"Chào mọi người. Ở đây có ai dành một tình cảm đặc biệt cho hình học không? Hình học từ lâu đã là một phần quan trọng trong toán học, không chỉ vì các công thức mà còn bởi cách các ý tưởng liên kết chặt chẽ với nhau. Từ những khái niệm rất cơ bản, người ta có thể xây dựng nên cả một hệ thống định lý phong phú và sâu sắc. Điều thú vị của hình học nằm ở quá trình khám phá. Trong video này, chúng ta sẽ lần lượt đi qua những nền tảng quan trọng nhất của hình học phẳng."
7,frame_000007_00-00-06-000.jpg,6.000,00:00:06.000,Mở đầu,"Chào mọi người. Ở đây có ai dành một tình cảm đặc biệt cho hình học không? Hình học từ lâu đã là một phần quan trọng trong toán học, không chỉ vì các công thức mà còn bởi cách các ý tưởng liên kết chặt chẽ với nhau. Từ những khái niệm rất cơ bản, người ta có thể xây dựng nên cả một hệ thống định lý phong phú và sâu sắc. Điều thú vị của hình học nằm ở quá trình khám phá. Trong video này, chúng ta sẽ lần lượt đi qua những nền tảng quan trọng nhất của hình học phẳng."
8,frame_000008_00-00-07-000.jpg,7.000,00:00:07.000,Mở đầu,"Chào mọi người. Ở đây có ai dành một tình cảm đặc biệt cho hình học không? Hình học từ lâu đã là một phần quan trọng trong toán học, không chỉ vì các công thức mà còn bởi cách các ý tưởng liên kết chặt chẽ với nhau. Từ những khái niệm rất cơ bản, người ta có thể xây dựng nên cả một hệ thống định lý phong phú và sâu sắc. Điều thú vị của hình học nằm ở quá trình khám phá. Trong video này, chúng ta sẽ lần lượt đi qua những nền tảng quan trọng nhất của hình học phẳng."
9,frame_000009_00-00-08-000.jpg,8.000,00:00:08.000,Mở đầu,"Chào mọi người. Ở đây có ai dành một tình cảm đặc biệt cho hình học không? Hình học từ lâu đã là một phần quan trọng trong toán học, không chỉ vì các công thức mà còn bởi cách các ý tưởng liên kết chặt chẽ với nhau. Từ những khái niệm rất cơ bản, người ta có thể xây dựng nên cả một hệ thống định lý phong phú và sâu sắc. Điều thú vị của hình học nằm ở quá trình khám phá. Trong video này, chúng ta sẽ lần lượt đi qua những nền tảng quan trọng nhất của hình học phẳng."
10,frame_000010_00-00-09-000.jpg,9.000,00:00:09.000,Mở đầu,"Chào mọi người. Ở đây có ai dành một tình cảm đặc biệt cho hình học không? Hình học từ lâu đã là một phần quan trọng trong toán học, không chỉ vì các công thức mà còn bởi cách các ý tưởng liên kết chặt chẽ với nhau. Từ những khái niệm rất cơ bản, người ta có thể xây dựng nên cả một hệ thống định lý phong phú và sâu sắc. Điều thú vị của hình học nằm ở quá trình khám phá. Trong video này, chúng ta sẽ lần lượt đi qua những nền tảng quan trọng nhất của hình học phẳng."
11,frame_000011_00-00-10-000.jpg,10.000,00:00:10.000,Mở đầu,"Chào mọi người. Ở đây có ai dành một tình cảm đặc biệt cho hình học không? Hình học từ lâu đã là một phần quan trọng trong toán học, không chỉ vì các công thức mà còn bởi cách các ý tưởng liên kết chặt chẽ với nhau. Từ những khái niệm rất cơ bản, người ta có thể xây dựng nên cả một hệ thống định lý phong phú và sâu sắc. Điều thú vị của hình học nằm ở quá trình khám phá. Trong video này, chúng ta sẽ lần lượt đi qua những nền tảng quan trọng nhất của hình học phẳng."
12,frame_000012_00-00-11-000.jpg,11.000,00:00:11.000,Mở đầu,"Chào mọi người. Ở đây có ai dành một tình cảm đặc biệt cho hình học không? Hình học từ lâu đã là một phần quan trọng trong toán học, không chỉ vì các công thức mà còn bởi cách các ý tưởng liên kết chặt chẽ với nhau. Từ những khái niệm rất cơ bản, người ta có thể xây dựng nên cả một hệ thống định lý phong phú và sâu sắc. Điều thú vị của hình học nằm ở quá trình khám phá. Trong video này, chúng ta sẽ lần lượt đi qua những nền tảng quan trọng nhất của hình học phẳng."
13,frame_000013_00-00-12-000.jpg,12.000,00:00:12.000,Mở đầu,"Chào mọi người. Ở đây có ai dành một tình cảm đặc biệt cho hình học không? Hình học từ lâu đã là một phần quan trọng trong toán học, không chỉ vì các công thức mà còn bởi cách các ý tưởng liên kết chặt chẽ với nhau. Từ những khái niệm rất cơ bản, người ta có thể xây dựng nên cả một hệ thống định lý phong phú và sâu sắc. Điều thú vị của hình học nằm ở quá trình khám phá. Trong video này, chúng ta sẽ lần lượt đi qua những nền tảng quan trọng nhất của hình học phẳng."
14,frame_000014_00-00-13-000.jpg,13.000,00:00:13.000,Mở đầu,"Chào mọi người. Ở đây có ai dành một tình cảm đặc biệt cho hình học không? Hình học từ lâu đã là một phần quan trọng trong toán học, không chỉ vì các công thức mà còn bởi cách các ý tưởng liên kết chặt chẽ với nhau. Từ những khái niệm rất cơ bản, người ta có thể xây dựng nên cả một hệ thống định lý phong phú và sâu sắc. Điều thú vị của hình học nằm ở quá trình khám phá. Trong video này, chúng ta sẽ lần lượt đi qua những nền tảng quan trọng nhất của hình học phẳng."
15,frame_000015_00-00-14-000.jpg,14.000,00:00:14.000,Mở đầu,"Chào mọi người. Ở đây có ai dành một tình cảm đặc biệt cho hình học không? Hình học từ lâu đã là một phần quan trọng trong toán học, không chỉ vì các công thức mà còn bởi cách các ý tưởng liên kết chặt chẽ với nhau. Từ những khái niệm rất cơ bản, người ta có thể xây dựng nên cả một hệ thống định lý phong phú và sâu sắc. Điều thú vị của hình học nằm ở quá trình khám phá. Trong video này, chúng ta sẽ lần lượt đi qua những nền tảng quan trọng nhất của hình học phẳng."
16,frame_000016_00-00-15-000.jpg,15.000,00:00:15.000,Mở đầu,"Chào mọi người. Ở đây có ai dành một tình cảm đặc biệt cho hình học không? Hình học từ lâu đã là một phần quan trọng trong toán học, không chỉ vì các công thức mà còn bởi cách các ý tưởng liên kết chặt chẽ với nhau. Từ những khái niệm rất cơ bản, người ta có thể xây dựng nên cả một hệ thống định lý phong phú và sâu sắc. Điều thú vị của hình học nằm ở quá trình khám phá. Trong video này, chúng ta sẽ lần lượt đi qua những nền tảng quan trọng nhất của hình học phẳng."
17,frame_000017_00-00-16-000.jpg,16.000,00:00:16.000,Mở đầu,"Chào mọi người. Ở đây có ai dành một tình cảm đặc biệt cho hình học không? Hình học từ lâu đã là một phần quan trọng trong toán học, không chỉ vì các công thức mà còn bởi cách các ý tưởng liên kết chặt chẽ với nhau. Từ những khái niệm rất cơ bản, người ta có thể xây dựng nên cả một hệ thống định lý phong phú và sâu sắc. Điều thú vị của hình học nằm ở quá trình khám phá. Trong video này, chúng ta sẽ lần lượt đi qua những nền tảng quan trọng nhất của hình học phẳng."
18,frame_000018_00-00-17-000.jpg,17.000,00:00:17.000,Mở đầu,"Chào mọi người. Ở đây có ai dành một tình cảm đặc biệt cho hình học không? Hình học từ lâu đã là một phần quan trọng trong toán học, không chỉ vì các công thức mà còn bởi cách các ý tưởng liên kết chặt chẽ với nhau. Từ những khái niệm rất cơ bản, người ta có thể xây dựng nên cả một hệ thống định lý phong phú và sâu sắc. Điều thú vị của hình học nằm ở quá trình khám phá. Trong video này, chúng ta sẽ lần lượt đi qua những nền tảng quan trọng nhất của hình học phẳng."
19,frame_000019_00-00-18-000.jpg,18.000,00:00:18.000,Mở đầu,"Chào mọi người. Ở đây có ai dành một tình cảm đặc biệt cho hình học không? Hình học từ lâu đã là một phần quan trọng trong toán học, không chỉ vì các công thức mà còn bởi cách các ý tưởng liên kết chặt chẽ với nhau. Từ những khái niệm rất cơ bản, người ta có thể xây dựng nên cả một hệ thống định lý phong phú và sâu sắc. Điều thú vị của hình học nằm ở quá trình khám phá. Trong video này, chúng ta sẽ lần lượt đi qua những nền tảng quan trọng nhất của hình học phẳng."
20,frame_000020_00-00-19-000.jpg,19.000,00:00:19.000,Mở đầu,"Chào mọi người. Ở đây có ai dành một tình cảm đặc biệt cho hình học không? Hình học từ lâu đã là một phần quan trọng trong toán học, không chỉ vì các công thức mà còn bởi cách các ý tưởng liên kết chặt chẽ với nhau. Từ những khái niệm rất cơ bản, người ta có thể xây dựng nên cả một hệ thống định lý phong phú và sâu sắc. Điều thú vị của hình học nằm ở quá trình khám phá. Trong video này, chúng ta sẽ lần lượt đi qua những nền tảng quan trọng nhất của hình học phẳng."
21,frame_000021_00-00-20-000.jpg,20.000,00:00:20.000,Mở đầu,"Chào mọi người. Ở đây có ai dành một tình cảm đặc biệt cho hình học không? Hình học từ lâu đã là một phần quan trọng trong toán học, không chỉ vì các công thức mà còn bởi cách các ý tưởng liên kết chặt chẽ với nhau. Từ những khái niệm rất cơ bản, người ta có thể xây dựng nên cả một hệ thống định lý phong phú và sâu sắc. Điều thú vị của hình học nằm ở quá trình khám phá. Trong video này, chúng ta sẽ lần lượt đi qua những nền tảng quan trọng nhất của hình học phẳng."
22,frame_000022_00-00-21-000.jpg,21.000,00:00:21.000,Mở đầu,"Chào mọi người. Ở đây có ai dành một tình cảm đặc biệt cho hình học không? Hình học từ lâu đã là một phần quan trọng trong toán học, không chỉ vì các công thức mà còn bởi cách các ý tưởng liên kết chặt chẽ với nhau. Từ những khái niệm rất cơ bản, người ta có thể xây dựng nên cả một hệ thống định lý phong phú và sâu sắc. Điều thú vị của hình học nằm ở quá trình khám phá. Trong video này, chúng ta sẽ lần lượt đi qua những nền tảng quan trọng nhất của hình học phẳng."
23,frame_000023_00-00-22-000.jpg,22.000,00:00:22.000,Mở đầu,"Chào mọi người. Ở đây có ai dành một tình cảm đặc biệt cho hình học không? Hình học từ lâu đã là một phần quan trọng trong toán học, không chỉ vì các công thức mà còn bởi cách các ý tưởng liên kết chặt chẽ với nhau. Từ những khái niệm rất cơ bản, người ta có thể xây dựng nên cả một hệ thống định lý phong phú và sâu sắc. Điều thú vị của hình học nằm ở quá trình khám phá. Trong video này, chúng ta sẽ lần lượt đi qua những nền tảng quan trọng nhất của hình học phẳng."
24,frame_000024_00-00-23-000.jpg,23.000,00:00:23.000,Mở đầu,"Chào mọi người. Ở đây có ai dành một tình cảm đặc biệt cho hình học không? Hình học từ lâu đã là một phần quan trọng trong toán học, không chỉ vì các công thức mà còn bởi cách các ý tưởng liên kết chặt chẽ với nhau. Từ những khái niệm rất cơ bản, người ta có thể xây dựng nên cả một hệ thống định lý phong phú và sâu sắc. Điều thú vị của hình học nằm ở quá trình khám phá. Trong video này, chúng ta sẽ lần lượt đi qua những nền tảng quan trọng nhất của hình học phẳng."
25,frame_000025_00-00-24-000.jpg,24.000,00:00:24.000,Mở đầu,"Chào mọi người. Ở đây có ai dành một tình cảm đặc biệt cho hình học không? Hình học từ lâu đã là một phần quan trọng trong toán học, không chỉ vì các công thức mà còn bởi cách các ý tưởng liên kết chặt chẽ với nhau. Từ những khái niệm rất cơ bản, người ta có thể xây dựng nên cả một hệ thống định lý phong phú và sâu sắc. Điều thú vị của hình học nằm ở quá trình khám phá. Trong video này, chúng ta sẽ lần lượt đi qua những nền tảng quan trọng nhất của hình học phẳng."
26,frame_000026_00-00-25-000.jpg,25.000,00:00:25.000,Mở đầu,"Chào mọi người. Ở đây có ai dành một tình cảm đặc biệt cho hình học không? Hình học từ lâu đã là một phần quan trọng trong toán học, không chỉ vì các công thức mà còn bởi cách các ý tưởng liên kết chặt chẽ với nhau. Từ những khái niệm rất cơ bản, người ta có thể xây dựng nên cả một hệ thống định lý phong phú và sâu sắc. Điều thú vị của hình học nằm ở quá trình khám phá. Trong video này, chúng ta sẽ lần lượt đi qua những nền tảng quan trọng nhất của hình học phẳng."
27,frame_000027_00-00-26-000.jpg,26.000,00:00:26.000,Mở đầu,"Chào mọi người. Ở đây có ai dành một tình cảm đặc biệt cho hình học không? Hình học từ lâu đã là một phần quan trọng trong toán học, không chỉ vì các công thức mà còn bởi cách các ý tưởng liên kết chặt chẽ với nhau. Từ những khái niệm rất cơ bản, người ta có thể xây dựng nên cả một hệ thống định lý phong phú và sâu sắc. Điều thú vị của hình học nằm ở quá trình khám phá. Trong video này, chúng ta sẽ lần lượt đi qua những nền tảng quan trọng nhất của hình học phẳng."
28,frame_000028_00-00-27-000.jpg,27.000,00:00:27.000,Mở đầu,"Chào mọi người. Ở đây có ai dành một tình cảm đặc biệt cho hình học không? Hình học từ lâu đã là một phần quan trọng trong toán học, không chỉ vì các công thức mà còn bởi cách các ý tưởng liên kết chặt chẽ với nhau. Từ những khái niệm rất cơ bản, người ta có thể xây dựng nên cả một hệ thống định lý phong phú và sâu sắc. Điều thú vị của hình học nằm ở quá trình khám phá. Trong video này, chúng ta sẽ lần lượt đi qua những nền tảng quan trọng nhất của hình học phẳng."
29,frame_000029_00-00-28-000.jpg,28.000,00:00:28.000,Mở đầu,"Chào mọi người. Ở đây có ai dành một tình cảm đặc biệt cho hình học không? Hình học từ lâu đã là một phần quan trọng trong toán học, không chỉ vì các công thức mà còn bởi cách các ý tưởng liên kết chặt chẽ với nhau. Từ những khái niệm rất cơ bản, người ta có thể xây dựng nên cả một hệ thống định lý phong phú và sâu sắc. Điều thú vị của hình học nằm ở quá trình khám phá. Trong video này, chúng ta sẽ lần lượt đi qua những nền tảng quan trọng nhất của hình học phẳng."
30,frame_000030_00-00-29-000.jpg,29.000,00:00:29.000,Mở đầu,"Chào mọi người. Ở đây có ai dành một tình cảm đặc biệt cho hình học không? Hình học từ lâu đã là một phần quan trọng trong toán học, không chỉ vì các công thức mà còn bởi cách các ý tưởng liên kết chặt chẽ với nhau. Từ những khái niệm rất cơ bản, người ta có thể xây dựng nên cả một hệ thống định lý phong phú và sâu sắc. Điều thú vị của hình học nằm ở quá trình khám phá. Trong video này, chúng ta sẽ lần lượt đi qua những nền tảng quan trọng nhất của hình học phẳng."
31,frame_000031_00-00-30-000.jpg,30.000,00:00:30.000,Mở đầu,"Chào mọi người. Ở đây có ai dành một tình cảm đặc biệt cho hình học không? Hình học từ lâu đã là một phần quan trọng trong toán học, không chỉ vì các công thức mà còn bởi cách các ý tưởng liên kết chặt chẽ với nhau. Từ những khái niệm rất cơ bản, người ta có thể xây dựng nên cả một hệ thống định lý phong phú và sâu sắc. Điều thú vị của hình học nằm ở quá trình khám phá. Trong video này, chúng ta sẽ lần lượt đi qua những nền tảng quan trọng nhất của hình học phẳng."
32,frame_000032_00-00-31-000.jpg,31.000,00:00:31.000,Mở đầu,"Chào mọi người. Ở đây có ai dành một tình cảm đặc biệt cho hình học không? Hình học từ lâu đã là một phần quan trọng trong toán học, không chỉ vì các công thức mà còn bởi cách các ý tưởng liên kết chặt chẽ với nhau. Từ những khái niệm rất cơ bản, người ta có thể xây dựng nên cả một hệ thống định lý phong phú và sâu sắc. Điều thú vị của hình học nằm ở quá trình khám phá. Trong video này, chúng ta sẽ lần lượt đi qua những nền tảng quan trọng nhất của hình học phẳng."
33,frame_000033_00-00-32-000.jpg,32.000,00:00:32.000,Mở đầu,"Chào mọi người. Ở đây có ai dành một tình cảm đặc biệt cho hình học không? Hình học từ lâu đã là một phần quan trọng trong toán học, không chỉ vì các công thức mà còn bởi cách các ý tưởng liên kết chặt chẽ với nhau. Từ những khái niệm rất cơ bản, người ta có thể xây dựng nên cả một hệ thống định lý phong phú và sâu sắc. Điều thú vị của hình học nằm ở quá trình khám phá. Trong video này, chúng ta sẽ lần lượt đi qua những nền tảng quan trọng nhất của hình học phẳng."
34,frame_000034_00-00-33-000.jpg,33.000,00:00:33.000,Mở đầu,"Chào mọi người. Ở đây có ai dành một tình cảm đặc biệt cho hình học không? Hình học từ lâu đã là một phần quan trọng trong toán học, không chỉ vì các công thức mà còn bởi cách các ý tưởng liên kết chặt chẽ với nhau. Từ những khái niệm rất cơ bản, người ta có thể xây dựng nên cả một hệ thống định lý phong phú và sâu sắc. Điều thú vị của hình học nằm ở quá trình khám phá. Trong video này, chúng ta sẽ lần lượt đi qua những nền tảng quan trọng nhất của hình học phẳng."
35,frame_000035_00-00-34-000.jpg,34.000,00:00:34.000,Hai vật liệu gốc: Điểm và đường thẳng,"Hình học phẳng bắt đầu chỉ với hai thứ: điểm và đường thẳng. Điểm là một vị trí, không kích thước. Đường thẳng là tập hợp vô số điểm thẳng hàng, kéo dài vô tận. Nguyên tắc đầu tiên: Qua hai điểm phân biệt, có đúng một đường thẳng. Từ đường thẳng cắt ra: Tia (nửa đường thẳng) và Đoạn thẳng (phần bị chặn giữa hai điểm). Bốn yếu tố cơ bản: điểm, đường thẳng, tia, đoạn thẳng."
36,frame_000036_00-00-35-000.jpg,35.000,00:00:35.000,Hai vật liệu gốc: Điểm và đường thẳng,"Hình học phẳng bắt đầu chỉ với hai thứ: điểm và đường thẳng. Điểm là một vị trí, không kích thước. Đường thẳng là tập hợp vô số điểm thẳng hàng, kéo dài vô tận. Nguyên tắc đầu tiên: Qua hai điểm phân biệt, có đúng một đường thẳng. Từ đường thẳng cắt ra: Tia (nửa đường thẳng) và Đoạn thẳng (phần bị chặn giữa hai điểm). Bốn yếu tố cơ bản: điểm, đường thẳng, tia, đoạn thẳng."
37,frame_000037_00-00-36-000.jpg,36.000,00:00:36.000,Hai vật liệu gốc: Điểm và đường thẳng,"Hình học phẳng bắt đầu chỉ với hai thứ: điểm và đường thẳng. Điểm là một vị trí, không kích thước. Đường thẳng là tập hợp vô số điểm thẳng hàng, kéo dài vô tận. Nguyên tắc đầu tiên: Qua hai điểm phân biệt, có đúng một đường thẳng. Từ đường thẳng cắt ra: Tia (nửa đường thẳng) và Đoạn thẳng (phần bị chặn giữa hai điểm). Bốn yếu tố cơ bản: điểm, đường thẳng, tia, đoạn thẳng."
38,frame_000038_00-00-37-000.jpg,37.000,00:00:37.000,Hai vật liệu gốc: Điểm và đường thẳng,"Hình học phẳng bắt đầu chỉ với hai thứ: điểm và đường thẳng. Điểm là một vị trí, không kích thước. Đường thẳng là tập hợp vô số điểm thẳng hàng, kéo dài vô tận. Nguyên tắc đầu tiên: Qua hai điểm phân biệt, có đúng một đường thẳng. Từ đường thẳng cắt ra: Tia (nửa đường thẳng) và Đoạn thẳng (phần bị chặn giữa hai điểm). Bốn yếu tố cơ bản: điểm, đường thẳng, tia, đoạn thẳng."
39,frame_000039_00-00-38-000.jpg,38.000,00:00:38.000,Hai vật liệu gốc: Điểm và đường thẳng,"Hình học phẳng bắt đầu chỉ với hai thứ: điểm và đường thẳng. Điểm là một vị trí, không kích thước. Đường thẳng là tập hợp vô số điểm thẳng hàng, kéo dài vô tận. Nguyên tắc đầu tiên: Qua hai điểm phân biệt, có đúng một đường thẳng. Từ đường thẳng cắt ra: Tia (nửa đường thẳng) và Đoạn thẳng (phần bị chặn giữa hai điểm). Bốn yếu tố cơ bản: điểm, đường thẳng, tia, đoạn thẳng."
40,frame_000040_00-00-39-000.jpg,39.000,00:00:39.000,Hai vật liệu gốc: Điểm và đường thẳng,"Hình học phẳng bắt đầu chỉ với hai thứ: điểm và đường thẳng. Điểm là một vị trí, không kích thước. Đường thẳng là tập hợp vô số điểm thẳng hàng, kéo dài vô tận. Nguyên tắc đầu tiên: Qua hai điểm phân biệt, có đúng một đường thẳng. Từ đường thẳng cắt ra: Tia (nửa đường thẳng) và Đoạn thẳng (phần bị chặn giữa hai điểm). Bốn yếu tố cơ bản: điểm, đường thẳng, tia, đoạn thẳng."
41,frame_000041_00-00-40-000.jpg,40.000,00:00:40.000,Hai vật liệu gốc: Điểm và đường thẳng,"Hình học phẳng bắt đầu chỉ với hai thứ: điểm và đường thẳng. Điểm là một vị trí, không kích thước. Đường thẳng là tập hợp vô số điểm thẳng hàng, kéo dài vô tận. Nguyên tắc đầu tiên: Qua hai điểm phân biệt, có đúng một đường thẳng. Từ đường thẳng cắt ra: Tia (nửa đường thẳng) và Đoạn thẳng (phần bị chặn giữa hai điểm). Bốn yếu tố cơ bản: điểm, đường thẳng, tia, đoạn thẳng."
42,frame_000042_00-00-41-000.jpg,41.000,00:00:41.000,Hai vật liệu gốc: Điểm và đường thẳng,"Hình học phẳng bắt đầu chỉ với hai thứ: điểm và đường thẳng. Điểm là một vị trí, không kích thước. Đường thẳng là tập hợp vô số điểm thẳng hàng, kéo dài vô tận. Nguyên tắc đầu tiên: Qua hai điểm phân biệt, có đúng một đường thẳng. Từ đường thẳng cắt ra: Tia (nửa đường thẳng) và Đoạn thẳng (phần bị chặn giữa hai điểm). Bốn yếu tố cơ bản: điểm, đường thẳng, tia, đoạn thẳng."
43,frame_000043_00-00-42-000.jpg,42.000,00:00:42.000,Hai vật liệu gốc: Điểm và đường thẳng,"Hình học phẳng bắt đầu chỉ với hai thứ: điểm và đường thẳng. Điểm là một vị trí, không kích thước. Đường thẳng là tập hợp vô số điểm thẳng hàng, kéo dài vô tận. Nguyên tắc đầu tiên: Qua hai điểm phân biệt, có đúng một đường thẳng. Từ đường thẳng cắt ra: Tia (nửa đường thẳng) và Đoạn thẳng (phần bị chặn giữa hai điểm). Bốn yếu tố cơ bản: điểm, đường thẳng, tia, đoạn thẳng."
44,frame_000044_00-00-43-000.jpg,43.000,00:00:43.000,Hai vật liệu gốc: Điểm và đường thẳng,"Hình học phẳng bắt đầu chỉ với hai thứ: điểm và đường thẳng. Điểm là một vị trí, không kích thước. Đường thẳng là tập hợp vô số điểm thẳng hàng, kéo dài vô tận. Nguyên tắc đầu tiên: Qua hai điểm phân biệt, có đúng một đường thẳng. Từ đường thẳng cắt ra: Tia (nửa đường thẳng) và Đoạn thẳng (phần bị chặn giữa hai điểm). Bốn yếu tố cơ bản: điểm, đường thẳng, tia, đoạn thẳng."
45,frame_000045_00-00-44-000.jpg,44.000,00:00:44.000,Hai vật liệu gốc: Điểm và đường thẳng,"Hình học phẳng bắt đầu chỉ với hai thứ: điểm và đường thẳng. Điểm là một vị trí, không kích thước. Đường thẳng là tập hợp vô số điểm thẳng hàng, kéo dài vô tận. Nguyên tắc đầu tiên: Qua hai điểm phân biệt, có đúng một đường thẳng. Từ đường thẳng cắt ra: Tia (nửa đường thẳng) và Đoạn thẳng (phần bị chặn giữa hai điểm). Bốn yếu tố cơ bản: điểm, đường thẳng, tia, đoạn thẳng."
46,frame_000046_00-00-45-000.jpg,45.000,00:00:45.000,Hai vật liệu gốc: Điểm và đường thẳng,"Hình học phẳng bắt đầu chỉ với hai thứ: điểm và đường thẳng. Điểm là một vị trí, không kích thước. Đường thẳng là tập hợp vô số điểm thẳng hàng, kéo dài vô tận. Nguyên tắc đầu tiên: Qua hai điểm phân biệt, có đúng một đường thẳng. Từ đường thẳng cắt ra: Tia (nửa đường thẳng) và Đoạn thẳng (phần bị chặn giữa hai điểm). Bốn yếu tố cơ bản: điểm, đường thẳng, tia, đoạn thẳng."
47,frame_000047_00-00-46-000.jpg,46.000,00:00:46.000,Hai vật liệu gốc: Điểm và đường thẳng,"Hình học phẳng bắt đầu chỉ với hai thứ: điểm và đường thẳng. Điểm là một vị trí, không kích thước. Đường thẳng là tập hợp vô số điểm thẳng hàng, kéo dài vô tận. Nguyên tắc đầu tiên: Qua hai điểm phân biệt, có đúng một đường thẳng. Từ đường thẳng cắt ra: Tia (nửa đường thẳng) và Đoạn thẳng (phần bị chặn giữa hai điểm). Bốn yếu tố cơ bản: điểm, đường thẳng, tia, đoạn thẳng."
48,frame_000048_00-00-47-000.jpg,47.000,00:00:47.000,Hai vật liệu gốc: Điểm và đường thẳng,"Hình học phẳng bắt đầu chỉ với hai thứ: điểm và đường thẳng. Điểm là một vị trí, không kích thước. Đường thẳng là tập hợp vô số điểm thẳng hàng, kéo dài vô tận. Nguyên tắc đầu tiên: Qua hai điểm phân biệt, có đúng một đường thẳng. Từ đường thẳng cắt ra: Tia (nửa đường thẳng) và Đoạn thẳng (phần bị chặn giữa hai điểm). Bốn yếu tố cơ bản: điểm, đường thẳng, tia, đoạn thẳng."
49,frame_000049_00-00-48-000.jpg,48.000,00:00:48.000,Hai vật liệu gốc: Điểm và đường thẳng,"Hình học phẳng bắt đầu chỉ với hai thứ: điểm và đường thẳng. Điểm là một vị trí, không kích thước. Đường thẳng là tập hợp vô số điểm thẳng hàng, kéo dài vô tận. Nguyên tắc đầu tiên: Qua hai điểm phân biệt, có đúng một đường thẳng. Từ đường thẳng cắt ra: Tia (nửa đường thẳng) và Đoạn thẳng (phần bị chặn giữa hai điểm). Bốn yếu tố cơ bản: điểm, đường thẳng, tia, đoạn thẳng."
50,frame_000050_00-00-49-000.jpg,49.000,00:00:49.000,Hai vật liệu gốc: Điểm và đường thẳng,"Hình học phẳng bắt đầu chỉ với hai thứ: điểm và đường thẳng. Điểm là một vị trí, không kích thước. Đường thẳng là tập hợp vô số điểm thẳng hàng, kéo dài vô tận. Nguyên tắc đầu tiên: Qua hai điểm phân biệt, có đúng một đường thẳng. Từ đường thẳng cắt ra: Tia (nửa đường thẳng) và Đoạn thẳng (phần bị chặn giữa hai điểm). Bốn yếu tố cơ bản: điểm, đường thẳng, tia, đoạn thẳng."
51,frame_000051_00-00-50-000.jpg,50.000,00:00:50.000,Hai vật liệu gốc: Điểm và đường thẳng,"Hình học phẳng bắt đầu chỉ với hai thứ: điểm và đường thẳng. Điểm là một vị trí, không kích thước. Đường thẳng là tập hợp vô số điểm thẳng hàng, kéo dài vô tận. Nguyên tắc đầu tiên: Qua hai điểm phân biệt, có đúng một đường thẳng. Từ đường thẳng cắt ra: Tia (nửa đường thẳng) và Đoạn thẳng (phần bị chặn giữa hai điểm). Bốn yếu tố cơ bản: điểm, đường thẳng, tia, đoạn thẳng."
52,frame_000052_00-00-51-000.jpg,51.000,00:00:51.000,Hai vật liệu gốc: Điểm và đường thẳng,"Hình học phẳng bắt đầu chỉ với hai thứ: điểm và đường thẳng. Điểm là một vị trí, không kích thước. Đường thẳng là tập hợp vô số điểm thẳng hàng, kéo dài vô tận. Nguyên tắc đầu tiên: Qua hai điểm phân biệt, có đúng một đường thẳng. Từ đường thẳng cắt ra: Tia (nửa đường thẳng) và Đoạn thẳng (phần bị chặn giữa hai điểm). Bốn yếu tố cơ bản: điểm, đường thẳng, tia, đoạn thẳng."
53,frame_000053_00-00-52-000.jpg,52.000,00:00:52.000,Hai vật liệu gốc: Điểm và đường thẳng,"Hình học phẳng bắt đầu chỉ với hai thứ: điểm và đường thẳng. Điểm là một vị trí, không kích thước. Đường thẳng là tập hợp vô số điểm thẳng hàng, kéo dài vô tận. Nguyên tắc đầu tiên: Qua hai điểm phân biệt, có đúng một đường thẳng. Từ đường thẳng cắt ra: Tia (nửa đường thẳng) và Đoạn thẳng (phần bị chặn giữa hai điểm). Bốn yếu tố cơ bản: điểm, đường thẳng, tia, đoạn thẳng."
54,frame_000054_00-00-53-000.jpg,53.000,00:00:53.000,Hai vật liệu gốc: Điểm và đường thẳng,"Hình học phẳng bắt đầu chỉ với hai thứ: điểm và đường thẳng. Điểm là một vị trí, không kích thước. Đường thẳng là tập hợp vô số điểm thẳng hàng, kéo dài vô tận. Nguyên tắc đầu tiên: Qua hai điểm phân biệt, có đúng một đường thẳng. Từ đường thẳng cắt ra: Tia (nửa đường thẳng) và Đoạn thẳng (phần bị chặn giữa hai điểm). Bốn yếu tố cơ bản: điểm, đường thẳng, tia, đoạn thẳng."
55,frame_000055_00-00-54-000.jpg,54.000,00:00:54.000,Hai vật liệu gốc: Điểm và đường thẳng,"Hình học phẳng bắt đầu chỉ với hai thứ: điểm và đường thẳng. Điểm là một vị trí, không kích thước. Đường thẳng là tập hợp vô số điểm thẳng hàng, kéo dài vô tận. Nguyên tắc đầu tiên: Qua hai điểm phân biệt, có đúng một đường thẳng. Từ đường thẳng cắt ra: Tia (nửa đường thẳng) và Đoạn thẳng (phần bị chặn giữa hai điểm). Bốn yếu tố cơ bản: điểm, đường thẳng, tia, đoạn thẳng."
56,frame_000056_00-00-55-000.jpg,55.000,00:00:55.000,Hai vật liệu gốc: Điểm và đường thẳng,"Hình học phẳng bắt đầu chỉ với hai thứ: điểm và đường thẳng. Điểm là một vị trí, không kích thước. Đường thẳng là tập hợp vô số điểm thẳng hàng, kéo dài vô tận. Nguyên tắc đầu tiên: Qua hai điểm phân biệt, có đúng một đường thẳng. Từ đường thẳng cắt ra: Tia (nửa đường thẳng) và Đoạn thẳng (phần bị chặn giữa hai điểm). Bốn yếu tố cơ bản: điểm, đường thẳng, tia, đoạn thẳng."
57,frame_000057_00-00-56-000.jpg,56.000,00:00:56.000,Hai vật liệu gốc: Điểm và đường thẳng,"Hình học phẳng bắt đầu chỉ với hai thứ: điểm và đường thẳng. Điểm là một vị trí, không kích thước. Đường thẳng là tập hợp vô số điểm thẳng hàng, kéo dài vô tận. Nguyên tắc đầu tiên: Qua hai điểm phân biệt, có đúng một đường thẳng. Từ đường thẳng cắt ra: Tia (nửa đường thẳng) và Đoạn thẳng (phần bị chặn giữa hai điểm). Bốn yếu tố cơ bản: điểm, đường thẳng, tia, đoạn thẳng."
58,frame_000058_00-00-57-000.jpg,57.000,00:00:57.000,Hai vật liệu gốc: Điểm và đường thẳng,"Hình học phẳng bắt đầu chỉ với hai thứ: điểm và đường thẳng. Điểm là một vị trí, không kích thước. Đường thẳng là tập hợp vô số điểm thẳng hàng, kéo dài vô tận. Nguyên tắc đầu tiên: Qua hai điểm phân biệt, có đúng một đường thẳng. Từ đường thẳng cắt ra: Tia (nửa đường thẳng) và Đoạn thẳng (phần bị chặn giữa hai điểm). Bốn yếu tố cơ bản: điểm, đường thẳng, tia, đoạn thẳng."
59,frame_000059_00-00-58-000.jpg,58.000,00:00:58.000,Hai vật liệu gốc: Điểm và đường thẳng,"Hình học phẳng bắt đầu chỉ với hai thứ: điểm và đường thẳng. Điểm là một vị trí, không kích thước. Đường thẳng là tập hợp vô số điểm thẳng hàng, kéo dài vô tận. Nguyên tắc đầu tiên: Qua hai điểm phân biệt, có đúng một đường thẳng. Từ đường thẳng cắt ra: Tia (nửa đường thẳng) và Đoạn thẳng (phần bị chặn giữa hai điểm). Bốn yếu tố cơ bản: điểm, đường thẳng, tia, đoạn thẳng."
60,frame_000060_00-00-59-000.jpg,59.000,00:00:59.000,Hai vật liệu gốc: Điểm và đường thẳng,"Hình học phẳng bắt đầu chỉ với hai thứ: điểm và đường thẳng. Điểm là một vị trí, không kích thước. Đường thẳng là tập hợp vô số điểm thẳng hàng, kéo dài vô tận. Nguyên tắc đầu tiên: Qua hai điểm phân biệt, có đúng một đường thẳng. Từ đường thẳng cắt ra: Tia (nửa đường thẳng) và Đoạn thẳng (phần bị chặn giữa hai điểm). Bốn yếu tố cơ bản: điểm, đường thẳng, tia, đoạn thẳng."
61,frame_000061_00-01-00-000.jpg,60.000,00:01:00.000,Hai vật liệu gốc: Điểm và đường thẳng,"Hình học phẳng bắt đầu chỉ với hai thứ: điểm và đường thẳng. Điểm là một vị trí, không kích thước. Đường thẳng là tập hợp vô số điểm thẳng hàng, kéo dài vô tận. Nguyên tắc đầu tiên: Qua hai điểm phân biệt, có đúng một đường thẳng. Từ đường thẳng cắt ra: Tia (nửa đường thẳng) và Đoạn thẳng (phần bị chặn giữa hai điểm). Bốn yếu tố cơ bản: điểm, đường thẳng, tia, đoạn thẳng."
62,frame_000062_00-01-01-000.jpg,61.000,00:01:01.000,Hai vật liệu gốc: Điểm và đường thẳng,"Hình học phẳng bắt đầu chỉ với hai thứ: điểm và đường thẳng. Điểm là một vị trí, không kích thước. Đường thẳng là tập hợp vô số điểm thẳng hàng, kéo dài vô tận. Nguyên tắc đầu tiên: Qua hai điểm phân biệt, có đúng một đường thẳng. Từ đường thẳng cắt ra: Tia (nửa đường thẳng) và Đoạn thẳng (phần bị chặn giữa hai điểm). Bốn yếu tố cơ bản: điểm, đường thẳng, tia, đoạn thẳng."
63,frame_000063_00-01-02-000.jpg,62.000,00:01:02.000,Hai vật liệu gốc: Điểm và đường thẳng,"Hình học phẳng bắt đầu chỉ với hai thứ: điểm và đường thẳng. Điểm là một vị trí, không kích thước. Đường thẳng là tập hợp vô số điểm thẳng hàng, kéo dài vô tận. Nguyên tắc đầu tiên: Qua hai điểm phân biệt, có đúng một đường thẳng. Từ đường thẳng cắt ra: Tia (nửa đường thẳng) và Đoạn thẳng (phần bị chặn giữa hai điểm). Bốn yếu tố cơ bản: điểm, đường thẳng, tia, đoạn thẳng."
64,frame_000064_00-01-03-000.jpg,63.000,00:01:03.000,Hai vật liệu gốc: Điểm và đường thẳng,"Hình học phẳng bắt đầu chỉ với hai thứ: điểm và đường thẳng. Điểm là một vị trí, không kích thước. Đường thẳng là tập hợp vô số điểm thẳng hàng, kéo dài vô tận. Nguyên tắc đầu tiên: Qua hai điểm phân biệt, có đúng một đường thẳng. Từ đường thẳng cắt ra: Tia (nửa đường thẳng) và Đoạn thẳng (phần bị chặn giữa hai điểm). Bốn yếu tố cơ bản: điểm, đường thẳng, tia, đoạn thẳng."
65,frame_000065_00-01-04-000.jpg,64.000,00:01:04.000,Hai vật liệu gốc: Điểm và đường thẳng,"Hình học phẳng bắt đầu chỉ với hai thứ: điểm và đường thẳng. Điểm là một vị trí, không kích thước. Đường thẳng là tập hợp vô số điểm thẳng hàng, kéo dài vô tận. Nguyên tắc đầu tiên: Qua hai điểm phân biệt, có đúng một đường thẳng. Từ đường thẳng cắt ra: Tia (nửa đường thẳng) và Đoạn thẳng (phần bị chặn giữa hai điểm). Bốn yếu tố cơ bản: điểm, đường thẳng, tia, đoạn thẳng."
66,frame_000066_00-01-05-000.jpg,65.000,00:01:05.000,Hai vật liệu gốc: Điểm và đường thẳng,"Hình học phẳng bắt đầu chỉ với hai thứ: điểm và đường thẳng. Điểm là một vị trí, không kích thước. Đường thẳng là tập hợp vô số điểm thẳng hàng, kéo dài vô tận. Nguyên tắc đầu tiên: Qua hai điểm phân biệt, có đúng một đường thẳng. Từ đường thẳng cắt ra: Tia (nửa đường thẳng) và Đoạn thẳng (phần bị chặn giữa hai điểm). Bốn yếu tố cơ bản: điểm, đường thẳng, tia, đoạn thẳng."
67,frame_000067_00-01-06-000.jpg,66.000,00:01:06.000,Hai vật liệu gốc: Điểm và đường thẳng,"Hình học phẳng bắt đầu chỉ với hai thứ: điểm và đường thẳng. Điểm là một vị trí, không kích thước. Đường thẳng là tập hợp vô số điểm thẳng hàng, kéo dài vô tận. Nguyên tắc đầu tiên: Qua hai điểm phân biệt, có đúng một đường thẳng. Từ đường thẳng cắt ra: Tia (nửa đường thẳng) và Đoạn thẳng (phần bị chặn giữa hai điểm). Bốn yếu tố cơ bản: điểm, đường thẳng, tia, đoạn thẳng."
68,frame_000068_00-01-07-000.jpg,67.000,00:01:07.000,Hai vật liệu gốc: Điểm và đường thẳng,"Hình học phẳng bắt đầu chỉ với hai thứ: điểm và đường thẳng. Điểm là một vị trí, không kích thước. Đường thẳng là tập hợp vô số điểm thẳng hàng, kéo dài vô tận. Nguyên tắc đầu tiên: Qua hai điểm phân biệt, có đúng một đường thẳng. Từ đường thẳng cắt ra: Tia (nửa đường thẳng) và Đoạn thẳng (phần bị chặn giữa hai điểm). Bốn yếu tố cơ bản: điểm, đường thẳng, tia, đoạn thẳng."
69,frame_000069_00-01-08-000.jpg,68.000,00:01:08.000,Hai vật liệu gốc: Điểm và đường thẳng,"Hình học phẳng bắt đầu chỉ với hai thứ: điểm và đường thẳng. Điểm là một vị trí, không kích thước. Đường thẳng là tập hợp vô số điểm thẳng hàng, kéo dài vô tận. Nguyên tắc đầu tiên: Qua hai điểm phân biệt, có đúng một đường thẳng. Từ đường thẳng cắt ra: Tia (nửa đường thẳng) và Đoạn thẳng (phần bị chặn giữa hai điểm). Bốn yếu tố cơ bản: điểm, đường thẳng, tia, đoạn thẳng."
70,frame_000070_00-01-09-000.jpg,69.000,00:01:09.000,Hai vật liệu gốc: Điểm và đường thẳng,"Hình học phẳng bắt đầu chỉ với hai thứ: điểm và đường thẳng. Điểm là một vị trí, không kích thước. Đường thẳng là tập hợp vô số điểm thẳng hàng, kéo dài vô tận. Nguyên tắc đầu tiên: Qua hai điểm phân biệt, có đúng một đường thẳng. Từ đường thẳng cắt ra: Tia (nửa đường thẳng) và Đoạn thẳng (phần bị chặn giữa hai điểm). Bốn yếu tố cơ bản: điểm, đường thẳng, tia, đoạn thẳng."
71,frame_000071_00-01-10-000.jpg,70.000,00:01:10.000,Hai vật liệu gốc: Điểm và đường thẳng,"Hình học phẳng bắt đầu chỉ với hai thứ: điểm và đường thẳng. Điểm là một vị trí, không kích thước. Đường thẳng là tập hợp vô số điểm thẳng hàng, kéo dài vô tận. Nguyên tắc đầu tiên: Qua hai điểm phân biệt, có đúng một đường thẳng. Từ đường thẳng cắt ra: Tia (nửa đường thẳng) và Đoạn thẳng (phần bị chặn giữa hai điểm). Bốn yếu tố cơ bản: điểm, đường thẳng, tia, đoạn thẳng."
72,frame_000072_00-01-11-000.jpg,71.000,00:01:11.000,Hai vật liệu gốc: Điểm và đường thẳng,"Hình học phẳng bắt đầu chỉ với hai thứ: điểm và đường thẳng. Điểm là một vị trí, không kích thước. Đường thẳng là tập hợp vô số điểm thẳng hàng, kéo dài vô tận. Nguyên tắc đầu tiên: Qua hai điểm phân biệt, có đúng một đường thẳng. Từ đường thẳng cắt ra: Tia (nửa đường thẳng) và Đoạn thẳng (phần bị chặn giữa hai điểm). Bốn yếu tố cơ bản: điểm, đường thẳng, tia, đoạn thẳng."
73,frame_000073_00-01-12-000.jpg,72.000,00:01:12.000,Hai vật liệu gốc: Điểm và đường thẳng,"Hình học phẳng bắt đầu chỉ với hai thứ: điểm và đường thẳng. Điểm là một vị trí, không kích thước. Đường thẳng là tập hợp vô số điểm thẳng hàng, kéo dài vô tận. Nguyên tắc đầu tiên: Qua hai điểm phân biệt, có đúng một đường thẳng. Từ đường thẳng cắt ra: Tia (nửa đường thẳng) và Đoạn thẳng (phần bị chặn giữa hai điểm). Bốn yếu tố cơ bản: điểm, đường thẳng, tia, đoạn thẳng."
74,frame_000074_00-01-13-000.jpg,73.000,00:01:13.000,Hai vật liệu gốc: Điểm và đường thẳng,"Hình học phẳng bắt đầu chỉ với hai thứ: điểm và đường thẳng. Điểm là một vị trí, không kích thước. Đường thẳng là tập hợp vô số điểm thẳng hàng, kéo dài vô tận. Nguyên tắc đầu tiên: Qua hai điểm phân biệt, có đúng một đường thẳng. Từ đường thẳng cắt ra: Tia (nửa đường thẳng) và Đoạn thẳng (phần bị chặn giữa hai điểm). Bốn yếu tố cơ bản: điểm, đường thẳng, tia, đoạn thẳng."
75,frame_000075_00-01-14-000.jpg,74.000,00:01:14.000,Hai vật liệu gốc: Điểm và đường thẳng,"Hình học phẳng bắt đầu chỉ với hai thứ: điểm và đường thẳng. Điểm là một vị trí, không kích thước. Đường thẳng là tập hợp vô số điểm thẳng hàng, kéo dài vô tận. Nguyên tắc đầu tiên: Qua hai điểm phân biệt, có đúng một đường thẳng. Từ đường thẳng cắt ra: Tia (nửa đường thẳng) và Đoạn thẳng (phần bị chặn giữa hai điểm). Bốn yếu tố cơ bản: điểm, đường thẳng, tia, đoạn thẳng."
76,frame_000076_00-01-15-000.jpg,75.000,00:01:15.000,Hai vật liệu gốc: Điểm và đường thẳng,"Hình học phẳng bắt đầu chỉ với hai thứ: điểm và đường thẳng. Điểm là một vị trí, không kích thước. Đường thẳng là tập hợp vô số điểm thẳng hàng, kéo dài vô tận. Nguyên tắc đầu tiên: Qua hai điểm phân biệt, có đúng một đường thẳng. Từ đường thẳng cắt ra: Tia (nửa đường thẳng) và Đoạn thẳng (phần bị chặn giữa hai điểm). Bốn yếu tố cơ bản: điểm, đường thẳng, tia, đoạn thẳng."
77,frame_000077_00-01-16-000.jpg,76.000,00:01:16.000,Hai vật liệu gốc: Điểm và đường thẳng,"Hình học phẳng bắt đầu chỉ với hai thứ: điểm và đường thẳng. Điểm là một vị trí, không kích thước. Đường thẳng là tập hợp vô số điểm thẳng hàng, kéo dài vô tận. Nguyên tắc đầu tiên: Qua hai điểm phân biệt, có đúng một đường thẳng. Từ đường thẳng cắt ra: Tia (nửa đường thẳng) và Đoạn thẳng (phần bị chặn giữa hai điểm). Bốn yếu tố cơ bản: điểm, đường thẳng, tia, đoạn thẳng."
78,frame_000078_00-01-17-000.jpg,77.000,00:01:17.000,Hai vật liệu gốc: Điểm và đường thẳng,"Hình học phẳng bắt đầu chỉ với hai thứ: điểm và đường thẳng. Điểm là một vị trí, không kích thước. Đường thẳng là tập hợp vô số điểm thẳng hàng, kéo dài vô tận. Nguyên tắc đầu tiên: Qua hai điểm phân biệt, có đúng một đường thẳng. Từ đường thẳng cắt ra: Tia (nửa đường thẳng) và Đoạn thẳng (phần bị chặn giữa hai điểm). Bốn yếu tố cơ bản: điểm, đường thẳng, tia, đoạn thẳng."
79,frame_000079_00-01-18-000.jpg,78.000,00:01:18.000,Hai vật liệu gốc: Điểm và đường thẳng,"Hình học phẳng bắt đầu chỉ với hai thứ: điểm và đường thẳng. Điểm là một vị trí, không kích thước. Đường thẳng là tập hợp vô số điểm thẳng hàng, kéo dài vô tận. Nguyên tắc đầu tiên: Qua hai điểm phân biệt, có đúng một đường thẳng. Từ đường thẳng cắt ra: Tia (nửa đường thẳng) và Đoạn thẳng (phần bị chặn giữa hai điểm). Bốn yếu tố cơ bản: điểm, đường thẳng, tia, đoạn thẳng."
80,frame_000080_00-01-19-000.jpg,79.000,00:01:19.000,Hai vật liệu gốc: Điểm và đường thẳng,"Hình học phẳng bắt đầu chỉ với hai thứ: điểm và đường thẳng. Điểm là một vị trí, không kích thước. Đường thẳng là tập hợp vô số điểm thẳng hàng, kéo dài vô tận. Nguyên tắc đầu tiên: Qua hai điểm phân biệt, có đúng một đường thẳng. Từ đường thẳng cắt ra: Tia (nửa đường thẳng) và Đoạn thẳng (phần bị chặn giữa hai điểm). Bốn yếu tố cơ bản: điểm, đường thẳng, tia, đoạn thẳng."
81,frame_000081_00-01-20-000.jpg,80.000,00:01:20.000,Hai vật liệu gốc: Điểm và đường thẳng,"Hình học phẳng bắt đầu chỉ với hai thứ: điểm và đường thẳng. Điểm là một vị trí, không kích thước. Đường thẳng là tập hợp vô số điểm thẳng hàng, kéo dài vô tận. Nguyên tắc đầu tiên: Qua hai điểm phân biệt, có đúng một đường thẳng. Từ đường thẳng cắt ra: Tia (nửa đường thẳng) và Đoạn thẳng (phần bị chặn giữa hai điểm). Bốn yếu tố cơ bản: điểm, đường thẳng, tia, đoạn thẳng."
82,frame_000082_00-01-21-000.jpg,81.000,00:01:21.000,Hai vật liệu gốc: Điểm và đường thẳng,"Hình học phẳng bắt đầu chỉ với hai thứ: điểm và đường thẳng. Điểm là một vị trí, không kích thước. Đường thẳng là tập hợp vô số điểm thẳng hàng, kéo dài vô tận. Nguyên tắc đầu tiên: Qua hai điểm phân biệt, có đúng một đường thẳng. Từ đường thẳng cắt ra: Tia (nửa đường thẳng) và Đoạn thẳng (phần bị chặn giữa hai điểm). Bốn yếu tố cơ bản: điểm, đường thẳng, tia, đoạn thẳng."
83,frame_000083_00-01-22-000.jpg,82.000,00:01:22.000,Hai vật liệu gốc: Điểm và đường thẳng,"Hình học phẳng bắt đầu chỉ với hai thứ: điểm và đường thẳng. Điểm là một vị trí, không kích thước. Đường thẳng là tập hợp vô số điểm thẳng hàng, kéo dài vô tận. Nguyên tắc đầu tiên: Qua hai điểm phân biệt, có đúng một đường thẳng. Từ đường thẳng cắt ra: Tia (nửa đường thẳng) và Đoạn thẳng (phần bị chặn giữa hai điểm). Bốn yếu tố cơ bản: điểm, đường thẳng, tia, đoạn thẳng."
84,frame_000084_00-01-23-000.jpg,83.000,00:01:23.000,Hai vật liệu gốc: Điểm và đường thẳng,"Hình học phẳng bắt đầu chỉ với hai thứ: điểm và đường thẳng. Điểm là một vị trí, không kích thước. Đường thẳng là tập hợp vô số điểm thẳng hàng, kéo dài vô tận. Nguyên tắc đầu tiên: Qua hai điểm phân biệt, có đúng một đường thẳng. Từ đường thẳng cắt ra: Tia (nửa đường thẳng) và Đoạn thẳng (phần bị chặn giữa hai điểm). Bốn yếu tố cơ bản: điểm, đường thẳng, tia, đoạn thẳng."
85,frame_000085_00-01-24-000.jpg,84.000,00:01:24.000,Hai vật liệu gốc: Điểm và đường thẳng,"Hình học phẳng bắt đầu chỉ với hai thứ: điểm và đường thẳng. Điểm là một vị trí, không kích thước. Đường thẳng là tập hợp vô số điểm thẳng hàng, kéo dài vô tận. Nguyên tắc đầu tiên: Qua hai điểm phân biệt, có đúng một đường thẳng. Từ đường thẳng cắt ra: Tia (nửa đường thẳng) và Đoạn thẳng (phần bị chặn giữa hai điểm). Bốn yếu tố cơ bản: điểm, đường thẳng, tia, đoạn thẳng."
86,frame_000086_00-01-25-000.jpg,85.000,00:01:25.000,Hai vật liệu gốc: Điểm và đường thẳng,"Hình học phẳng bắt đầu chỉ với hai thứ: điểm và đường thẳng. Điểm là một vị trí, không kích thước. Đường thẳng là tập hợp vô số điểm thẳng hàng, kéo dài vô tận. Nguyên tắc đầu tiên: Qua hai điểm phân biệt, có đúng một đường thẳng. Từ đường thẳng cắt ra: Tia (nửa đường thẳng) và Đoạn thẳng (phần bị chặn giữa hai điểm). Bốn yếu tố cơ bản: điểm, đường thẳng, tia, đoạn thẳng."
87,frame_000087_00-01-26-000.jpg,86.000,00:01:26.000,Hai vật liệu gốc: Điểm và đường thẳng,"Hình học phẳng bắt đầu chỉ với hai thứ: điểm và đường thẳng. Điểm là một vị trí, không kích thước. Đường thẳng là tập hợp vô số điểm thẳng hàng, kéo dài vô tận. Nguyên tắc đầu tiên: Qua hai điểm phân biệt, có đúng một đường thẳng. Từ đường thẳng cắt ra: Tia (nửa đường thẳng) và Đoạn thẳng (phần bị chặn giữa hai điểm). Bốn yếu tố cơ bản: điểm, đường thẳng, tia, đoạn thẳng."
88,frame_000088_00-01-27-000.jpg,87.000,00:01:27.000,Hai vật liệu gốc: Điểm và đường thẳng,"Hình học phẳng bắt đầu chỉ với hai thứ: điểm và đường thẳng. Điểm là một vị trí, không kích thước. Đường thẳng là tập hợp vô số điểm thẳng hàng, kéo dài vô tận. Nguyên tắc đầu tiên: Qua hai điểm phân biệt, có đúng một đường thẳng. Từ đường thẳng cắt ra: Tia (nửa đường thẳng) và Đoạn thẳng (phần bị chặn giữa hai điểm). Bốn yếu tố cơ bản: điểm, đường thẳng, tia, đoạn thẳng."
89,frame_000089_00-01-28-000.jpg,88.000,00:01:28.000,Hai vật liệu gốc: Điểm và đường thẳng,"Hình học phẳng bắt đầu chỉ với hai thứ: điểm và đường thẳng. Điểm là một vị trí, không kích thước. Đường thẳng là tập hợp vô số điểm thẳng hàng, kéo dài vô tận. Nguyên tắc đầu tiên: Qua hai điểm phân biệt, có đúng một đường thẳng. Từ đường thẳng cắt ra: Tia (nửa đường thẳng) và Đoạn thẳng (phần bị chặn giữa hai điểm). Bốn yếu tố cơ bản: điểm, đường thẳng, tia, đoạn thẳng."
90,frame_000090_00-01-29-000.jpg,89.000,00:01:29.000,Góc sinh ra khi hai tia gặp nhau,"Lấy hai tia chung gốc, bạn được một góc. Điểm gốc là đỉnh, hai tia là cạnh. Đơn vị đo là độ. Vòng tròn đầy 360 độ, nửa vòng 180, 1/4 vòng 90. Người Babylon chọn 360 vì chia hết cho nhiều số. Phân loại: góc nhọn (<90), góc vuông (=90), góc tù (90-180), góc bẹt (180). Góc vuông đặc biệt nhất - tiêu chuẩn cho vuông góc, xuất hiện từ Pytago đến hệ tọa độ Descartes."
91,frame_000091_00-01-30-000.jpg,90.000,00:01:30.000,Góc sinh ra khi hai tia gặp nhau,"Lấy hai tia chung gốc, bạn được một góc. Điểm gốc là đỉnh, hai tia là cạnh. Đơn vị đo là độ. Vòng tròn đầy 360 độ, nửa vòng 180, 1/4 vòng 90. Người Babylon chọn 360 vì chia hết cho nhiều số. Phân loại: góc nhọn (<90), góc vuông (=90), góc tù (90-180), góc bẹt (180). Góc vuông đặc biệt nhất - tiêu chuẩn cho vuông góc, xuất hiện từ Pytago đến hệ tọa độ Descartes."
92,frame_000092_00-01-31-000.jpg,91.000,00:01:31.000,Góc sinh ra khi hai tia gặp nhau,"Lấy hai tia chung gốc, bạn được một góc. Điểm gốc là đỉnh, hai tia là cạnh. Đơn vị đo là độ. Vòng tròn đầy 360 độ, nửa vòng 180, 1/4 vòng 90. Người Babylon chọn 360 vì chia hết cho nhiều số. Phân loại: góc nhọn (<90), góc vuông (=90), góc tù (90-180), góc bẹt (180). Góc vuông đặc biệt nhất - tiêu chuẩn cho vuông góc, xuất hiện từ Pytago đến hệ tọa độ Descartes."
93,frame_000093_00-01-32-000.jpg,92.000,00:01:32.000,Góc sinh ra khi hai tia gặp nhau,"Lấy hai tia chung gốc, bạn được một góc. Điểm gốc là đỉnh, hai tia là cạnh. Đơn vị đo là độ. Vòng tròn đầy 360 độ, nửa vòng 180, 1/4 vòng 90. Người Babylon chọn 360 vì chia hết cho nhiều số. Phân loại: góc nhọn (<90), góc vuông (=90), góc tù (90-180), góc bẹt (180). Góc vuông đặc biệt nhất - tiêu chuẩn cho vuông góc, xuất hiện từ Pytago đến hệ tọa độ Descartes."
94,frame_000094_00-01-33-000.jpg,93.000,00:01:33.000,Góc sinh ra khi hai tia gặp nhau,"Lấy hai tia chung gốc, bạn được một góc. Điểm gốc là đỉnh, hai tia là cạnh. Đơn vị đo là độ. Vòng tròn đầy 360 độ, nửa vòng 180, 1/4 vòng 90. Người Babylon chọn 360 vì chia hết cho nhiều số. Phân loại: góc nhọn (<90), góc vuông (=90), góc tù (90-180), góc bẹt (180). Góc vuông đặc biệt nhất - tiêu chuẩn cho vuông góc, xuất hiện từ Pytago đến hệ tọa độ Descartes."
95,frame_000095_00-01-34-000.jpg,94.000,00:01:34.000,Góc sinh ra khi hai tia gặp nhau,"Lấy hai tia chung gốc, bạn được một góc. Điểm gốc là đỉnh, hai tia là cạnh. Đơn vị đo là độ. Vòng tròn đầy 360 độ, nửa vòng 180, 1/4 vòng 90. Người Babylon chọn 360 vì chia hết cho nhiều số. Phân loại: góc nhọn (<90), góc vuông (=90), góc tù (90-180), góc bẹt (180). Góc vuông đặc biệt nhất - tiêu chuẩn cho vuông góc, xuất hiện từ Pytago đến hệ tọa độ Descartes."
96,frame_000096_00-01-35-000.jpg,95.000,00:01:35.000,Góc sinh ra khi hai tia gặp nhau,"Lấy hai tia chung gốc, bạn được một góc. Điểm gốc là đỉnh, hai tia là cạnh. Đơn vị đo là độ. Vòng tròn đầy 360 độ, nửa vòng 180, 1/4 vòng 90. Người Babylon chọn 360 vì chia hết cho nhiều số. Phân loại: góc nhọn (<90), góc vuông (=90), góc tù (90-180), góc bẹt (180). Góc vuông đặc biệt nhất - tiêu chuẩn cho vuông góc, xuất hiện từ Pytago đến hệ tọa độ Descartes."
97,frame_000097_00-01-36-000.jpg,96.000,00:01:36.000,Góc sinh ra khi hai tia gặp nhau,"Lấy hai tia chung gốc, bạn được một góc. Điểm gốc là đỉnh, hai tia là cạnh. Đơn vị đo là độ. Vòng tròn đầy 360 độ, nửa vòng 180, 1/4 vòng 90. Người Babylon chọn 360 vì chia hết cho nhiều số. Phân loại: góc nhọn (<90), góc vuông (=90), góc tù (90-180), góc bẹt (180). Góc vuông đặc biệt nhất - tiêu chuẩn cho vuông góc, xuất hiện từ Pytago đến hệ tọa độ Descartes."
98,frame_000098_00-01-37-000.jpg,97.000,00:01:37.000,Góc sinh ra khi hai tia gặp nhau,"Lấy hai tia chung gốc, bạn được một góc. Điểm gốc là đỉnh, hai tia là cạnh. Đơn vị đo là độ. Vòng tròn đầy 360 độ, nửa vòng 180, 1/4 vòng 90. Người Babylon chọn 360 vì chia hết cho nhiều số. Phân loại: góc nhọn (<90), góc vuông (=90), góc tù (90-180), góc bẹt (180). Góc vuông đặc biệt nhất - tiêu chuẩn cho vuông góc, xuất hiện từ Pytago đến hệ tọa độ Descartes."
99,frame_000099_00-01-38-000.jpg,98.000,00:01:38.000,Góc sinh ra khi hai tia gặp nhau,"Lấy hai tia chung gốc, bạn được một góc. Điểm gốc là đỉnh, hai tia là cạnh. Đơn vị đo là độ. Vòng tròn đầy 360 độ, nửa vòng 180, 1/4 vòng 90. Người Babylon chọn 360 vì chia hết cho nhiều số. Phân loại: góc nhọn (<90), góc vuông (=90), góc tù (90-180), góc bẹt (180). Góc vuông đặc biệt nhất - tiêu chuẩn cho vuông góc, xuất hiện từ Pytago đến hệ tọa độ Descartes."
100,frame_000100_00-01-39-000.jpg,99.000,00:01:39.000,Góc sinh ra khi hai tia gặp nhau,"Lấy hai tia chung gốc, bạn được một góc. Điểm gốc là đỉnh, hai tia là cạnh. Đơn vị đo là độ. Vòng tròn đầy 360 độ, nửa vòng 180, 1/4 vòng 90. Người Babylon chọn 360 vì chia hết cho nhiều số. Phân loại: góc nhọn (<90), góc vuông (=90), góc tù (90-180), góc bẹt (180). Góc vuông đặc biệt nhất - tiêu chuẩn cho vuông góc, xuất hiện từ Pytago đến hệ tọa độ Descartes."
101,frame_000101_00-01-40-000.jpg,100.000,00:01:40.000,Góc sinh ra khi hai tia gặp nhau,"Lấy hai tia chung gốc, bạn được một góc. Điểm gốc là đỉnh, hai tia là cạnh. Đơn vị đo là độ. Vòng tròn đầy 360 độ, nửa vòng 180, 1/4 vòng 90. Người Babylon chọn 360 vì chia hết cho nhiều số. Phân loại: góc nhọn (<90), góc vuông (=90), góc tù (90-180), góc bẹt (180). Góc vuông đặc biệt nhất - tiêu chuẩn cho vuông góc, xuất hiện từ Pytago đến hệ tọa độ Descartes."
102,frame_000102_00-01-41-000.jpg,101.000,00:01:41.000,Góc sinh ra khi hai tia gặp nhau,"Lấy hai tia chung gốc, bạn được một góc. Điểm gốc là đỉnh, hai tia là cạnh. Đơn vị đo là độ. Vòng tròn đầy 360 độ, nửa vòng 180, 1/4 vòng 90. Người Babylon chọn 360 vì chia hết cho nhiều số. Phân loại: góc nhọn (<90), góc vuông (=90), góc tù (90-180), góc bẹt (180). Góc vuông đặc biệt nhất - tiêu chuẩn cho vuông góc, xuất hiện từ Pytago đến hệ tọa độ Descartes."
103,frame_000103_00-01-42-000.jpg,102.000,00:01:42.000,Góc sinh ra khi hai tia gặp nhau,"Lấy hai tia chung gốc, bạn được một góc. Điểm gốc là đỉnh, hai tia là cạnh. Đơn vị đo là độ. Vòng tròn đầy 360 độ, nửa vòng 180, 1/4 vòng 90. Người Babylon chọn 360 vì chia hết cho nhiều số. Phân loại: góc nhọn (<90), góc vuông (=90), góc tù (90-180), góc bẹt (180). Góc vuông đặc biệt nhất - tiêu chuẩn cho vuông góc, xuất hiện từ Pytago đến hệ tọa độ Descartes."
104,frame_000104_00-01-43-000.jpg,103.000,00:01:43.000,Góc sinh ra khi hai tia gặp nhau,"Lấy hai tia chung gốc, bạn được một góc. Điểm gốc là đỉnh, hai tia là cạnh. Đơn vị đo là độ. Vòng tròn đầy 360 độ, nửa vòng 180, 1/4 vòng 90. Người Babylon chọn 360 vì chia hết cho nhiều số. Phân loại: góc nhọn (<90), góc vuông (=90), góc tù (90-180), góc bẹt (180). Góc vuông đặc biệt nhất - tiêu chuẩn cho vuông góc, xuất hiện từ Pytago đến hệ tọa độ Descartes."
105,frame_000105_00-01-44-000.jpg,104.000,00:01:44.000,Góc sinh ra khi hai tia gặp nhau,"Lấy hai tia chung gốc, bạn được một góc. Điểm gốc là đỉnh, hai tia là cạnh. Đơn vị đo là độ. Vòng tròn đầy 360 độ, nửa vòng 180, 1/4 vòng 90. Người Babylon chọn 360 vì chia hết cho nhiều số. Phân loại: góc nhọn (<90), góc vuông (=90), góc tù (90-180), góc bẹt (180). Góc vuông đặc biệt nhất - tiêu chuẩn cho vuông góc, xuất hiện từ Pytago đến hệ tọa độ Descartes."
106,frame_000106_00-01-45-000.jpg,105.000,00:01:45.000,Góc sinh ra khi hai tia gặp nhau,"Lấy hai tia chung gốc, bạn được một góc. Điểm gốc là đỉnh, hai tia là cạnh. Đơn vị đo là độ. Vòng tròn đầy 360 độ, nửa vòng 180, 1/4 vòng 90. Người Babylon chọn 360 vì chia hết cho nhiều số. Phân loại: góc nhọn (<90), góc vuông (=90), góc tù (90-180), góc bẹt (180). Góc vuông đặc biệt nhất - tiêu chuẩn cho vuông góc, xuất hiện từ Pytago đến hệ tọa độ Descartes."
107,frame_000107_00-01-46-000.jpg,106.000,00:01:46.000,Góc sinh ra khi hai tia gặp nhau,"Lấy hai tia chung gốc, bạn được một góc. Điểm gốc là đỉnh, hai tia là cạnh. Đơn vị đo là độ. Vòng tròn đầy 360 độ, nửa vòng 180, 1/4 vòng 90. Người Babylon chọn 360 vì chia hết cho nhiều số. Phân loại: góc nhọn (<90), góc vuông (=90), góc tù (90-180), góc bẹt (180). Góc vuông đặc biệt nhất - tiêu chuẩn cho vuông góc, xuất hiện từ Pytago đến hệ tọa độ Descartes."
108,frame_000108_00-01-47-000.jpg,107.000,00:01:47.000,Góc sinh ra khi hai tia gặp nhau,"Lấy hai tia chung gốc, bạn được một góc. Điểm gốc là đỉnh, hai tia là cạnh. Đơn vị đo là độ. Vòng tròn đầy 360 độ, nửa vòng 180, 1/4 vòng 90. Người Babylon chọn 360 vì chia hết cho nhiều số. Phân loại: góc nhọn (<90), góc vuông (=90), góc tù (90-180), góc bẹt (180). Góc vuông đặc biệt nhất - tiêu chuẩn cho vuông góc, xuất hiện từ Pytago đến hệ tọa độ Descartes."
109,frame_000109_00-01-48-000.jpg,108.000,00:01:48.000,Góc sinh ra khi hai tia gặp nhau,"Lấy hai tia chung gốc, bạn được một góc. Điểm gốc là đỉnh, hai tia là cạnh. Đơn vị đo là độ. Vòng tròn đầy 360 độ, nửa vòng 180, 1/4 vòng 90. Người Babylon chọn 360 vì chia hết cho nhiều số. Phân loại: góc nhọn (<90), góc vuông (=90), góc tù (90-180), góc bẹt (180). Góc vuông đặc biệt nhất - tiêu chuẩn cho vuông góc, xuất hiện từ Pytago đến hệ tọa độ Descartes."
110,frame_000110_00-01-49-000.jpg,109.000,00:01:49.000,Góc sinh ra khi hai tia gặp nhau,"Lấy hai tia chung gốc, bạn được một góc. Điểm gốc là đỉnh, hai tia là cạnh. Đơn vị đo là độ. Vòng tròn đầy 360 độ, nửa vòng 180, 1/4 vòng 90. Người Babylon chọn 360 vì chia hết cho nhiều số. Phân loại: góc nhọn (<90), góc vuông (=90), góc tù (90-180), góc bẹt (180). Góc vuông đặc biệt nhất - tiêu chuẩn cho vuông góc, xuất hiện từ Pytago đến hệ tọa độ Descartes."
111,frame_000111_00-01-50-000.jpg,110.000,00:01:50.000,Góc sinh ra khi hai tia gặp nhau,"Lấy hai tia chung gốc, bạn được một góc. Điểm gốc là đỉnh, hai tia là cạnh. Đơn vị đo là độ. Vòng tròn đầy 360 độ, nửa vòng 180, 1/4 vòng 90. Người Babylon chọn 360 vì chia hết cho nhiều số. Phân loại: góc nhọn (<90), góc vuông (=90), góc tù (90-180), góc bẹt (180). Góc vuông đặc biệt nhất - tiêu chuẩn cho vuông góc, xuất hiện từ Pytago đến hệ tọa độ Descartes."
112,frame_000112_00-01-51-000.jpg,111.000,00:01:51.000,Góc sinh ra khi hai tia gặp nhau,"Lấy hai tia chung gốc, bạn được một góc. Điểm gốc là đỉnh, hai tia là cạnh. Đơn vị đo là độ. Vòng tròn đầy 360 độ, nửa vòng 180, 1/4 vòng 90. Người Babylon chọn 360 vì chia hết cho nhiều số. Phân loại: góc nhọn (<90), góc vuông (=90), góc tù (90-180), góc bẹt (180). Góc vuông đặc biệt nhất - tiêu chuẩn cho vuông góc, xuất hiện từ Pytago đến hệ tọa độ Descartes."
113,frame_000113_00-01-52-000.jpg,112.000,00:01:52.000,Góc sinh ra khi hai tia gặp nhau,"Lấy hai tia chung gốc, bạn được một góc. Điểm gốc là đỉnh, hai tia là cạnh. Đơn vị đo là độ. Vòng tròn đầy 360 độ, nửa vòng 180, 1/4 vòng 90. Người Babylon chọn 360 vì chia hết cho nhiều số. Phân loại: góc nhọn (<90), góc vuông (=90), góc tù (90-180), góc bẹt (180). Góc vuông đặc biệt nhất - tiêu chuẩn cho vuông góc, xuất hiện từ Pytago đến hệ tọa độ Descartes."
114,frame_000114_00-01-53-000.jpg,113.000,00:01:53.000,Góc sinh ra khi hai tia gặp nhau,"Lấy hai tia chung gốc, bạn được một góc. Điểm gốc là đỉnh, hai tia là cạnh. Đơn vị đo là độ. Vòng tròn đầy 360 độ, nửa vòng 180, 1/4 vòng 90. Người Babylon chọn 360 vì chia hết cho nhiều số. Phân loại: góc nhọn (<90), góc vuông (=90), góc tù (90-180), góc bẹt (180). Góc vuông đặc biệt nhất - tiêu chuẩn cho vuông góc, xuất hiện từ Pytago đến hệ tọa độ Descartes."
115,frame_000115_00-01-54-000.jpg,114.000,00:01:54.000,Góc sinh ra khi hai tia gặp nhau,"Lấy hai tia chung gốc, bạn được một góc. Điểm gốc là đỉnh, hai tia là cạnh. Đơn vị đo là độ. Vòng tròn đầy 360 độ, nửa vòng 180, 1/4 vòng 90. Người Babylon chọn 360 vì chia hết cho nhiều số. Phân loại: góc nhọn (<90), góc vuông (=90), góc tù (90-180), góc bẹt (180). Góc vuông đặc biệt nhất - tiêu chuẩn cho vuông góc, xuất hiện từ Pytago đến hệ tọa độ Descartes."
116,frame_000116_00-01-55-000.jpg,115.000,00:01:55.000,Góc sinh ra khi hai tia gặp nhau,"Lấy hai tia chung gốc, bạn được một góc. Điểm gốc là đỉnh, hai tia là cạnh. Đơn vị đo là độ. Vòng tròn đầy 360 độ, nửa vòng 180, 1/4 vòng 90. Người Babylon chọn 360 vì chia hết cho nhiều số. Phân loại: góc nhọn (<90), góc vuông (=90), góc tù (90-180), góc bẹt (180). Góc vuông đặc biệt nhất - tiêu chuẩn cho vuông góc, xuất hiện từ Pytago đến hệ tọa độ Descartes."
117,frame_000117_00-01-56-000.jpg,116.000,00:01:56.000,Góc sinh ra khi hai tia gặp nhau,"Lấy hai tia chung gốc, bạn được một góc. Điểm gốc là đỉnh, hai tia là cạnh. Đơn vị đo là độ. Vòng tròn đầy 360 độ, nửa vòng 180, 1/4 vòng 90. Người Babylon chọn 360 vì chia hết cho nhiều số. Phân loại: góc nhọn (<90), góc vuông (=90), góc tù (90-180), góc bẹt (180). Góc vuông đặc biệt nhất - tiêu chuẩn cho vuông góc, xuất hiện từ Pytago đến hệ tọa độ Descartes."
118,frame_000118_00-01-57-000.jpg,117.000,00:01:57.000,Góc sinh ra khi hai tia gặp nhau,"Lấy hai tia chung gốc, bạn được một góc. Điểm gốc là đỉnh, hai tia là cạnh. Đơn vị đo là độ. Vòng tròn đầy 360 độ, nửa vòng 180, 1/4 vòng 90. Người Babylon chọn 360 vì chia hết cho nhiều số. Phân loại: góc nhọn (<90), góc vuông (=90), góc tù (90-180), góc bẹt (180). Góc vuông đặc biệt nhất - tiêu chuẩn cho vuông góc, xuất hiện từ Pytago đến hệ tọa độ Descartes."
119,frame_000119_00-01-58-000.jpg,118.000,00:01:58.000,Góc sinh ra khi hai tia gặp nhau,"Lấy hai tia chung gốc, bạn được một góc. Điểm gốc là đỉnh, hai tia là cạnh. Đơn vị đo là độ. Vòng tròn đầy 360 độ, nửa vòng 180, 1/4 vòng 90. Người Babylon chọn 360 vì chia hết cho nhiều số. Phân loại: góc nhọn (<90), góc vuông (=90), góc tù (90-180), góc bẹt (180). Góc vuông đặc biệt nhất - tiêu chuẩn cho vuông góc, xuất hiện từ Pytago đến hệ tọa độ Descartes."
120,frame_000120_00-01-59-000.jpg,119.000,00:01:59.000,Góc sinh ra khi hai tia gặp nhau,"Lấy hai tia chung gốc, bạn được một góc. Điểm gốc là đỉnh, hai tia là cạnh. Đơn vị đo là độ. Vòng tròn đầy 360 độ, nửa vòng 180, 1/4 vòng 90. Người Babylon chọn 360 vì chia hết cho nhiều số. Phân loại: góc nhọn (<90), góc vuông (=90), góc tù (90-180), góc bẹt (180). Góc vuông đặc biệt nhất - tiêu chuẩn cho vuông góc, xuất hiện từ Pytago đến hệ tọa độ Descartes."
121,frame_000121_00-02-00-000.jpg,120.000,00:02:00.000,Góc sinh ra khi hai tia gặp nhau,"Lấy hai tia chung gốc, bạn được một góc. Điểm gốc là đỉnh, hai tia là cạnh. Đơn vị đo là độ. Vòng tròn đầy 360 độ, nửa vòng 180, 1/4 vòng 90. Người Babylon chọn 360 vì chia hết cho nhiều số. Phân loại: góc nhọn (<90), góc vuông (=90), góc tù (90-180), góc bẹt (180). Góc vuông đặc biệt nhất - tiêu chuẩn cho vuông góc, xuất hiện từ Pytago đến hệ tọa độ Descartes."
122,frame_000122_00-02-01-000.jpg,121.000,00:02:01.000,Góc sinh ra khi hai tia gặp nhau,"Lấy hai tia chung gốc, bạn được một góc. Điểm gốc là đỉnh, hai tia là cạnh. Đơn vị đo là độ. Vòng tròn đầy 360 độ, nửa vòng 180, 1/4 vòng 90. Người Babylon chọn 360 vì chia hết cho nhiều số. Phân loại: góc nhọn (<90), góc vuông (=90), góc tù (90-180), góc bẹt (180). Góc vuông đặc biệt nhất - tiêu chuẩn cho vuông góc, xuất hiện từ Pytago đến hệ tọa độ Descartes."
123,frame_000123_00-02-02-000.jpg,122.000,00:02:02.000,Góc sinh ra khi hai tia gặp nhau,"Lấy hai tia chung gốc, bạn được một góc. Điểm gốc là đỉnh, hai tia là cạnh. Đơn vị đo là độ. Vòng tròn đầy 360 độ, nửa vòng 180, 1/4 vòng 90. Người Babylon chọn 360 vì chia hết cho nhiều số. Phân loại: góc nhọn (<90), góc vuông (=90), góc tù (90-180), góc bẹt (180). Góc vuông đặc biệt nhất - tiêu chuẩn cho vuông góc, xuất hiện từ Pytago đến hệ tọa độ Descartes."
124,frame_000124_00-02-03-000.jpg,123.000,00:02:03.000,Góc sinh ra khi hai tia gặp nhau,"Lấy hai tia chung gốc, bạn được một góc. Điểm gốc là đỉnh, hai tia là cạnh. Đơn vị đo là độ. Vòng tròn đầy 360 độ, nửa vòng 180, 1/4 vòng 90. Người Babylon chọn 360 vì chia hết cho nhiều số. Phân loại: góc nhọn (<90), góc vuông (=90), góc tù (90-180), góc bẹt (180). Góc vuông đặc biệt nhất - tiêu chuẩn cho vuông góc, xuất hiện từ Pytago đến hệ tọa độ Descartes."
125,frame_000125_00-02-04-000.jpg,124.000,00:02:04.000,Góc sinh ra khi hai tia gặp nhau,"Lấy hai tia chung gốc, bạn được một góc. Điểm gốc là đỉnh, hai tia là cạnh. Đơn vị đo là độ. Vòng tròn đầy 360 độ, nửa vòng 180, 1/4 vòng 90. Người Babylon chọn 360 vì chia hết cho nhiều số. Phân loại: góc nhọn (<90), góc vuông (=90), góc tù (90-180), góc bẹt (180). Góc vuông đặc biệt nhất - tiêu chuẩn cho vuông góc, xuất hiện từ Pytago đến hệ tọa độ Descartes."
126,frame_000126_00-02-05-000.jpg,125.000,00:02:05.000,Góc sinh ra khi hai tia gặp nhau,"Lấy hai tia chung gốc, bạn được một góc. Điểm gốc là đỉnh, hai tia là cạnh. Đơn vị đo là độ. Vòng tròn đầy 360 độ, nửa vòng 180, 1/4 vòng 90. Người Babylon chọn 360 vì chia hết cho nhiều số. Phân loại: góc nhọn (<90), góc vuông (=90), góc tù (90-180), góc bẹt (180). Góc vuông đặc biệt nhất - tiêu chuẩn cho vuông góc, xuất hiện từ Pytago đến hệ tọa độ Descartes."
127,frame_000127_00-02-06-000.jpg,126.000,00:02:06.000,Góc sinh ra khi hai tia gặp nhau,"Lấy hai tia chung gốc, bạn được một góc. Điểm gốc là đỉnh, hai tia là cạnh. Đơn vị đo là độ. Vòng tròn đầy 360 độ, nửa vòng 180, 1/4 vòng 90. Người Babylon chọn 360 vì chia hết cho nhiều số. Phân loại: góc nhọn (<90), góc vuông (=90), góc tù (90-180), góc bẹt (180). Góc vuông đặc biệt nhất - tiêu chuẩn cho vuông góc, xuất hiện từ Pytago đến hệ tọa độ Descartes."
128,frame_000128_00-02-07-000.jpg,127.000,00:02:07.000,Góc sinh ra khi hai tia gặp nhau,"Lấy hai tia chung gốc, bạn được một góc. Điểm gốc là đỉnh, hai tia là cạnh. Đơn vị đo là độ. Vòng tròn đầy 360 độ, nửa vòng 180, 1/4 vòng 90. Người Babylon chọn 360 vì chia hết cho nhiều số. Phân loại: góc nhọn (<90), góc vuông (=90), góc tù (90-180), góc bẹt (180). Góc vuông đặc biệt nhất - tiêu chuẩn cho vuông góc, xuất hiện từ Pytago đến hệ tọa độ Descartes."
129,frame_000129_00-02-08-000.jpg,128.000,00:02:08.000,Góc sinh ra khi hai tia gặp nhau,"Lấy hai tia chung gốc, bạn được một góc. Điểm gốc là đỉnh, hai tia là cạnh. Đơn vị đo là độ. Vòng tròn đầy 360 độ, nửa vòng 180, 1/4 vòng 90. Người Babylon chọn 360 vì chia hết cho nhiều số. Phân loại: góc nhọn (<90), góc vuông (=90), góc tù (90-180), góc bẹt (180). Góc vuông đặc biệt nhất - tiêu chuẩn cho vuông góc, xuất hiện từ Pytago đến hệ tọa độ Descartes."
130,frame_000130_00-02-09-000.jpg,129.000,00:02:09.000,Góc sinh ra khi hai tia gặp nhau,"Lấy hai tia chung gốc, bạn được một góc. Điểm gốc là đỉnh, hai tia là cạnh. Đơn vị đo là độ. Vòng tròn đầy 360 độ, nửa vòng 180, 1/4 vòng 90. Người Babylon chọn 360 vì chia hết cho nhiều số. Phân loại: góc nhọn (<90), góc vuông (=90), góc tù (90-180), góc bẹt (180). Góc vuông đặc biệt nhất - tiêu chuẩn cho vuông góc, xuất hiện từ Pytago đến hệ tọa độ Descartes."
131,frame_000131_00-02-10-000.jpg,130.000,00:02:10.000,Góc sinh ra khi hai tia gặp nhau,"Lấy hai tia chung gốc, bạn được một góc. Điểm gốc là đỉnh, hai tia là cạnh. Đơn vị đo là độ. Vòng tròn đầy 360 độ, nửa vòng 180, 1/4 vòng 90. Người Babylon chọn 360 vì chia hết cho nhiều số. Phân loại: góc nhọn (<90), góc vuông (=90), góc tù (90-180), góc bẹt (180). Góc vuông đặc biệt nhất - tiêu chuẩn cho vuông góc, xuất hiện từ Pytago đến hệ tọa độ Descartes."
132,frame_000132_00-02-11-000.jpg,131.000,00:02:11.000,Góc sinh ra khi hai tia gặp nhau,"Lấy hai tia chung gốc, bạn được một góc. Điểm gốc là đỉnh, hai tia là cạnh. Đơn vị đo là độ. Vòng tròn đầy 360 độ, nửa vòng 180, 1/4 vòng 90. Người Babylon chọn 360 vì chia hết cho nhiều số. Phân loại: góc nhọn (<90), góc vuông (=90), góc tù (90-180), góc bẹt (180). Góc vuông đặc biệt nhất - tiêu chuẩn cho vuông góc, xuất hiện từ Pytago đến hệ tọa độ Descartes."
133,frame_000133_00-02-12-000.jpg,132.000,00:02:12.000,Góc sinh ra khi hai tia gặp nhau,"Lấy hai tia chung gốc, bạn được một góc. Điểm gốc là đỉnh, hai tia là cạnh. Đơn vị đo là độ. Vòng tròn đầy 360 độ, nửa vòng 180, 1/4 vòng 90. Người Babylon chọn 360 vì chia hết cho nhiều số. Phân loại: góc nhọn (<90), góc vuông (=90), góc tù (90-180), góc bẹt (180). Góc vuông đặc biệt nhất - tiêu chuẩn cho vuông góc, xuất hiện từ Pytago đến hệ tọa độ Descartes."
134,frame_000134_00-02-13-000.jpg,133.000,00:02:13.000,Góc sinh ra khi hai tia gặp nhau,"Lấy hai tia chung gốc, bạn được một góc. Điểm gốc là đỉnh, hai tia là cạnh. Đơn vị đo là độ. Vòng tròn đầy 360 độ, nửa vòng 180, 1/4 vòng 90. Người Babylon chọn 360 vì chia hết cho nhiều số. Phân loại: góc nhọn (<90), góc vuông (=90), góc tù (90-180), góc bẹt (180). Góc vuông đặc biệt nhất - tiêu chuẩn cho vuông góc, xuất hiện từ Pytago đến hệ tọa độ Descartes."
135,frame_000135_00-02-14-000.jpg,134.000,00:02:14.000,Góc sinh ra khi hai tia gặp nhau,"Lấy hai tia chung gốc, bạn được một góc. Điểm gốc là đỉnh, hai tia là cạnh. Đơn vị đo là độ. Vòng tròn đầy 360 độ, nửa vòng 180, 1/4 vòng 90. Người Babylon chọn 360 vì chia hết cho nhiều số. Phân loại: góc nhọn (<90), góc vuông (=90), góc tù (90-180), góc bẹt (180). Góc vuông đặc biệt nhất - tiêu chuẩn cho vuông góc, xuất hiện từ Pytago đến hệ tọa độ Descartes."
136,frame_000136_00-02-15-000.jpg,135.000,00:02:15.000,Góc sinh ra khi hai tia gặp nhau,"Lấy hai tia chung gốc, bạn được một góc. Điểm gốc là đỉnh, hai tia là cạnh. Đơn vị đo là độ. Vòng tròn đầy 360 độ, nửa vòng 180, 1/4 vòng 90. Người Babylon chọn 360 vì chia hết cho nhiều số. Phân loại: góc nhọn (<90), góc vuông (=90), góc tù (90-180), góc bẹt (180). Góc vuông đặc biệt nhất - tiêu chuẩn cho vuông góc, xuất hiện từ Pytago đến hệ tọa độ Descartes."
137,frame_000137_00-02-16-000.jpg,136.000,00:02:16.000,Góc sinh ra khi hai tia gặp nhau,"Lấy hai tia chung gốc, bạn được một góc. Điểm gốc là đỉnh, hai tia là cạnh. Đơn vị đo là độ. Vòng tròn đầy 360 độ, nửa vòng 180, 1/4 vòng 90. Người Babylon chọn 360 vì chia hết cho nhiều số. Phân loại: góc nhọn (<90), góc vuông (=90), góc tù (90-180), góc bẹt (180). Góc vuông đặc biệt nhất - tiêu chuẩn cho vuông góc, xuất hiện từ Pytago đến hệ tọa độ Descartes."
138,frame_000138_00-02-17-000.jpg,137.000,00:02:17.000,Góc sinh ra khi hai tia gặp nhau,"Lấy hai tia chung gốc, bạn được một góc. Điểm gốc là đỉnh, hai tia là cạnh. Đơn vị đo là độ. Vòng tròn đầy 360 độ, nửa vòng 180, 1/4 vòng 90. Người Babylon chọn 360 vì chia hết cho nhiều số. Phân loại: góc nhọn (<90), góc vuông (=90), góc tù (90-180), góc bẹt (180). Góc vuông đặc biệt nhất - tiêu chuẩn cho vuông góc, xuất hiện từ Pytago đến hệ tọa độ Descartes."
139,frame_000139_00-02-18-000.jpg,138.000,00:02:18.000,Góc sinh ra khi hai tia gặp nhau,"Lấy hai tia chung gốc, bạn được một góc. Điểm gốc là đỉnh, hai tia là cạnh. Đơn vị đo là độ. Vòng tròn đầy 360 độ, nửa vòng 180, 1/4 vòng 90. Người Babylon chọn 360 vì chia hết cho nhiều số. Phân loại: góc nhọn (<90), góc vuông (=90), góc tù (90-180), góc bẹt (180). Góc vuông đặc biệt nhất - tiêu chuẩn cho vuông góc, xuất hiện từ Pytago đến hệ tọa độ Descartes."
140,frame_000140_00-02-19-000.jpg,139.000,00:02:19.000,Góc sinh ra khi hai tia gặp nhau,"Lấy hai tia chung gốc, bạn được một góc. Điểm gốc là đỉnh, hai tia là cạnh. Đơn vị đo là độ. Vòng tròn đầy 360 độ, nửa vòng 180, 1/4 vòng 90. Người Babylon chọn 360 vì chia hết cho nhiều số. Phân loại: góc nhọn (<90), góc vuông (=90), góc tù (90-180), góc bẹt (180). Góc vuông đặc biệt nhất - tiêu chuẩn cho vuông góc, xuất hiện từ Pytago đến hệ tọa độ Descartes."
141,frame_000141_00-02-20-000.jpg,140.000,00:02:20.000,Góc sinh ra khi hai tia gặp nhau,"Lấy hai tia chung gốc, bạn được một góc. Điểm gốc là đỉnh, hai tia là cạnh. Đơn vị đo là độ. Vòng tròn đầy 360 độ, nửa vòng 180, 1/4 vòng 90. Người Babylon chọn 360 vì chia hết cho nhiều số. Phân loại: góc nhọn (<90), góc vuông (=90), góc tù (90-180), góc bẹt (180). Góc vuông đặc biệt nhất - tiêu chuẩn cho vuông góc, xuất hiện từ Pytago đến hệ tọa độ Descartes."
142,frame_000142_00-02-21-000.jpg,141.000,00:02:21.000,Góc sinh ra khi hai tia gặp nhau,"Lấy hai tia chung gốc, bạn được một góc. Điểm gốc là đỉnh, hai tia là cạnh. Đơn vị đo là độ. Vòng tròn đầy 360 độ, nửa vòng 180, 1/4 vòng 90. Người Babylon chọn 360 vì chia hết cho nhiều số. Phân loại: góc nhọn (<90), góc vuông (=90), góc tù (90-180), góc bẹt (180). Góc vuông đặc biệt nhất - tiêu chuẩn cho vuông góc, xuất hiện từ Pytago đến hệ tọa độ Descartes."
143,frame_000143_00-02-22-000.jpg,142.000,00:02:22.000,Góc sinh ra khi hai tia gặp nhau,"Lấy hai tia chung gốc, bạn được một góc. Điểm gốc là đỉnh, hai tia là cạnh. Đơn vị đo là độ. Vòng tròn đầy 360 độ, nửa vòng 180, 1/4 vòng 90. Người Babylon chọn 360 vì chia hết cho nhiều số. Phân loại: góc nhọn (<90), góc vuông (=90), góc tù (90-180), góc bẹt (180). Góc vuông đặc biệt nhất - tiêu chuẩn cho vuông góc, xuất hiện từ Pytago đến hệ tọa độ Descartes."
144,frame_000144_00-02-23-000.jpg,143.000,00:02:23.000,Góc sinh ra khi hai tia gặp nhau,"Lấy hai tia chung gốc, bạn được một góc. Điểm gốc là đỉnh, hai tia là cạnh. Đơn vị đo là độ. Vòng tròn đầy 360 độ, nửa vòng 180, 1/4 vòng 90. Người Babylon chọn 360 vì chia hết cho nhiều số. Phân loại: góc nhọn (<90), góc vuông (=90), góc tù (90-180), góc bẹt (180). Góc vuông đặc biệt nhất - tiêu chuẩn cho vuông góc, xuất hiện từ Pytago đến hệ tọa độ Descartes."
145,frame_000145_00-02-24-000.jpg,144.000,00:02:24.000,Góc sinh ra khi hai tia gặp nhau,"Lấy hai tia chung gốc, bạn được một góc. Điểm gốc là đỉnh, hai tia là cạnh. Đơn vị đo là độ. Vòng tròn đầy 360 độ, nửa vòng 180, 1/4 vòng 90. Người Babylon chọn 360 vì chia hết cho nhiều số. Phân loại: góc nhọn (<90), góc vuông (=90), góc tù (90-180), góc bẹt (180). Góc vuông đặc biệt nhất - tiêu chuẩn cho vuông góc, xuất hiện từ Pytago đến hệ tọa độ Descartes."
146,frame_000146_00-02-25-000.jpg,145.000,00:02:25.000,Góc sinh ra khi hai tia gặp nhau,"Lấy hai tia chung gốc, bạn được một góc. Điểm gốc là đỉnh, hai tia là cạnh. Đơn vị đo là độ. Vòng tròn đầy 360 độ, nửa vòng 180, 1/4 vòng 90. Người Babylon chọn 360 vì chia hết cho nhiều số. Phân loại: góc nhọn (<90), góc vuông (=90), góc tù (90-180), góc bẹt (180). Góc vuông đặc biệt nhất - tiêu chuẩn cho vuông góc, xuất hiện từ Pytago đến hệ tọa độ Descartes."
147,frame_000147_00-02-26-000.jpg,146.000,00:02:26.000,Góc sinh ra khi hai tia gặp nhau,"Lấy hai tia chung gốc, bạn được một góc. Điểm gốc là đỉnh, hai tia là cạnh. Đơn vị đo là độ. Vòng tròn đầy 360 độ, nửa vòng 180, 1/4 vòng 90. Người Babylon chọn 360 vì chia hết cho nhiều số. Phân loại: góc nhọn (<90), góc vuông (=90), góc tù (90-180), góc bẹt (180). Góc vuông đặc biệt nhất - tiêu chuẩn cho vuông góc, xuất hiện từ Pytago đến hệ tọa độ Descartes."
148,frame_000148_00-02-27-000.jpg,147.000,00:02:27.000,Góc sinh ra khi hai tia gặp nhau,"Lấy hai tia chung gốc, bạn được một góc. Điểm gốc là đỉnh, hai tia là cạnh. Đơn vị đo là độ. Vòng tròn đầy 360 độ, nửa vòng 180, 1/4 vòng 90. Người Babylon chọn 360 vì chia hết cho nhiều số. Phân loại: góc nhọn (<90), góc vuông (=90), góc tù (90-180), góc bẹt (180). Góc vuông đặc biệt nhất - tiêu chuẩn cho vuông góc, xuất hiện từ Pytago đến hệ tọa độ Descartes."
149,frame_000149_00-02-28-000.jpg,148.000,00:02:28.000,Góc sinh ra khi hai tia gặp nhau,"Lấy hai tia chung gốc, bạn được một góc. Điểm gốc là đỉnh, hai tia là cạnh. Đơn vị đo là độ. Vòng tròn đầy 360 độ, nửa vòng 180, 1/4 vòng 90. Người Babylon chọn 360 vì chia hết cho nhiều số. Phân loại: góc nhọn (<90), góc vuông (=90), góc tù (90-180), góc bẹt (180). Góc vuông đặc biệt nhất - tiêu chuẩn cho vuông góc, xuất hiện từ Pytago đến hệ tọa độ Descartes."
150,frame_000150_00-02-29-000.jpg,149.000,00:02:29.000,Góc sinh ra khi hai tia gặp nhau,"Lấy hai tia chung gốc, bạn được một góc. Điểm gốc là đỉnh, hai tia là cạnh. Đơn vị đo là độ. Vòng tròn đầy 360 độ, nửa vòng 180, 1/4 vòng 90. Người Babylon chọn 360 vì chia hết cho nhiều số. Phân loại: góc nhọn (<90), góc vuông (=90), góc tù (90-180), góc bẹt (180). Góc vuông đặc biệt nhất - tiêu chuẩn cho vuông góc, xuất hiện từ Pytago đến hệ tọa độ Descartes."
151,frame_000151_00-02-30-000.jpg,150.000,00:02:30.000,Góc sinh ra khi hai tia gặp nhau,"Lấy hai tia chung gốc, bạn được một góc. Điểm gốc là đỉnh, hai tia là cạnh. Đơn vị đo là độ. Vòng tròn đầy 360 độ, nửa vòng 180, 1/4 vòng 90. Người Babylon chọn 360 vì chia hết cho nhiều số. Phân loại: góc nhọn (<90), góc vuông (=90), góc tù (90-180), góc bẹt (180). Góc vuông đặc biệt nhất - tiêu chuẩn cho vuông góc, xuất hiện từ Pytago đến hệ tọa độ Descartes."
152,frame_000152_00-02-31-000.jpg,151.000,00:02:31.000,Góc sinh ra khi hai tia gặp nhau,"Lấy hai tia chung gốc, bạn được một góc. Điểm gốc là đỉnh, hai tia là cạnh. Đơn vị đo là độ. Vòng tròn đầy 360 độ, nửa vòng 180, 1/4 vòng 90. Người Babylon chọn 360 vì chia hết cho nhiều số. Phân loại: góc nhọn (<90), góc vuông (=90), góc tù (90-180), góc bẹt (180). Góc vuông đặc biệt nhất - tiêu chuẩn cho vuông góc, xuất hiện từ Pytago đến hệ tọa độ Descartes."
153,frame_000153_00-02-32-000.jpg,152.000,00:02:32.000,Góc sinh ra khi hai tia gặp nhau,"Lấy hai tia chung gốc, bạn được một góc. Điểm gốc là đỉnh, hai tia là cạnh. Đơn vị đo là độ. Vòng tròn đầy 360 độ, nửa vòng 180, 1/4 vòng 90. Người Babylon chọn 360 vì chia hết cho nhiều số. Phân loại: góc nhọn (<90), góc vuông (=90), góc tù (90-180), góc bẹt (180). Góc vuông đặc biệt nhất - tiêu chuẩn cho vuông góc, xuất hiện từ Pytago đến hệ tọa độ Descartes."
154,frame_000154_00-02-33-000.jpg,153.000,00:02:33.000,Góc sinh ra khi hai tia gặp nhau,"Lấy hai tia chung gốc, bạn được một góc. Điểm gốc là đỉnh, hai tia là cạnh. Đơn vị đo là độ. Vòng tròn đầy 360 độ, nửa vòng 180, 1/4 vòng 90. Người Babylon chọn 360 vì chia hết cho nhiều số. Phân loại: góc nhọn (<90), góc vuông (=90), góc tù (90-180), góc bẹt (180). Góc vuông đặc biệt nhất - tiêu chuẩn cho vuông góc, xuất hiện từ Pytago đến hệ tọa độ Descartes."
155,frame_000155_00-02-34-000.jpg,154.000,00:02:34.000,Góc sinh ra khi hai tia gặp nhau,"Lấy hai tia chung gốc, bạn được một góc. Điểm gốc là đỉnh, hai tia là cạnh. Đơn vị đo là độ. Vòng tròn đầy 360 độ, nửa vòng 180, 1/4 vòng 90. Người Babylon chọn 360 vì chia hết cho nhiều số. Phân loại: góc nhọn (<90), góc vuông (=90), góc tù (90-180), góc bẹt (180). Góc vuông đặc biệt nhất - tiêu chuẩn cho vuông góc, xuất hiện từ Pytago đến hệ tọa độ Descartes."
156,frame_000156_00-02-35-000.jpg,155.000,00:02:35.000,Góc sinh ra khi hai tia gặp nhau,"Lấy hai tia chung gốc, bạn được một góc. Điểm gốc là đỉnh, hai tia là cạnh. Đơn vị đo là độ. Vòng tròn đầy 360 độ, nửa vòng 180, 1/4 vòng 90. Người Babylon chọn 360 vì chia hết cho nhiều số. Phân loại: góc nhọn (<90), góc vuông (=90), góc tù (90-180), góc bẹt (180). Góc vuông đặc biệt nhất - tiêu chuẩn cho vuông góc, xuất hiện từ Pytago đến hệ tọa độ Descartes."
157,frame_000157_00-02-36-000.jpg,156.000,00:02:36.000,Góc sinh ra khi hai tia gặp nhau,"Lấy hai tia chung gốc, bạn được một góc. Điểm gốc là đỉnh, hai tia là cạnh. Đơn vị đo là độ. Vòng tròn đầy 360 độ, nửa vòng 180, 1/4 vòng 90. Người Babylon chọn 360 vì chia hết cho nhiều số. Phân loại: góc nhọn (<90), góc vuông (=90), góc tù (90-180), góc bẹt (180). Góc vuông đặc biệt nhất - tiêu chuẩn cho vuông góc, xuất hiện từ Pytago đến hệ tọa độ Descartes."
158,frame_000158_00-02-37-000.jpg,157.000,00:02:37.000,Góc sinh ra khi hai tia gặp nhau,"Lấy hai tia chung gốc, bạn được một góc. Điểm gốc là đỉnh, hai tia là cạnh. Đơn vị đo là độ. Vòng tròn đầy 360 độ, nửa vòng 180, 1/4 vòng 90. Người Babylon chọn 360 vì chia hết cho nhiều số. Phân loại: góc nhọn (<90), góc vuông (=90), góc tù (90-180), góc bẹt (180). Góc vuông đặc biệt nhất - tiêu chuẩn cho vuông góc, xuất hiện từ Pytago đến hệ tọa độ Descartes."
159,frame_000159_00-02-38-000.jpg,158.000,00:02:38.000,Góc sinh ra khi hai tia gặp nhau,"Lấy hai tia chung gốc, bạn được một góc. Điểm gốc là đỉnh, hai tia là cạnh. Đơn vị đo là độ. Vòng tròn đầy 360 độ, nửa vòng 180, 1/4 vòng 90. Người Babylon chọn 360 vì chia hết cho nhiều số. Phân loại: góc nhọn (<90), góc vuông (=90), góc tù (90-180), góc bẹt (180). Góc vuông đặc biệt nhất - tiêu chuẩn cho vuông góc, xuất hiện từ Pytago đến hệ tọa độ Descartes."
160,frame_000160_00-02-39-000.jpg,159.000,00:02:39.000,Góc sinh ra khi hai tia gặp nhau,"Lấy hai tia chung gốc, bạn được một góc. Điểm gốc là đỉnh, hai tia là cạnh. Đơn vị đo là độ. Vòng tròn đầy 360 độ, nửa vòng 180, 1/4 vòng 90. Người Babylon chọn 360 vì chia hết cho nhiều số. Phân loại: góc nhọn (<90), góc vuông (=90), góc tù (90-180), góc bẹt (180). Góc vuông đặc biệt nhất - tiêu chuẩn cho vuông góc, xuất hiện từ Pytago đến hệ tọa độ Descartes."
161,frame_000161_00-02-40-000.jpg,160.000,00:02:40.000,Khi hai đường thẳng cắt nhau,"Hai đường thẳng cắt nhau tạo ra bốn góc, quan hệ theo hai kiểu. Góc đối đỉnh: hai góc đối diện luôn bằng nhau (như hai lưỡi kéo mở ra). Góc kề bù: hai góc kề nhau cộng lại 180 độ. Biết một góc là biết cả ba góc còn lại. Khi bốn góc bằng nhau (=90), hai đường vuông góc - xuất hiện trong hình chữ nhật, hình vuông, hệ tọa độ."
162,frame_000162_00-02-41-000.jpg,161.000,00:02:41.000,Khi hai đường thẳng cắt nhau,"Hai đường thẳng cắt nhau tạo ra bốn góc, quan hệ theo hai kiểu. Góc đối đỉnh: hai góc đối diện luôn bằng nhau (như hai lưỡi kéo mở ra). Góc kề bù: hai góc kề nhau cộng lại 180 độ. Biết một góc là biết cả ba góc còn lại. Khi bốn góc bằng nhau (=90), hai đường vuông góc - xuất hiện trong hình chữ nhật, hình vuông, hệ tọa độ."
163,frame_000163_00-02-42-000.jpg,162.000,00:02:42.000,Khi hai đường thẳng cắt nhau,"Hai đường thẳng cắt nhau tạo ra bốn góc, quan hệ theo hai kiểu. Góc đối đỉnh: hai góc đối diện luôn bằng nhau (như hai lưỡi kéo mở ra). Góc kề bù: hai góc kề nhau cộng lại 180 độ. Biết một góc là biết cả ba góc còn lại. Khi bốn góc bằng nhau (=90), hai đường vuông góc - xuất hiện trong hình chữ nhật, hình vuông, hệ tọa độ."
164,frame_000164_00-02-43-000.jpg,163.000,00:02:43.000,Khi hai đường thẳng cắt nhau,"Hai đường thẳng cắt nhau tạo ra bốn góc, quan hệ theo hai kiểu. Góc đối đỉnh: hai góc đối diện luôn bằng nhau (như hai lưỡi kéo mở ra). Góc kề bù: hai góc kề nhau cộng lại 180 độ. Biết một góc là biết cả ba góc còn lại. Khi bốn góc bằng nhau (=90), hai đường vuông góc - xuất hiện trong hình chữ nhật, hình vuông, hệ tọa độ."
165,frame_000165_00-02-44-000.jpg,164.000,00:02:44.000,Khi hai đường thẳng cắt nhau,"Hai đường thẳng cắt nhau tạo ra bốn góc, quan hệ theo hai kiểu. Góc đối đỉnh: hai góc đối diện luôn bằng nhau (như hai lưỡi kéo mở ra). Góc kề bù: hai góc kề nhau cộng lại 180 độ. Biết một góc là biết cả ba góc còn lại. Khi bốn góc bằng nhau (=90), hai đường vuông góc - xuất hiện trong hình chữ nhật, hình vuông, hệ tọa độ."
166,frame_000166_00-02-45-000.jpg,165.000,00:02:45.000,Khi hai đường thẳng cắt nhau,"Hai đường thẳng cắt nhau tạo ra bốn góc, quan hệ theo hai kiểu. Góc đối đỉnh: hai góc đối diện luôn bằng nhau (như hai lưỡi kéo mở ra). Góc kề bù: hai góc kề nhau cộng lại 180 độ. Biết một góc là biết cả ba góc còn lại. Khi bốn góc bằng nhau (=90), hai đường vuông góc - xuất hiện trong hình chữ nhật, hình vuông, hệ tọa độ."
167,frame_000167_00-02-46-000.jpg,166.000,00:02:46.000,Khi hai đường thẳng cắt nhau,"Hai đường thẳng cắt nhau tạo ra bốn góc, quan hệ theo hai kiểu. Góc đối đỉnh: hai góc đối diện luôn bằng nhau (như hai lưỡi kéo mở ra). Góc kề bù: hai góc kề nhau cộng lại 180 độ. Biết một góc là biết cả ba góc còn lại. Khi bốn góc bằng nhau (=90), hai đường vuông góc - xuất hiện trong hình chữ nhật, hình vuông, hệ tọa độ."
168,frame_000168_00-02-47-000.jpg,167.000,00:02:47.000,Khi hai đường thẳng cắt nhau,"Hai đường thẳng cắt nhau tạo ra bốn góc, quan hệ theo hai kiểu. Góc đối đỉnh: hai góc đối diện luôn bằng nhau (như hai lưỡi kéo mở ra). Góc kề bù: hai góc kề nhau cộng lại 180 độ. Biết một góc là biết cả ba góc còn lại. Khi bốn góc bằng nhau (=90), hai đường vuông góc - xuất hiện trong hình chữ nhật, hình vuông, hệ tọa độ."
169,frame_000169_00-02-48-000.jpg,168.000,00:02:48.000,Khi hai đường thẳng cắt nhau,"Hai đường thẳng cắt nhau tạo ra bốn góc, quan hệ theo hai kiểu. Góc đối đỉnh: hai góc đối diện luôn bằng nhau (như hai lưỡi kéo mở ra). Góc kề bù: hai góc kề nhau cộng lại 180 độ. Biết một góc là biết cả ba góc còn lại. Khi bốn góc bằng nhau (=90), hai đường vuông góc - xuất hiện trong hình chữ nhật, hình vuông, hệ tọa độ."
170,frame_000170_00-02-49-000.jpg,169.000,00:02:49.000,Khi hai đường thẳng cắt nhau,"Hai đường thẳng cắt nhau tạo ra bốn góc, quan hệ theo hai kiểu. Góc đối đỉnh: hai góc đối diện luôn bằng nhau (như hai lưỡi kéo mở ra). Góc kề bù: hai góc kề nhau cộng lại 180 độ. Biết một góc là biết cả ba góc còn lại. Khi bốn góc bằng nhau (=90), hai đường vuông góc - xuất hiện trong hình chữ nhật, hình vuông, hệ tọa độ."
171,frame_000171_00-02-50-000.jpg,170.000,00:02:50.000,Khi hai đường thẳng cắt nhau,"Hai đường thẳng cắt nhau tạo ra bốn góc, quan hệ theo hai kiểu. Góc đối đỉnh: hai góc đối diện luôn bằng nhau (như hai lưỡi kéo mở ra). Góc kề bù: hai góc kề nhau cộng lại 180 độ. Biết một góc là biết cả ba góc còn lại. Khi bốn góc bằng nhau (=90), hai đường vuông góc - xuất hiện trong hình chữ nhật, hình vuông, hệ tọa độ."
172,frame_000172_00-02-51-000.jpg,171.000,00:02:51.000,Khi hai đường thẳng cắt nhau,"Hai đường thẳng cắt nhau tạo ra bốn góc, quan hệ theo hai kiểu. Góc đối đỉnh: hai góc đối diện luôn bằng nhau (như hai lưỡi kéo mở ra). Góc kề bù: hai góc kề nhau cộng lại 180 độ. Biết một góc là biết cả ba góc còn lại. Khi bốn góc bằng nhau (=90), hai đường vuông góc - xuất hiện trong hình chữ nhật, hình vuông, hệ tọa độ."
173,frame_000173_00-02-52-000.jpg,172.000,00:02:52.000,Khi hai đường thẳng cắt nhau,"Hai đường thẳng cắt nhau tạo ra bốn góc, quan hệ theo hai kiểu. Góc đối đỉnh: hai góc đối diện luôn bằng nhau (như hai lưỡi kéo mở ra). Góc kề bù: hai góc kề nhau cộng lại 180 độ. Biết một góc là biết cả ba góc còn lại. Khi bốn góc bằng nhau (=90), hai đường vuông góc - xuất hiện trong hình chữ nhật, hình vuông, hệ tọa độ."
174,frame_000174_00-02-53-000.jpg,173.000,00:02:53.000,Khi hai đường thẳng cắt nhau,"Hai đường thẳng cắt nhau tạo ra bốn góc, quan hệ theo hai kiểu. Góc đối đỉnh: hai góc đối diện luôn bằng nhau (như hai lưỡi kéo mở ra). Góc kề bù: hai góc kề nhau cộng lại 180 độ. Biết một góc là biết cả ba góc còn lại. Khi bốn góc bằng nhau (=90), hai đường vuông góc - xuất hiện trong hình chữ nhật, hình vuông, hệ tọa độ."
175,frame_000175_00-02-54-000.jpg,174.000,00:02:54.000,Khi hai đường thẳng cắt nhau,"Hai đường thẳng cắt nhau tạo ra bốn góc, quan hệ theo hai kiểu. Góc đối đỉnh: hai góc đối diện luôn bằng nhau (như hai lưỡi kéo mở ra). Góc kề bù: hai góc kề nhau cộng lại 180 độ. Biết một góc là biết cả ba góc còn lại. Khi bốn góc bằng nhau (=90), hai đường vuông góc - xuất hiện trong hình chữ nhật, hình vuông, hệ tọa độ."
176,frame_000176_00-02-55-000.jpg,175.000,00:02:55.000,Khi hai đường thẳng cắt nhau,"Hai đường thẳng cắt nhau tạo ra bốn góc, quan hệ theo hai kiểu. Góc đối đỉnh: hai góc đối diện luôn bằng nhau (như hai lưỡi kéo mở ra). Góc kề bù: hai góc kề nhau cộng lại 180 độ. Biết một góc là biết cả ba góc còn lại. Khi bốn góc bằng nhau (=90), hai đường vuông góc - xuất hiện trong hình chữ nhật, hình vuông, hệ tọa độ."
177,frame_000177_00-02-56-000.jpg,176.000,00:02:56.000,Khi hai đường thẳng cắt nhau,"Hai đường thẳng cắt nhau tạo ra bốn góc, quan hệ theo hai kiểu. Góc đối đỉnh: hai góc đối diện luôn bằng nhau (như hai lưỡi kéo mở ra). Góc kề bù: hai góc kề nhau cộng lại 180 độ. Biết một góc là biết cả ba góc còn lại. Khi bốn góc bằng nhau (=90), hai đường vuông góc - xuất hiện trong hình chữ nhật, hình vuông, hệ tọa độ."
178,frame_000178_00-02-57-000.jpg,177.000,00:02:57.000,Khi hai đường thẳng cắt nhau,"Hai đường thẳng cắt nhau tạo ra bốn góc, quan hệ theo hai kiểu. Góc đối đỉnh: hai góc đối diện luôn bằng nhau (như hai lưỡi kéo mở ra). Góc kề bù: hai góc kề nhau cộng lại 180 độ. Biết một góc là biết cả ba góc còn lại. Khi bốn góc bằng nhau (=90), hai đường vuông góc - xuất hiện trong hình chữ nhật, hình vuông, hệ tọa độ."
179,frame_000179_00-02-58-000.jpg,178.000,00:02:58.000,Khi hai đường thẳng cắt nhau,"Hai đường thẳng cắt nhau tạo ra bốn góc, quan hệ theo hai kiểu. Góc đối đỉnh: hai góc đối diện luôn bằng nhau (như hai lưỡi kéo mở ra). Góc kề bù: hai góc kề nhau cộng lại 180 độ. Biết một góc là biết cả ba góc còn lại. Khi bốn góc bằng nhau (=90), hai đường vuông góc - xuất hiện trong hình chữ nhật, hình vuông, hệ tọa độ."
180,frame_000180_00-02-59-000.jpg,179.000,00:02:59.000,Khi hai đường thẳng cắt nhau,"Hai đường thẳng cắt nhau tạo ra bốn góc, quan hệ theo hai kiểu. Góc đối đỉnh: hai góc đối diện luôn bằng nhau (như hai lưỡi kéo mở ra). Góc kề bù: hai góc kề nhau cộng lại 180 độ. Biết một góc là biết cả ba góc còn lại. Khi bốn góc bằng nhau (=90), hai đường vuông góc - xuất hiện trong hình chữ nhật, hình vuông, hệ tọa độ."
181,frame_000181_00-03-00-000.jpg,180.000,00:03:00.000,Khi hai đường thẳng cắt nhau,"Hai đường thẳng cắt nhau tạo ra bốn góc, quan hệ theo hai kiểu. Góc đối đỉnh: hai góc đối diện luôn bằng nhau (như hai lưỡi kéo mở ra). Góc kề bù: hai góc kề nhau cộng lại 180 độ. Biết một góc là biết cả ba góc còn lại. Khi bốn góc bằng nhau (=90), hai đường vuông góc - xuất hiện trong hình chữ nhật, hình vuông, hệ tọa độ."
182,frame_000182_00-03-01-000.jpg,181.000,00:03:01.000,Khi hai đường thẳng cắt nhau,"Hai đường thẳng cắt nhau tạo ra bốn góc, quan hệ theo hai kiểu. Góc đối đỉnh: hai góc đối diện luôn bằng nhau (như hai lưỡi kéo mở ra). Góc kề bù: hai góc kề nhau cộng lại 180 độ. Biết một góc là biết cả ba góc còn lại. Khi bốn góc bằng nhau (=90), hai đường vuông góc - xuất hiện trong hình chữ nhật, hình vuông, hệ tọa độ."
183,frame_000183_00-03-02-000.jpg,182.000,00:03:02.000,Khi hai đường thẳng cắt nhau,"Hai đường thẳng cắt nhau tạo ra bốn góc, quan hệ theo hai kiểu. Góc đối đỉnh: hai góc đối diện luôn bằng nhau (như hai lưỡi kéo mở ra). Góc kề bù: hai góc kề nhau cộng lại 180 độ. Biết một góc là biết cả ba góc còn lại. Khi bốn góc bằng nhau (=90), hai đường vuông góc - xuất hiện trong hình chữ nhật, hình vuông, hệ tọa độ."
184,frame_000184_00-03-03-000.jpg,183.000,00:03:03.000,Khi hai đường thẳng cắt nhau,"Hai đường thẳng cắt nhau tạo ra bốn góc, quan hệ theo hai kiểu. Góc đối đỉnh: hai góc đối diện luôn bằng nhau (như hai lưỡi kéo mở ra). Góc kề bù: hai góc kề nhau cộng lại 180 độ. Biết một góc là biết cả ba góc còn lại. Khi bốn góc bằng nhau (=90), hai đường vuông góc - xuất hiện trong hình chữ nhật, hình vuông, hệ tọa độ."
185,frame_000185_00-03-04-000.jpg,184.000,00:03:04.000,Khi hai đường thẳng cắt nhau,"Hai đường thẳng cắt nhau tạo ra bốn góc, quan hệ theo hai kiểu. Góc đối đỉnh: hai góc đối diện luôn bằng nhau (như hai lưỡi kéo mở ra). Góc kề bù: hai góc kề nhau cộng lại 180 độ. Biết một góc là biết cả ba góc còn lại. Khi bốn góc bằng nhau (=90), hai đường vuông góc - xuất hiện trong hình chữ nhật, hình vuông, hệ tọa độ."
186,frame_000186_00-03-05-000.jpg,185.000,00:03:05.000,Khi hai đường thẳng cắt nhau,"Hai đường thẳng cắt nhau tạo ra bốn góc, quan hệ theo hai kiểu. Góc đối đỉnh: hai góc đối diện luôn bằng nhau (như hai lưỡi kéo mở ra). Góc kề bù: hai góc kề nhau cộng lại 180 độ. Biết một góc là biết cả ba góc còn lại. Khi bốn góc bằng nhau (=90), hai đường vuông góc - xuất hiện trong hình chữ nhật, hình vuông, hệ tọa độ."
187,frame_000187_00-03-06-000.jpg,186.000,00:03:06.000,Khi hai đường thẳng cắt nhau,"Hai đường thẳng cắt nhau tạo ra bốn góc, quan hệ theo hai kiểu. Góc đối đỉnh: hai góc đối diện luôn bằng nhau (như hai lưỡi kéo mở ra). Góc kề bù: hai góc kề nhau cộng lại 180 độ. Biết một góc là biết cả ba góc còn lại. Khi bốn góc bằng nhau (=90), hai đường vuông góc - xuất hiện trong hình chữ nhật, hình vuông, hệ tọa độ."
188,frame_000188_00-03-07-000.jpg,187.000,00:03:07.000,Khi hai đường thẳng cắt nhau,"Hai đường thẳng cắt nhau tạo ra bốn góc, quan hệ theo hai kiểu. Góc đối đỉnh: hai góc đối diện luôn bằng nhau (như hai lưỡi kéo mở ra). Góc kề bù: hai góc kề nhau cộng lại 180 độ. Biết một góc là biết cả ba góc còn lại. Khi bốn góc bằng nhau (=90), hai đường vuông góc - xuất hiện trong hình chữ nhật, hình vuông, hệ tọa độ."
189,frame_000189_00-03-08-000.jpg,188.000,00:03:08.000,Khi hai đường thẳng cắt nhau,"Hai đường thẳng cắt nhau tạo ra bốn góc, quan hệ theo hai kiểu. Góc đối đỉnh: hai góc đối diện luôn bằng nhau (như hai lưỡi kéo mở ra). Góc kề bù: hai góc kề nhau cộng lại 180 độ. Biết một góc là biết cả ba góc còn lại. Khi bốn góc bằng nhau (=90), hai đường vuông góc - xuất hiện trong hình chữ nhật, hình vuông, hệ tọa độ."
190,frame_000190_00-03-09-000.jpg,189.000,00:03:09.000,Khi hai đường thẳng cắt nhau,"Hai đường thẳng cắt nhau tạo ra bốn góc, quan hệ theo hai kiểu. Góc đối đỉnh: hai góc đối diện luôn bằng nhau (như hai lưỡi kéo mở ra). Góc kề bù: hai góc kề nhau cộng lại 180 độ. Biết một góc là biết cả ba góc còn lại. Khi bốn góc bằng nhau (=90), hai đường vuông góc - xuất hiện trong hình chữ nhật, hình vuông, hệ tọa độ."
191,frame_000191_00-03-10-000.jpg,190.000,00:03:10.000,Khi hai đường thẳng cắt nhau,"Hai đường thẳng cắt nhau tạo ra bốn góc, quan hệ theo hai kiểu. Góc đối đỉnh: hai góc đối diện luôn bằng nhau (như hai lưỡi kéo mở ra). Góc kề bù: hai góc kề nhau cộng lại 180 độ. Biết một góc là biết cả ba góc còn lại. Khi bốn góc bằng nhau (=90), hai đường vuông góc - xuất hiện trong hình chữ nhật, hình vuông, hệ tọa độ."
192,frame_000192_00-03-11-000.jpg,191.000,00:03:11.000,Khi hai đường thẳng cắt nhau,"Hai đường thẳng cắt nhau tạo ra bốn góc, quan hệ theo hai kiểu. Góc đối đỉnh: hai góc đối diện luôn bằng nhau (như hai lưỡi kéo mở ra). Góc kề bù: hai góc kề nhau cộng lại 180 độ. Biết một góc là biết cả ba góc còn lại. Khi bốn góc bằng nhau (=90), hai đường vuông góc - xuất hiện trong hình chữ nhật, hình vuông, hệ tọa độ."
193,frame_000193_00-03-12-000.jpg,192.000,00:03:12.000,Khi hai đường thẳng cắt nhau,"Hai đường thẳng cắt nhau tạo ra bốn góc, quan hệ theo hai kiểu. Góc đối đỉnh: hai góc đối diện luôn bằng nhau (như hai lưỡi kéo mở ra). Góc kề bù: hai góc kề nhau cộng lại 180 độ. Biết một góc là biết cả ba góc còn lại. Khi bốn góc bằng nhau (=90), hai đường vuông góc - xuất hiện trong hình chữ nhật, hình vuông, hệ tọa độ."
194,frame_000194_00-03-13-000.jpg,193.000,00:03:13.000,Khi hai đường thẳng cắt nhau,"Hai đường thẳng cắt nhau tạo ra bốn góc, quan hệ theo hai kiểu. Góc đối đỉnh: hai góc đối diện luôn bằng nhau (như hai lưỡi kéo mở ra). Góc kề bù: hai góc kề nhau cộng lại 180 độ. Biết một góc là biết cả ba góc còn lại. Khi bốn góc bằng nhau (=90), hai đường vuông góc - xuất hiện trong hình chữ nhật, hình vuông, hệ tọa độ."
195,frame_000195_00-03-14-000.jpg,194.000,00:03:14.000,Khi hai đường thẳng cắt nhau,"Hai đường thẳng cắt nhau tạo ra bốn góc, quan hệ theo hai kiểu. Góc đối đỉnh: hai góc đối diện luôn bằng nhau (như hai lưỡi kéo mở ra). Góc kề bù: hai góc kề nhau cộng lại 180 độ. Biết một góc là biết cả ba góc còn lại. Khi bốn góc bằng nhau (=90), hai đường vuông góc - xuất hiện trong hình chữ nhật, hình vuông, hệ tọa độ."
196,frame_000196_00-03-15-000.jpg,195.000,00:03:15.000,Khi hai đường thẳng cắt nhau,"Hai đường thẳng cắt nhau tạo ra bốn góc, quan hệ theo hai kiểu. Góc đối đỉnh: hai góc đối diện luôn bằng nhau (như hai lưỡi kéo mở ra). Góc kề bù: hai góc kề nhau cộng lại 180 độ. Biết một góc là biết cả ba góc còn lại. Khi bốn góc bằng nhau (=90), hai đường vuông góc - xuất hiện trong hình chữ nhật, hình vuông, hệ tọa độ."
197,frame_000197_00-03-16-000.jpg,196.000,00:03:16.000,Khi hai đường thẳng cắt nhau,"Hai đường thẳng cắt nhau tạo ra bốn góc, quan hệ theo hai kiểu. Góc đối đỉnh: hai góc đối diện luôn bằng nhau (như hai lưỡi kéo mở ra). Góc kề bù: hai góc kề nhau cộng lại 180 độ. Biết một góc là biết cả ba góc còn lại. Khi bốn góc bằng nhau (=90), hai đường vuông góc - xuất hiện trong hình chữ nhật, hình vuông, hệ tọa độ."
198,frame_000198_00-03-17-000.jpg,197.000,00:03:17.000,Khi hai đường thẳng cắt nhau,"Hai đường thẳng cắt nhau tạo ra bốn góc, quan hệ theo hai kiểu. Góc đối đỉnh: hai góc đối diện luôn bằng nhau (như hai lưỡi kéo mở ra). Góc kề bù: hai góc kề nhau cộng lại 180 độ. Biết một góc là biết cả ba góc còn lại. Khi bốn góc bằng nhau (=90), hai đường vuông góc - xuất hiện trong hình chữ nhật, hình vuông, hệ tọa độ."
199,frame_000199_00-03-18-000.jpg,198.000,00:03:18.000,Khi hai đường thẳng cắt nhau,"Hai đường thẳng cắt nhau tạo ra bốn góc, quan hệ theo hai kiểu. Góc đối đỉnh: hai góc đối diện luôn bằng nhau (như hai lưỡi kéo mở ra). Góc kề bù: hai góc kề nhau cộng lại 180 độ. Biết một góc là biết cả ba góc còn lại. Khi bốn góc bằng nhau (=90), hai đường vuông góc - xuất hiện trong hình chữ nhật, hình vuông, hệ tọa độ."
200,frame_000200_00-03-19-000.jpg,199.000,00:03:19.000,Khi hai đường thẳng cắt nhau,"Hai đường thẳng cắt nhau tạo ra bốn góc, quan hệ theo hai kiểu. Góc đối đỉnh: hai góc đối diện luôn bằng nhau (như hai lưỡi kéo mở ra). Góc kề bù: hai góc kề nhau cộng lại 180 độ. Biết một góc là biết cả ba góc còn lại. Khi bốn góc bằng nhau (=90), hai đường vuông góc - xuất hiện trong hình chữ nhật, hình vuông, hệ tọa độ."
201,frame_000201_00-03-20-000.jpg,200.000,00:03:20.000,Khi hai đường thẳng cắt nhau,"Hai đường thẳng cắt nhau tạo ra bốn góc, quan hệ theo hai kiểu. Góc đối đỉnh: hai góc đối diện luôn bằng nhau (như hai lưỡi kéo mở ra). Góc kề bù: hai góc kề nhau cộng lại 180 độ. Biết một góc là biết cả ba góc còn lại. Khi bốn góc bằng nhau (=90), hai đường vuông góc - xuất hiện trong hình chữ nhật, hình vuông, hệ tọa độ."
202,frame_000202_00-03-21-000.jpg,201.000,00:03:21.000,Khi hai đường thẳng cắt nhau,"Hai đường thẳng cắt nhau tạo ra bốn góc, quan hệ theo hai kiểu. Góc đối đỉnh: hai góc đối diện luôn bằng nhau (như hai lưỡi kéo mở ra). Góc kề bù: hai góc kề nhau cộng lại 180 độ. Biết một góc là biết cả ba góc còn lại. Khi bốn góc bằng nhau (=90), hai đường vuông góc - xuất hiện trong hình chữ nhật, hình vuông, hệ tọa độ."
203,frame_000203_00-03-22-000.jpg,202.000,00:03:22.000,Khi hai đường thẳng cắt nhau,"Hai đường thẳng cắt nhau tạo ra bốn góc, quan hệ theo hai kiểu. Góc đối đỉnh: hai góc đối diện luôn bằng nhau (như hai lưỡi kéo mở ra). Góc kề bù: hai góc kề nhau cộng lại 180 độ. Biết một góc là biết cả ba góc còn lại. Khi bốn góc bằng nhau (=90), hai đường vuông góc - xuất hiện trong hình chữ nhật, hình vuông, hệ tọa độ."
204,frame_000204_00-03-23-000.jpg,203.000,00:03:23.000,Khi hai đường thẳng cắt nhau,"Hai đường thẳng cắt nhau tạo ra bốn góc, quan hệ theo hai kiểu. Góc đối đỉnh: hai góc đối diện luôn bằng nhau (như hai lưỡi kéo mở ra). Góc kề bù: hai góc kề nhau cộng lại 180 độ. Biết một góc là biết cả ba góc còn lại. Khi bốn góc bằng nhau (=90), hai đường vuông góc - xuất hiện trong hình chữ nhật, hình vuông, hệ tọa độ."
205,frame_000205_00-03-24-000.jpg,204.000,00:03:24.000,Khi hai đường thẳng cắt nhau,"Hai đường thẳng cắt nhau tạo ra bốn góc, quan hệ theo hai kiểu. Góc đối đỉnh: hai góc đối diện luôn bằng nhau (như hai lưỡi kéo mở ra). Góc kề bù: hai góc kề nhau cộng lại 180 độ. Biết một góc là biết cả ba góc còn lại. Khi bốn góc bằng nhau (=90), hai đường vuông góc - xuất hiện trong hình chữ nhật, hình vuông, hệ tọa độ."
206,frame_000206_00-03-25-000.jpg,205.000,00:03:25.000,Khi hai đường thẳng cắt nhau,"Hai đường thẳng cắt nhau tạo ra bốn góc, quan hệ theo hai kiểu. Góc đối đỉnh: hai góc đối diện luôn bằng nhau (như hai lưỡi kéo mở ra). Góc kề bù: hai góc kề nhau cộng lại 180 độ. Biết một góc là biết cả ba góc còn lại. Khi bốn góc bằng nhau (=90), hai đường vuông góc - xuất hiện trong hình chữ nhật, hình vuông, hệ tọa độ."
207,frame_000207_00-03-26-000.jpg,206.000,00:03:26.000,Khi hai đường thẳng cắt nhau,"Hai đường thẳng cắt nhau tạo ra bốn góc, quan hệ theo hai kiểu. Góc đối đỉnh: hai góc đối diện luôn bằng nhau (như hai lưỡi kéo mở ra). Góc kề bù: hai góc kề nhau cộng lại 180 độ. Biết một góc là biết cả ba góc còn lại. Khi bốn góc bằng nhau (=90), hai đường vuông góc - xuất hiện trong hình chữ nhật, hình vuông, hệ tọa độ."
208,frame_000208_00-03-27-000.jpg,207.000,00:03:27.000,Khi hai đường thẳng cắt nhau,"Hai đường thẳng cắt nhau tạo ra bốn góc, quan hệ theo hai kiểu. Góc đối đỉnh: hai góc đối diện luôn bằng nhau (như hai lưỡi kéo mở ra). Góc kề bù: hai góc kề nhau cộng lại 180 độ. Biết một góc là biết cả ba góc còn lại. Khi bốn góc bằng nhau (=90), hai đường vuông góc - xuất hiện trong hình chữ nhật, hình vuông, hệ tọa độ."
209,frame_000209_00-03-28-000.jpg,208.000,00:03:28.000,Khi hai đường thẳng cắt nhau,"Hai đường thẳng cắt nhau tạo ra bốn góc, quan hệ theo hai kiểu. Góc đối đỉnh: hai góc đối diện luôn bằng nhau (như hai lưỡi kéo mở ra). Góc kề bù: hai góc kề nhau cộng lại 180 độ. Biết một góc là biết cả ba góc còn lại. Khi bốn góc bằng nhau (=90), hai đường vuông góc - xuất hiện trong hình chữ nhật, hình vuông, hệ tọa độ."
210,frame_000210_00-03-29-000.jpg,209.000,00:03:29.000,Khi hai đường thẳng cắt nhau,"Hai đường thẳng cắt nhau tạo ra bốn góc, quan hệ theo hai kiểu. Góc đối đỉnh: hai góc đối diện luôn bằng nhau (như hai lưỡi kéo mở ra). Góc kề bù: hai góc kề nhau cộng lại 180 độ. Biết một góc là biết cả ba góc còn lại. Khi bốn góc bằng nhau (=90), hai đường vuông góc - xuất hiện trong hình chữ nhật, hình vuông, hệ tọa độ."
211,frame_000211_00-03-30-000.jpg,210.000,00:03:30.000,Khi hai đường thẳng cắt nhau,"Hai đường thẳng cắt nhau tạo ra bốn góc, quan hệ theo hai kiểu. Góc đối đỉnh: hai góc đối diện luôn bằng nhau (như hai lưỡi kéo mở ra). Góc kề bù: hai góc kề nhau cộng lại 180 độ. Biết một góc là biết cả ba góc còn lại. Khi bốn góc bằng nhau (=90), hai đường vuông góc - xuất hiện trong hình chữ nhật, hình vuông, hệ tọa độ."
212,frame_000212_00-03-31-000.jpg,211.000,00:03:31.000,Khi hai đường thẳng cắt nhau,"Hai đường thẳng cắt nhau tạo ra bốn góc, quan hệ theo hai kiểu. Góc đối đỉnh: hai góc đối diện luôn bằng nhau (như hai lưỡi kéo mở ra). Góc kề bù: hai góc kề nhau cộng lại 180 độ. Biết một góc là biết cả ba góc còn lại. Khi bốn góc bằng nhau (=90), hai đường vuông góc - xuất hiện trong hình chữ nhật, hình vuông, hệ tọa độ."
213,frame_000213_00-03-32-000.jpg,212.000,00:03:32.000,Khi hai đường thẳng cắt nhau,"Hai đường thẳng cắt nhau tạo ra bốn góc, quan hệ theo hai kiểu. Góc đối đỉnh: hai góc đối diện luôn bằng nhau (như hai lưỡi kéo mở ra). Góc kề bù: hai góc kề nhau cộng lại 180 độ. Biết một góc là biết cả ba góc còn lại. Khi bốn góc bằng nhau (=90), hai đường vuông góc - xuất hiện trong hình chữ nhật, hình vuông, hệ tọa độ."
214,frame_000214_00-03-33-000.jpg,213.000,00:03:33.000,Khi hai đường thẳng cắt nhau,"Hai đường thẳng cắt nhau tạo ra bốn góc, quan hệ theo hai kiểu. Góc đối đỉnh: hai góc đối diện luôn bằng nhau (như hai lưỡi kéo mở ra). Góc kề bù: hai góc kề nhau cộng lại 180 độ. Biết một góc là biết cả ba góc còn lại. Khi bốn góc bằng nhau (=90), hai đường vuông góc - xuất hiện trong hình chữ nhật, hình vuông, hệ tọa độ."
215,frame_000215_00-03-34-000.jpg,214.000,00:03:34.000,Khi hai đường thẳng cắt nhau,"Hai đường thẳng cắt nhau tạo ra bốn góc, quan hệ theo hai kiểu. Góc đối đỉnh: hai góc đối diện luôn bằng nhau (như hai lưỡi kéo mở ra). Góc kề bù: hai góc kề nhau cộng lại 180 độ. Biết một góc là biết cả ba góc còn lại. Khi bốn góc bằng nhau (=90), hai đường vuông góc - xuất hiện trong hình chữ nhật, hình vuông, hệ tọa độ."
216,frame_000216_00-03-35-000.jpg,215.000,00:03:35.000,Khi hai đường thẳng cắt nhau,"Hai đường thẳng cắt nhau tạo ra bốn góc, quan hệ theo hai kiểu. Góc đối đỉnh: hai góc đối diện luôn bằng nhau (như hai lưỡi kéo mở ra). Góc kề bù: hai góc kề nhau cộng lại 180 độ. Biết một góc là biết cả ba góc còn lại. Khi bốn góc bằng nhau (=90), hai đường vuông góc - xuất hiện trong hình chữ nhật, hình vuông, hệ tọa độ."
217,frame_000217_00-03-36-000.jpg,216.000,00:03:36.000,Khi hai đường thẳng cắt nhau,"Hai đường thẳng cắt nhau tạo ra bốn góc, quan hệ theo hai kiểu. Góc đối đỉnh: hai góc đối diện luôn bằng nhau (như hai lưỡi kéo mở ra). Góc kề bù: hai góc kề nhau cộng lại 180 độ. Biết một góc là biết cả ba góc còn lại. Khi bốn góc bằng nhau (=90), hai đường vuông góc - xuất hiện trong hình chữ nhật, hình vuông, hệ tọa độ."
218,frame_000218_00-03-37-000.jpg,217.000,00:03:37.000,Khi hai đường thẳng cắt nhau,"Hai đường thẳng cắt nhau tạo ra bốn góc, quan hệ theo hai kiểu. Góc đối đỉnh: hai góc đối diện luôn bằng nhau (như hai lưỡi kéo mở ra). Góc kề bù: hai góc kề nhau cộng lại 180 độ. Biết một góc là biết cả ba góc còn lại. Khi bốn góc bằng nhau (=90), hai đường vuông góc - xuất hiện trong hình chữ nhật, hình vuông, hệ tọa độ."
219,frame_000219_00-03-38-000.jpg,218.000,00:03:38.000,Khi hai đường thẳng cắt nhau,"Hai đường thẳng cắt nhau tạo ra bốn góc, quan hệ theo hai kiểu. Góc đối đỉnh: hai góc đối diện luôn bằng nhau (như hai lưỡi kéo mở ra). Góc kề bù: hai góc kề nhau cộng lại 180 độ. Biết một góc là biết cả ba góc còn lại. Khi bốn góc bằng nhau (=90), hai đường vuông góc - xuất hiện trong hình chữ nhật, hình vuông, hệ tọa độ."
220,frame_000220_00-03-39-000.jpg,219.000,00:03:39.000,Khi hai đường thẳng cắt nhau,"Hai đường thẳng cắt nhau tạo ra bốn góc, quan hệ theo hai kiểu. Góc đối đỉnh: hai góc đối diện luôn bằng nhau (như hai lưỡi kéo mở ra). Góc kề bù: hai góc kề nhau cộng lại 180 độ. Biết một góc là biết cả ba góc còn lại. Khi bốn góc bằng nhau (=90), hai đường vuông góc - xuất hiện trong hình chữ nhật, hình vuông, hệ tọa độ."
221,frame_000221_00-03-40-000.jpg,220.000,00:03:40.000,Một đường cắt hai đường song song,"Ba đường: hai đường và đường thứ ba cắt cả hai, tạo 8 góc. Góc đồng vị, góc so le trong. Bình thường không có quan hệ gì. Nhưng khi hai đường được cắt là song song: góc đồng vị bằng nhau, góc so le trong bằng nhau. Đây là giả định gốc của hình học cổ điển. Tiên đề song song Euclid: Qua một điểm ngoài đường thẳng, có đúng một đường song song. Nổi tiếng vì làm đau đầu các nhà toán học 2000 năm, dẫn đến hình học phi Euclid."
222,frame_000222_00-03-41-000.jpg,221.000,00:03:41.000,Một đường cắt hai đường song song,"Ba đường: hai đường và đường thứ ba cắt cả hai, tạo 8 góc. Góc đồng vị, góc so le trong. Bình thường không có quan hệ gì. Nhưng khi hai đường được cắt là song song: góc đồng vị bằng nhau, góc so le trong bằng nhau. Đây là giả định gốc của hình học cổ điển. Tiên đề song song Euclid: Qua một điểm ngoài đường thẳng, có đúng một đường song song. Nổi tiếng vì làm đau đầu các nhà toán học 2000 năm, dẫn đến hình học phi Euclid."
223,frame_000223_00-03-42-000.jpg,222.000,00:03:42.000,Một đường cắt hai đường song song,"Ba đường: hai đường và đường thứ ba cắt cả hai, tạo 8 góc. Góc đồng vị, góc so le trong. Bình thường không có quan hệ gì. Nhưng khi hai đường được cắt là song song: góc đồng vị bằng nhau, góc so le trong bằng nhau. Đây là giả định gốc của hình học cổ điển. Tiên đề song song Euclid: Qua một điểm ngoài đường thẳng, có đúng một đường song song. Nổi tiếng vì làm đau đầu các nhà toán học 2000 năm, dẫn đến hình học phi Euclid."
224,frame_000224_00-03-43-000.jpg,223.000,00:03:43.000,Một đường cắt hai đường song song,"Ba đường: hai đường và đường thứ ba cắt cả hai, tạo 8 góc. Góc đồng vị, góc so le trong. Bình thường không có quan hệ gì. Nhưng khi hai đường được cắt là song song: góc đồng vị bằng nhau, góc so le trong bằng nhau. Đây là giả định gốc của hình học cổ điển. Tiên đề song song Euclid: Qua một điểm ngoài đường thẳng, có đúng một đường song song. Nổi tiếng vì làm đau đầu các nhà toán học 2000 năm, dẫn đến hình học phi Euclid."
225,frame_000225_00-03-44-000.jpg,224.000,00:03:44.000,Một đường cắt hai đường song song,"Ba đường: hai đường và đường thứ ba cắt cả hai, tạo 8 góc. Góc đồng vị, góc so le trong. Bình thường không có quan hệ gì. Nhưng khi hai đường được cắt là song song: góc đồng vị bằng nhau, góc so le trong bằng nhau. Đây là giả định gốc của hình học cổ điển. Tiên đề song song Euclid: Qua một điểm ngoài đường thẳng, có đúng một đường song song. Nổi tiếng vì làm đau đầu các nhà toán học 2000 năm, dẫn đến hình học phi Euclid."
226,frame_000226_00-03-45-000.jpg,225.000,00:03:45.000,Một đường cắt hai đường song song,"Ba đường: hai đường và đường thứ ba cắt cả hai, tạo 8 góc. Góc đồng vị, góc so le trong. Bình thường không có quan hệ gì. Nhưng khi hai đường được cắt là song song: góc đồng vị bằng nhau, góc so le trong bằng nhau. Đây là giả định gốc của hình học cổ điển. Tiên đề song song Euclid: Qua một điểm ngoài đường thẳng, có đúng một đường song song. Nổi tiếng vì làm đau đầu các nhà toán học 2000 năm, dẫn đến hình học phi Euclid."
227,frame_000227_00-03-46-000.jpg,226.000,00:03:46.000,Một đường cắt hai đường song song,"Ba đường: hai đường và đường thứ ba cắt cả hai, tạo 8 góc. Góc đồng vị, góc so le trong. Bình thường không có quan hệ gì. Nhưng khi hai đường được cắt là song song: góc đồng vị bằng nhau, góc so le trong bằng nhau. Đây là giả định gốc của hình học cổ điển. Tiên đề song song Euclid: Qua một điểm ngoài đường thẳng, có đúng một đường song song. Nổi tiếng vì làm đau đầu các nhà toán học 2000 năm, dẫn đến hình học phi Euclid."
228,frame_000228_00-03-47-000.jpg,227.000,00:03:47.000,Một đường cắt hai đường song song,"Ba đường: hai đường và đường thứ ba cắt cả hai, tạo 8 góc. Góc đồng vị, góc so le trong. Bình thường không có quan hệ gì. Nhưng khi hai đường được cắt là song song: góc đồng vị bằng nhau, góc so le trong bằng nhau. Đây là giả định gốc của hình học cổ điển. Tiên đề song song Euclid: Qua một điểm ngoài đường thẳng, có đúng một đường song song. Nổi tiếng vì làm đau đầu các nhà toán học 2000 năm, dẫn đến hình học phi Euclid."
229,frame_000229_00-03-48-000.jpg,228.000,00:03:48.000,Một đường cắt hai đường song song,"Ba đường: hai đường và đường thứ ba cắt cả hai, tạo 8 góc. Góc đồng vị, góc so le trong. Bình thường không có quan hệ gì. Nhưng khi hai đường được cắt là song song: góc đồng vị bằng nhau, góc so le trong bằng nhau. Đây là giả định gốc của hình học cổ điển. Tiên đề song song Euclid: Qua một điểm ngoài đường thẳng, có đúng một đường song song. Nổi tiếng vì làm đau đầu các nhà toán học 2000 năm, dẫn đến hình học phi Euclid."
230,frame_000230_00-03-49-000.jpg,229.000,00:03:49.000,Một đường cắt hai đường song song,"Ba đường: hai đường và đường thứ ba cắt cả hai, tạo 8 góc. Góc đồng vị, góc so le trong. Bình thường không có quan hệ gì. Nhưng khi hai đường được cắt là song song: góc đồng vị bằng nhau, góc so le trong bằng nhau. Đây là giả định gốc của hình học cổ điển. Tiên đề song song Euclid: Qua một điểm ngoài đường thẳng, có đúng một đường song song. Nổi tiếng vì làm đau đầu các nhà toán học 2000 năm, dẫn đến hình học phi Euclid."
231,frame_000231_00-03-50-000.jpg,230.000,00:03:50.000,Một đường cắt hai đường song song,"Ba đường: hai đường và đường thứ ba cắt cả hai, tạo 8 góc. Góc đồng vị, góc so le trong. Bình thường không có quan hệ gì. Nhưng khi hai đường được cắt là song song: góc đồng vị bằng nhau, góc so le trong bằng nhau. Đây là giả định gốc của hình học cổ điển. Tiên đề song song Euclid: Qua một điểm ngoài đường thẳng, có đúng một đường song song. Nổi tiếng vì làm đau đầu các nhà toán học 2000 năm, dẫn đến hình học phi Euclid."
232,frame_000232_00-03-51-000.jpg,231.000,00:03:51.000,Một đường cắt hai đường song song,"Ba đường: hai đường và đường thứ ba cắt cả hai, tạo 8 góc. Góc đồng vị, góc so le trong. Bình thường không có quan hệ gì. Nhưng khi hai đường được cắt là song song: góc đồng vị bằng nhau, góc so le trong bằng nhau. Đây là giả định gốc của hình học cổ điển. Tiên đề song song Euclid: Qua một điểm ngoài đường thẳng, có đúng một đường song song. Nổi tiếng vì làm đau đầu các nhà toán học 2000 năm, dẫn đến hình học phi Euclid."
233,frame_000233_00-03-52-000.jpg,232.000,00:03:52.000,Một đường cắt hai đường song song,"Ba đường: hai đường và đường thứ ba cắt cả hai, tạo 8 góc. Góc đồng vị, góc so le trong. Bình thường không có quan hệ gì. Nhưng khi hai đường được cắt là song song: góc đồng vị bằng nhau, góc so le trong bằng nhau. Đây là giả định gốc của hình học cổ điển. Tiên đề song song Euclid: Qua một điểm ngoài đường thẳng, có đúng một đường song song. Nổi tiếng vì làm đau đầu các nhà toán học 2000 năm, dẫn đến hình học phi Euclid."
234,frame_000234_00-03-53-000.jpg,233.000,00:03:53.000,Một đường cắt hai đường song song,"Ba đường: hai đường và đường thứ ba cắt cả hai, tạo 8 góc. Góc đồng vị, góc so le trong. Bình thường không có quan hệ gì. Nhưng khi hai đường được cắt là song song: góc đồng vị bằng nhau, góc so le trong bằng nhau. Đây là giả định gốc của hình học cổ điển. Tiên đề song song Euclid: Qua một điểm ngoài đường thẳng, có đúng một đường song song. Nổi tiếng vì làm đau đầu các nhà toán học 2000 năm, dẫn đến hình học phi Euclid."
235,frame_000235_00-03-54-000.jpg,234.000,00:03:54.000,Một đường cắt hai đường song song,"Ba đường: hai đường và đường thứ ba cắt cả hai, tạo 8 góc. Góc đồng vị, góc so le trong. Bình thường không có quan hệ gì. Nhưng khi hai đường được cắt là song song: góc đồng vị bằng nhau, góc so le trong bằng nhau. Đây là giả định gốc của hình học cổ điển. Tiên đề song song Euclid: Qua một điểm ngoài đường thẳng, có đúng một đường song song. Nổi tiếng vì làm đau đầu các nhà toán học 2000 năm, dẫn đến hình học phi Euclid."
236,frame_000236_00-03-55-000.jpg,235.000,00:03:55.000,Một đường cắt hai đường song song,"Ba đường: hai đường và đường thứ ba cắt cả hai, tạo 8 góc. Góc đồng vị, góc so le trong. Bình thường không có quan hệ gì. Nhưng khi hai đường được cắt là song song: góc đồng vị bằng nhau, góc so le trong bằng nhau. Đây là giả định gốc của hình học cổ điển. Tiên đề song song Euclid: Qua một điểm ngoài đường thẳng, có đúng một đường song song. Nổi tiếng vì làm đau đầu các nhà toán học 2000 năm, dẫn đến hình học phi Euclid."
237,frame_000237_00-03-56-000.jpg,236.000,00:03:56.000,Một đường cắt hai đường song song,"Ba đường: hai đường và đường thứ ba cắt cả hai, tạo 8 góc. Góc đồng vị, góc so le trong. Bình thường không có quan hệ gì. Nhưng khi hai đường được cắt là song song: góc đồng vị bằng nhau, góc so le trong bằng nhau. Đây là giả định gốc của hình học cổ điển. Tiên đề song song Euclid: Qua một điểm ngoài đường thẳng, có đúng một đường song song. Nổi tiếng vì làm đau đầu các nhà toán học 2000 năm, dẫn đến hình học phi Euclid."
238,frame_000238_00-03-57-000.jpg,237.000,00:03:57.000,Một đường cắt hai đường song song,"Ba đường: hai đường và đường thứ ba cắt cả hai, tạo 8 góc. Góc đồng vị, góc so le trong. Bình thường không có quan hệ gì. Nhưng khi hai đường được cắt là song song: góc đồng vị bằng nhau, góc so le trong bằng nhau. Đây là giả định gốc của hình học cổ điển. Tiên đề song song Euclid: Qua một điểm ngoài đường thẳng, có đúng một đường song song. Nổi tiếng vì làm đau đầu các nhà toán học 2000 năm, dẫn đến hình học phi Euclid."
239,frame_000239_00-03-58-000.jpg,238.000,00:03:58.000,Một đường cắt hai đường song song,"Ba đường: hai đường và đường thứ ba cắt cả hai, tạo 8 góc. Góc đồng vị, góc so le trong. Bình thường không có quan hệ gì. Nhưng khi hai đường được cắt là song song: góc đồng vị bằng nhau, góc so le trong bằng nhau. Đây là giả định gốc của hình học cổ điển. Tiên đề song song Euclid: Qua một điểm ngoài đường thẳng, có đúng một đường song song. Nổi tiếng vì làm đau đầu các nhà toán học 2000 năm, dẫn đến hình học phi Euclid."
240,frame_000240_00-03-59-000.jpg,239.000,00:03:59.000,Một đường cắt hai đường song song,"Ba đường: hai đường và đường thứ ba cắt cả hai, tạo 8 góc. Góc đồng vị, góc so le trong. Bình thường không có quan hệ gì. Nhưng khi hai đường được cắt là song song: góc đồng vị bằng nhau, góc so le trong bằng nhau. Đây là giả định gốc của hình học cổ điển. Tiên đề song song Euclid: Qua một điểm ngoài đường thẳng, có đúng một đường song song. Nổi tiếng vì làm đau đầu các nhà toán học 2000 năm, dẫn đến hình học phi Euclid."
241,frame_000241_00-04-00-000.jpg,240.000,00:04:00.000,Một đường cắt hai đường song song,"Ba đường: hai đường và đường thứ ba cắt cả hai, tạo 8 góc. Góc đồng vị, góc so le trong. Bình thường không có quan hệ gì. Nhưng khi hai đường được cắt là song song: góc đồng vị bằng nhau, góc so le trong bằng nhau. Đây là giả định gốc của hình học cổ điển. Tiên đề song song Euclid: Qua một điểm ngoài đường thẳng, có đúng một đường song song. Nổi tiếng vì làm đau đầu các nhà toán học 2000 năm, dẫn đến hình học phi Euclid."
242,frame_000242_00-04-01-000.jpg,241.000,00:04:01.000,Một đường cắt hai đường song song,"Ba đường: hai đường và đường thứ ba cắt cả hai, tạo 8 góc. Góc đồng vị, góc so le trong. Bình thường không có quan hệ gì. Nhưng khi hai đường được cắt là song song: góc đồng vị bằng nhau, góc so le trong bằng nhau. Đây là giả định gốc của hình học cổ điển. Tiên đề song song Euclid: Qua một điểm ngoài đường thẳng, có đúng một đường song song. Nổi tiếng vì làm đau đầu các nhà toán học 2000 năm, dẫn đến hình học phi Euclid."
243,frame_000243_00-04-02-000.jpg,242.000,00:04:02.000,Một đường cắt hai đường song song,"Ba đường: hai đường và đường thứ ba cắt cả hai, tạo 8 góc. Góc đồng vị, góc so le trong. Bình thường không có quan hệ gì. Nhưng khi hai đường được cắt là song song: góc đồng vị bằng nhau, góc so le trong bằng nhau. Đây là giả định gốc của hình học cổ điển. Tiên đề song song Euclid: Qua một điểm ngoài đường thẳng, có đúng một đường song song. Nổi tiếng vì làm đau đầu các nhà toán học 2000 năm, dẫn đến hình học phi Euclid."
244,frame_000244_00-04-03-000.jpg,243.000,00:04:03.000,Một đường cắt hai đường song song,"Ba đường: hai đường và đường thứ ba cắt cả hai, tạo 8 góc. Góc đồng vị, góc so le trong. Bình thường không có quan hệ gì. Nhưng khi hai đường được cắt là song song: góc đồng vị bằng nhau, góc so le trong bằng nhau. Đây là giả định gốc của hình học cổ điển. Tiên đề song song Euclid: Qua một điểm ngoài đường thẳng, có đúng một đường song song. Nổi tiếng vì làm đau đầu các nhà toán học 2000 năm, dẫn đến hình học phi Euclid."
245,frame_000245_00-04-04-000.jpg,244.000,00:04:04.000,Một đường cắt hai đường song song,"Ba đường: hai đường và đường thứ ba cắt cả hai, tạo 8 góc. Góc đồng vị, góc so le trong. Bình thường không có quan hệ gì. Nhưng khi hai đường được cắt là song song: góc đồng vị bằng nhau, góc so le trong bằng nhau. Đây là giả định gốc của hình học cổ điển. Tiên đề song song Euclid: Qua một điểm ngoài đường thẳng, có đúng một đường song song. Nổi tiếng vì làm đau đầu các nhà toán học 2000 năm, dẫn đến hình học phi Euclid."
246,frame_000246_00-04-05-000.jpg,245.000,00:04:05.000,Một đường cắt hai đường song song,"Ba đường: hai đường và đường thứ ba cắt cả hai, tạo 8 góc. Góc đồng vị, góc so le trong. Bình thường không có quan hệ gì. Nhưng khi hai đường được cắt là song song: góc đồng vị bằng nhau, góc so le trong bằng nhau. Đây là giả định gốc của hình học cổ điển. Tiên đề song song Euclid: Qua một điểm ngoài đường thẳng, có đúng một đường song song. Nổi tiếng vì làm đau đầu các nhà toán học 2000 năm, dẫn đến hình học phi Euclid."
247,frame_000247_00-04-06-000.jpg,246.000,00:04:06.000,Một đường cắt hai đường song song,"Ba đường: hai đường và đường thứ ba cắt cả hai, tạo 8 góc. Góc đồng vị, góc so le trong. Bình thường không có quan hệ gì. Nhưng khi hai đường được cắt là song song: góc đồng vị bằng nhau, góc so le trong bằng nhau. Đây là giả định gốc của hình học cổ điển. Tiên đề song song Euclid: Qua một điểm ngoài đường thẳng, có đúng một đường song song. Nổi tiếng vì làm đau đầu các nhà toán học 2000 năm, dẫn đến hình học phi Euclid."
248,frame_000248_00-04-07-000.jpg,247.000,00:04:07.000,Một đường cắt hai đường song song,"Ba đường: hai đường và đường thứ ba cắt cả hai, tạo 8 góc. Góc đồng vị, góc so le trong. Bình thường không có quan hệ gì. Nhưng khi hai đường được cắt là song song: góc đồng vị bằng nhau, góc so le trong bằng nhau. Đây là giả định gốc của hình học cổ điển. Tiên đề song song Euclid: Qua một điểm ngoài đường thẳng, có đúng một đường song song. Nổi tiếng vì làm đau đầu các nhà toán học 2000 năm, dẫn đến hình học phi Euclid."
249,frame_000249_00-04-08-000.jpg,248.000,00:04:08.000,Một đường cắt hai đường song song,"Ba đường: hai đường và đường thứ ba cắt cả hai, tạo 8 góc. Góc đồng vị, góc so le trong. Bình thường không có quan hệ gì. Nhưng khi hai đường được cắt là song song: góc đồng vị bằng nhau, góc so le trong bằng nhau. Đây là giả định gốc của hình học cổ điển. Tiên đề song song Euclid: Qua một điểm ngoài đường thẳng, có đúng một đường song song. Nổi tiếng vì làm đau đầu các nhà toán học 2000 năm, dẫn đến hình học phi Euclid."
250,frame_000250_00-04-09-000.jpg,249.000,00:04:09.000,Một đường cắt hai đường song song,"Ba đường: hai đường và đường thứ ba cắt cả hai, tạo 8 góc. Góc đồng vị, góc so le trong. Bình thường không có quan hệ gì. Nhưng khi hai đường được cắt là song song: góc đồng vị bằng nhau, góc so le trong bằng nhau. Đây là giả định gốc của hình học cổ điển. Tiên đề song song Euclid: Qua một điểm ngoài đường thẳng, có đúng một đường song song. Nổi tiếng vì làm đau đầu các nhà toán học 2000 năm, dẫn đến hình học phi Euclid."
251,frame_000251_00-04-10-000.jpg,250.000,00:04:10.000,Một đường cắt hai đường song song,"Ba đường: hai đường và đường thứ ba cắt cả hai, tạo 8 góc. Góc đồng vị, góc so le trong. Bình thường không có quan hệ gì. Nhưng khi hai đường được cắt là song song: góc đồng vị bằng nhau, góc so le trong bằng nhau. Đây là giả định gốc của hình học cổ điển. Tiên đề song song Euclid: Qua một điểm ngoài đường thẳng, có đúng một đường song song. Nổi tiếng vì làm đau đầu các nhà toán học 2000 năm, dẫn đến hình học phi Euclid."
252,frame_000252_00-04-11-000.jpg,251.000,00:04:11.000,Một đường cắt hai đường song song,"Ba đường: hai đường và đường thứ ba cắt cả hai, tạo 8 góc. Góc đồng vị, góc so le trong. Bình thường không có quan hệ gì. Nhưng khi hai đường được cắt là song song: góc đồng vị bằng nhau, góc so le trong bằng nhau. Đây là giả định gốc của hình học cổ điển. Tiên đề song song Euclid: Qua một điểm ngoài đường thẳng, có đúng một đường song song. Nổi tiếng vì làm đau đầu các nhà toán học 2000 năm, dẫn đến hình học phi Euclid."
253,frame_000253_00-04-12-000.jpg,252.000,00:04:12.000,Một đường cắt hai đường song song,"Ba đường: hai đường và đường thứ ba cắt cả hai, tạo 8 góc. Góc đồng vị, góc so le trong. Bình thường không có quan hệ gì. Nhưng khi hai đường được cắt là song song: góc đồng vị bằng nhau, góc so le trong bằng nhau. Đây là giả định gốc của hình học cổ điển. Tiên đề song song Euclid: Qua một điểm ngoài đường thẳng, có đúng một đường song song. Nổi tiếng vì làm đau đầu các nhà toán học 2000 năm, dẫn đến hình học phi Euclid."
254,frame_000254_00-04-13-000.jpg,253.000,00:04:13.000,Một đường cắt hai đường song song,"Ba đường: hai đường và đường thứ ba cắt cả hai, tạo 8 góc. Góc đồng vị, góc so le trong. Bình thường không có quan hệ gì. Nhưng khi hai đường được cắt là song song: góc đồng vị bằng nhau, góc so le trong bằng nhau. Đây là giả định gốc của hình học cổ điển. Tiên đề song song Euclid: Qua một điểm ngoài đường thẳng, có đúng một đường song song. Nổi tiếng vì làm đau đầu các nhà toán học 2000 năm, dẫn đến hình học phi Euclid."
255,frame_000255_00-04-14-000.jpg,254.000,00:04:14.000,Một đường cắt hai đường song song,"Ba đường: hai đường và đường thứ ba cắt cả hai, tạo 8 góc. Góc đồng vị, góc so le trong. Bình thường không có quan hệ gì. Nhưng khi hai đường được cắt là song song: góc đồng vị bằng nhau, góc so le trong bằng nhau. Đây là giả định gốc của hình học cổ điển. Tiên đề song song Euclid: Qua một điểm ngoài đường thẳng, có đúng một đường song song. Nổi tiếng vì làm đau đầu các nhà toán học 2000 năm, dẫn đến hình học phi Euclid."
256,frame_000256_00-04-15-000.jpg,255.000,00:04:15.000,Một đường cắt hai đường song song,"Ba đường: hai đường và đường thứ ba cắt cả hai, tạo 8 góc. Góc đồng vị, góc so le trong. Bình thường không có quan hệ gì. Nhưng khi hai đường được cắt là song song: góc đồng vị bằng nhau, góc so le trong bằng nhau. Đây là giả định gốc của hình học cổ điển. Tiên đề song song Euclid: Qua một điểm ngoài đường thẳng, có đúng một đường song song. Nổi tiếng vì làm đau đầu các nhà toán học 2000 năm, dẫn đến hình học phi Euclid."
257,frame_000257_00-04-16-000.jpg,256.000,00:04:16.000,Một đường cắt hai đường song song,"Ba đường: hai đường và đường thứ ba cắt cả hai, tạo 8 góc. Góc đồng vị, góc so le trong. Bình thường không có quan hệ gì. Nhưng khi hai đường được cắt là song song: góc đồng vị bằng nhau, góc so le trong bằng nhau. Đây là giả định gốc của hình học cổ điển. Tiên đề song song Euclid: Qua một điểm ngoài đường thẳng, có đúng một đường song song. Nổi tiếng vì làm đau đầu các nhà toán học 2000 năm, dẫn đến hình học phi Euclid."
258,frame_000258_00-04-17-000.jpg,257.000,00:04:17.000,Một đường cắt hai đường song song,"Ba đường: hai đường và đường thứ ba cắt cả hai, tạo 8 góc. Góc đồng vị, góc so le trong. Bình thường không có quan hệ gì. Nhưng khi hai đường được cắt là song song: góc đồng vị bằng nhau, góc so le trong bằng nhau. Đây là giả định gốc của hình học cổ điển. Tiên đề song song Euclid: Qua một điểm ngoài đường thẳng, có đúng một đường song song. Nổi tiếng vì làm đau đầu các nhà toán học 2000 năm, dẫn đến hình học phi Euclid."
259,frame_000259_00-04-18-000.jpg,258.000,00:04:18.000,Một đường cắt hai đường song song,"Ba đường: hai đường và đường thứ ba cắt cả hai, tạo 8 góc. Góc đồng vị, góc so le trong. Bình thường không có quan hệ gì. Nhưng khi hai đường được cắt là song song: góc đồng vị bằng nhau, góc so le trong bằng nhau. Đây là giả định gốc của hình học cổ điển. Tiên đề song song Euclid: Qua một điểm ngoài đường thẳng, có đúng một đường song song. Nổi tiếng vì làm đau đầu các nhà toán học 2000 năm, dẫn đến hình học phi Euclid."
260,frame_000260_00-04-19-000.jpg,259.000,00:04:19.000,Một đường cắt hai đường song song,"Ba đường: hai đường và đường thứ ba cắt cả hai, tạo 8 góc. Góc đồng vị, góc so le trong. Bình thường không có quan hệ gì. Nhưng khi hai đường được cắt là song song: góc đồng vị bằng nhau, góc so le trong bằng nhau. Đây là giả định gốc của hình học cổ điển. Tiên đề song song Euclid: Qua một điểm ngoài đường thẳng, có đúng một đường song song. Nổi tiếng vì làm đau đầu các nhà toán học 2000 năm, dẫn đến hình học phi Euclid."
261,frame_000261_00-04-20-000.jpg,260.000,00:04:20.000,Một đường cắt hai đường song song,"Ba đường: hai đường và đường thứ ba cắt cả hai, tạo 8 góc. Góc đồng vị, góc so le trong. Bình thường không có quan hệ gì. Nhưng khi hai đường được cắt là song song: góc đồng vị bằng nhau, góc so le trong bằng nhau. Đây là giả định gốc của hình học cổ điển. Tiên đề song song Euclid: Qua một điểm ngoài đường thẳng, có đúng một đường song song. Nổi tiếng vì làm đau đầu các nhà toán học 2000 năm, dẫn đến hình học phi Euclid."
262,frame_000262_00-04-21-000.jpg,261.000,00:04:21.000,Một đường cắt hai đường song song,"Ba đường: hai đường và đường thứ ba cắt cả hai, tạo 8 góc. Góc đồng vị, góc so le trong. Bình thường không có quan hệ gì. Nhưng khi hai đường được cắt là song song: góc đồng vị bằng nhau, góc so le trong bằng nhau. Đây là giả định gốc của hình học cổ điển. Tiên đề song song Euclid: Qua một điểm ngoài đường thẳng, có đúng một đường song song. Nổi tiếng vì làm đau đầu các nhà toán học 2000 năm, dẫn đến hình học phi Euclid."
263,frame_000263_00-04-22-000.jpg,262.000,00:04:22.000,Một đường cắt hai đường song song,"Ba đường: hai đường và đường thứ ba cắt cả hai, tạo 8 góc. Góc đồng vị, góc so le trong. Bình thường không có quan hệ gì. Nhưng khi hai đường được cắt là song song: góc đồng vị bằng nhau, góc so le trong bằng nhau. Đây là giả định gốc của hình học cổ điển. Tiên đề song song Euclid: Qua một điểm ngoài đường thẳng, có đúng một đường song song. Nổi tiếng vì làm đau đầu các nhà toán học 2000 năm, dẫn đến hình học phi Euclid."
264,frame_000264_00-04-23-000.jpg,263.000,00:04:23.000,Một đường cắt hai đường song song,"Ba đường: hai đường và đường thứ ba cắt cả hai, tạo 8 góc. Góc đồng vị, góc so le trong. Bình thường không có quan hệ gì. Nhưng khi hai đường được cắt là song song: góc đồng vị bằng nhau, góc so le trong bằng nhau. Đây là giả định gốc của hình học cổ điển. Tiên đề song song Euclid: Qua một điểm ngoài đường thẳng, có đúng một đường song song. Nổi tiếng vì làm đau đầu các nhà toán học 2000 năm, dẫn đến hình học phi Euclid."
265,frame_000265_00-04-24-000.jpg,264.000,00:04:24.000,Một đường cắt hai đường song song,"Ba đường: hai đường và đường thứ ba cắt cả hai, tạo 8 góc. Góc đồng vị, góc so le trong. Bình thường không có quan hệ gì. Nhưng khi hai đường được cắt là song song: góc đồng vị bằng nhau, góc so le trong bằng nhau. Đây là giả định gốc của hình học cổ điển. Tiên đề song song Euclid: Qua một điểm ngoài đường thẳng, có đúng một đường song song. Nổi tiếng vì làm đau đầu các nhà toán học 2000 năm, dẫn đến hình học phi Euclid."
266,frame_000266_00-04-25-000.jpg,265.000,00:04:25.000,Một đường cắt hai đường song song,"Ba đường: hai đường và đường thứ ba cắt cả hai, tạo 8 góc. Góc đồng vị, góc so le trong. Bình thường không có quan hệ gì. Nhưng khi hai đường được cắt là song song: góc đồng vị bằng nhau, góc so le trong bằng nhau. Đây là giả định gốc của hình học cổ điển. Tiên đề song song Euclid: Qua một điểm ngoài đường thẳng, có đúng một đường song song. Nổi tiếng vì làm đau đầu các nhà toán học 2000 năm, dẫn đến hình học phi Euclid."
267,frame_000267_00-04-26-000.jpg,266.000,00:04:26.000,Một đường cắt hai đường song song,"Ba đường: hai đường và đường thứ ba cắt cả hai, tạo 8 góc. Góc đồng vị, góc so le trong. Bình thường không có quan hệ gì. Nhưng khi hai đường được cắt là song song: góc đồng vị bằng nhau, góc so le trong bằng nhau. Đây là giả định gốc của hình học cổ điển. Tiên đề song song Euclid: Qua một điểm ngoài đường thẳng, có đúng một đường song song. Nổi tiếng vì làm đau đầu các nhà toán học 2000 năm, dẫn đến hình học phi Euclid."
268,frame_000268_00-04-27-000.jpg,267.000,00:04:27.000,Một đường cắt hai đường song song,"Ba đường: hai đường và đường thứ ba cắt cả hai, tạo 8 góc. Góc đồng vị, góc so le trong. Bình thường không có quan hệ gì. Nhưng khi hai đường được cắt là song song: góc đồng vị bằng nhau, góc so le trong bằng nhau. Đây là giả định gốc của hình học cổ điển. Tiên đề song song Euclid: Qua một điểm ngoài đường thẳng, có đúng một đường song song. Nổi tiếng vì làm đau đầu các nhà toán học 2000 năm, dẫn đến hình học phi Euclid."
269,frame_000269_00-04-28-000.jpg,268.000,00:04:28.000,Một đường cắt hai đường song song,"Ba đường: hai đường và đường thứ ba cắt cả hai, tạo 8 góc. Góc đồng vị, góc so le trong. Bình thường không có quan hệ gì. Nhưng khi hai đường được cắt là song song: góc đồng vị bằng nhau, góc so le trong bằng nhau. Đây là giả định gốc của hình học cổ điển. Tiên đề song song Euclid: Qua một điểm ngoài đường thẳng, có đúng một đường song song. Nổi tiếng vì làm đau đầu các nhà toán học 2000 năm, dẫn đến hình học phi Euclid."
270,frame_000270_00-04-29-000.jpg,269.000,00:04:29.000,Một đường cắt hai đường song song,"Ba đường: hai đường và đường thứ ba cắt cả hai, tạo 8 góc. Góc đồng vị, góc so le trong. Bình thường không có quan hệ gì. Nhưng khi hai đường được cắt là song song: góc đồng vị bằng nhau, góc so le trong bằng nhau. Đây là giả định gốc của hình học cổ điển. Tiên đề song song Euclid: Qua một điểm ngoài đường thẳng, có đúng một đường song song. Nổi tiếng vì làm đau đầu các nhà toán học 2000 năm, dẫn đến hình học phi Euclid."
271,frame_000271_00-04-30-000.jpg,270.000,00:04:30.000,Một đường cắt hai đường song song,"Ba đường: hai đường và đường thứ ba cắt cả hai, tạo 8 góc. Góc đồng vị, góc so le trong. Bình thường không có quan hệ gì. Nhưng khi hai đường được cắt là song song: góc đồng vị bằng nhau, góc so le trong bằng nhau. Đây là giả định gốc của hình học cổ điển. Tiên đề song song Euclid: Qua một điểm ngoài đường thẳng, có đúng một đường song song. Nổi tiếng vì làm đau đầu các nhà toán học 2000 năm, dẫn đến hình học phi Euclid."
272,frame_000272_00-04-31-000.jpg,271.000,00:04:31.000,Một đường cắt hai đường song song,"Ba đường: hai đường và đường thứ ba cắt cả hai, tạo 8 góc. Góc đồng vị, góc so le trong. Bình thường không có quan hệ gì. Nhưng khi hai đường được cắt là song song: góc đồng vị bằng nhau, góc so le trong bằng nhau. Đây là giả định gốc của hình học cổ điển. Tiên đề song song Euclid: Qua một điểm ngoài đường thẳng, có đúng một đường song song. Nổi tiếng vì làm đau đầu các nhà toán học 2000 năm, dẫn đến hình học phi Euclid."
273,frame_000273_00-04-32-000.jpg,272.000,00:04:32.000,Một đường cắt hai đường song song,"Ba đường: hai đường và đường thứ ba cắt cả hai, tạo 8 góc. Góc đồng vị, góc so le trong. Bình thường không có quan hệ gì. Nhưng khi hai đường được cắt là song song: góc đồng vị bằng nhau, góc so le trong bằng nhau. Đây là giả định gốc của hình học cổ điển. Tiên đề song song Euclid: Qua một điểm ngoài đường thẳng, có đúng một đường song song. Nổi tiếng vì làm đau đầu các nhà toán học 2000 năm, dẫn đến hình học phi Euclid."
274,frame_000274_00-04-33-000.jpg,273.000,00:04:33.000,Một đường cắt hai đường song song,"Ba đường: hai đường và đường thứ ba cắt cả hai, tạo 8 góc. Góc đồng vị, góc so le trong. Bình thường không có quan hệ gì. Nhưng khi hai đường được cắt là song song: góc đồng vị bằng nhau, góc so le trong bằng nhau. Đây là giả định gốc của hình học cổ điển. Tiên đề song song Euclid: Qua một điểm ngoài đường thẳng, có đúng một đường song song. Nổi tiếng vì làm đau đầu các nhà toán học 2000 năm, dẫn đến hình học phi Euclid."
275,frame_000275_00-04-34-000.jpg,274.000,00:04:34.000,Một đường cắt hai đường song song,"Ba đường: hai đường và đường thứ ba cắt cả hai, tạo 8 góc. Góc đồng vị, góc so le trong. Bình thường không có quan hệ gì. Nhưng khi hai đường được cắt là song song: góc đồng vị bằng nhau, góc so le trong bằng nhau. Đây là giả định gốc của hình học cổ điển. Tiên đề song song Euclid: Qua một điểm ngoài đường thẳng, có đúng một đường song song. Nổi tiếng vì làm đau đầu các nhà toán học 2000 năm, dẫn đến hình học phi Euclid."
276,frame_000276_00-04-35-000.jpg,275.000,00:04:35.000,Một đường cắt hai đường song song,"Ba đường: hai đường và đường thứ ba cắt cả hai, tạo 8 góc. Góc đồng vị, góc so le trong. Bình thường không có quan hệ gì. Nhưng khi hai đường được cắt là song song: góc đồng vị bằng nhau, góc so le trong bằng nhau. Đây là giả định gốc của hình học cổ điển. Tiên đề song song Euclid: Qua một điểm ngoài đường thẳng, có đúng một đường song song. Nổi tiếng vì làm đau đầu các nhà toán học 2000 năm, dẫn đến hình học phi Euclid."
277,frame_000277_00-04-36-000.jpg,276.000,00:04:36.000,Một đường cắt hai đường song song,"Ba đường: hai đường và đường thứ ba cắt cả hai, tạo 8 góc. Góc đồng vị, góc so le trong. Bình thường không có quan hệ gì. Nhưng khi hai đường được cắt là song song: góc đồng vị bằng nhau, góc so le trong bằng nhau. Đây là giả định gốc của hình học cổ điển. Tiên đề song song Euclid: Qua một điểm ngoài đường thẳng, có đúng một đường song song. Nổi tiếng vì làm đau đầu các nhà toán học 2000 năm, dẫn đến hình học phi Euclid."
278,frame_000278_00-04-37-000.jpg,277.000,00:04:37.000,Một đường cắt hai đường song song,"Ba đường: hai đường và đường thứ ba cắt cả hai, tạo 8 góc. Góc đồng vị, góc so le trong. Bình thường không có quan hệ gì. Nhưng khi hai đường được cắt là song song: góc đồng vị bằng nhau, góc so le trong bằng nhau. Đây là giả định gốc của hình học cổ điển. Tiên đề song song Euclid: Qua một điểm ngoài đường thẳng, có đúng một đường song song. Nổi tiếng vì làm đau đầu các nhà toán học 2000 năm, dẫn đến hình học phi Euclid."
279,frame_000279_00-04-38-000.jpg,278.000,00:04:38.000,Một đường cắt hai đường song song,"Ba đường: hai đường và đường thứ ba cắt cả hai, tạo 8 góc. Góc đồng vị, góc so le trong. Bình thường không có quan hệ gì. Nhưng khi hai đường được cắt là song song: góc đồng vị bằng nhau, góc so le trong bằng nhau. Đây là giả định gốc của hình học cổ điển. Tiên đề song song Euclid: Qua một điểm ngoài đường thẳng, có đúng một đường song song. Nổi tiếng vì làm đau đầu các nhà toán học 2000 năm, dẫn đến hình học phi Euclid."
280,frame_000280_00-04-39-000.jpg,279.000,00:04:39.000,Một đường cắt hai đường song song,"Ba đường: hai đường và đường thứ ba cắt cả hai, tạo 8 góc. Góc đồng vị, góc so le trong. Bình thường không có quan hệ gì. Nhưng khi hai đường được cắt là song song: góc đồng vị bằng nhau, góc so le trong bằng nhau. Đây là giả định gốc của hình học cổ điển. Tiên đề song song Euclid: Qua một điểm ngoài đường thẳng, có đúng một đường song song. Nổi tiếng vì làm đau đầu các nhà toán học 2000 năm, dẫn đến hình học phi Euclid."
281,frame_000281_00-04-40-000.jpg,280.000,00:04:40.000,Một đường cắt hai đường song song,"Ba đường: hai đường và đường thứ ba cắt cả hai, tạo 8 góc. Góc đồng vị, góc so le trong. Bình thường không có quan hệ gì. Nhưng khi hai đường được cắt là song song: góc đồng vị bằng nhau, góc so le trong bằng nhau. Đây là giả định gốc của hình học cổ điển. Tiên đề song song Euclid: Qua một điểm ngoài đường thẳng, có đúng một đường song song. Nổi tiếng vì làm đau đầu các nhà toán học 2000 năm, dẫn đến hình học phi Euclid."
282,frame_000282_00-04-41-000.jpg,281.000,00:04:41.000,Một đường cắt hai đường song song,"Ba đường: hai đường và đường thứ ba cắt cả hai, tạo 8 góc. Góc đồng vị, góc so le trong. Bình thường không có quan hệ gì. Nhưng khi hai đường được cắt là song song: góc đồng vị bằng nhau, góc so le trong bằng nhau. Đây là giả định gốc của hình học cổ điển. Tiên đề song song Euclid: Qua một điểm ngoài đường thẳng, có đúng một đường song song. Nổi tiếng vì làm đau đầu các nhà toán học 2000 năm, dẫn đến hình học phi Euclid."
283,frame_000283_00-04-42-000.jpg,282.000,00:04:42.000,Một đường cắt hai đường song song,"Ba đường: hai đường và đường thứ ba cắt cả hai, tạo 8 góc. Góc đồng vị, góc so le trong. Bình thường không có quan hệ gì. Nhưng khi hai đường được cắt là song song: góc đồng vị bằng nhau, góc so le trong bằng nhau. Đây là giả định gốc của hình học cổ điển. Tiên đề song song Euclid: Qua một điểm ngoài đường thẳng, có đúng một đường song song. Nổi tiếng vì làm đau đầu các nhà toán học 2000 năm, dẫn đến hình học phi Euclid."
284,frame_000284_00-04-43-000.jpg,283.000,00:04:43.000,Một đường cắt hai đường song song,"Ba đường: hai đường và đường thứ ba cắt cả hai, tạo 8 góc. Góc đồng vị, góc so le trong. Bình thường không có quan hệ gì. Nhưng khi hai đường được cắt là song song: góc đồng vị bằng nhau, góc so le trong bằng nhau. Đây là giả định gốc của hình học cổ điển. Tiên đề song song Euclid: Qua một điểm ngoài đường thẳng, có đúng một đường song song. Nổi tiếng vì làm đau đầu các nhà toán học 2000 năm, dẫn đến hình học phi Euclid."
285,frame_000285_00-04-44-000.jpg,284.000,00:04:44.000,Một đường cắt hai đường song song,"Ba đường: hai đường và đường thứ ba cắt cả hai, tạo 8 góc. Góc đồng vị, góc so le trong. Bình thường không có quan hệ gì. Nhưng khi hai đường được cắt là song song: góc đồng vị bằng nhau, góc so le trong bằng nhau. Đây là giả định gốc của hình học cổ điển. Tiên đề song song Euclid: Qua một điểm ngoài đường thẳng, có đúng một đường song song. Nổi tiếng vì làm đau đầu các nhà toán học 2000 năm, dẫn đến hình học phi Euclid."
286,frame_000286_00-04-45-000.jpg,285.000,00:04:45.000,Một đường cắt hai đường song song,"Ba đường: hai đường và đường thứ ba cắt cả hai, tạo 8 góc. Góc đồng vị, góc so le trong. Bình thường không có quan hệ gì. Nhưng khi hai đường được cắt là song song: góc đồng vị bằng nhau, góc so le trong bằng nhau. Đây là giả định gốc của hình học cổ điển. Tiên đề song song Euclid: Qua một điểm ngoài đường thẳng, có đúng một đường song song. Nổi tiếng vì làm đau đầu các nhà toán học 2000 năm, dẫn đến hình học phi Euclid."
287,frame_000287_00-04-46-000.jpg,286.000,00:04:46.000,Một đường cắt hai đường song song,"Ba đường: hai đường và đường thứ ba cắt cả hai, tạo 8 góc. Góc đồng vị, góc so le trong. Bình thường không có quan hệ gì. Nhưng khi hai đường được cắt là song song: góc đồng vị bằng nhau, góc so le trong bằng nhau. Đây là giả định gốc của hình học cổ điển. Tiên đề song song Euclid: Qua một điểm ngoài đường thẳng, có đúng một đường song song. Nổi tiếng vì làm đau đầu các nhà toán học 2000 năm, dẫn đến hình học phi Euclid."
288,frame_000288_00-04-47-000.jpg,287.000,00:04:47.000,Một đường cắt hai đường song song,"Ba đường: hai đường và đường thứ ba cắt cả hai, tạo 8 góc. Góc đồng vị, góc so le trong. Bình thường không có quan hệ gì. Nhưng khi hai đường được cắt là song song: góc đồng vị bằng nhau, góc so le trong bằng nhau. Đây là giả định gốc của hình học cổ điển. Tiên đề song song Euclid: Qua một điểm ngoài đường thẳng, có đúng một đường song song. Nổi tiếng vì làm đau đầu các nhà toán học 2000 năm, dẫn đến hình học phi Euclid."
289,frame_000289_00-04-48-000.jpg,288.000,00:04:48.000,Một đường cắt hai đường song song,"Ba đường: hai đường và đường thứ ba cắt cả hai, tạo 8 góc. Góc đồng vị, góc so le trong. Bình thường không có quan hệ gì. Nhưng khi hai đường được cắt là song song: góc đồng vị bằng nhau, góc so le trong bằng nhau. Đây là giả định gốc của hình học cổ điển. Tiên đề song song Euclid: Qua một điểm ngoài đường thẳng, có đúng một đường song song. Nổi tiếng vì làm đau đầu các nhà toán học 2000 năm, dẫn đến hình học phi Euclid."
290,frame_000290_00-04-49-000.jpg,289.000,00:04:49.000,Một đường cắt hai đường song song,"Ba đường: hai đường và đường thứ ba cắt cả hai, tạo 8 góc. Góc đồng vị, góc so le trong. Bình thường không có quan hệ gì. Nhưng khi hai đường được cắt là song song: góc đồng vị bằng nhau, góc so le trong bằng nhau. Đây là giả định gốc của hình học cổ điển. Tiên đề song song Euclid: Qua một điểm ngoài đường thẳng, có đúng một đường song song. Nổi tiếng vì làm đau đầu các nhà toán học 2000 năm, dẫn đến hình học phi Euclid."
291,frame_000291_00-04-50-000.jpg,290.000,00:04:50.000,Một đường cắt hai đường song song,"Ba đường: hai đường và đường thứ ba cắt cả hai, tạo 8 góc. Góc đồng vị, góc so le trong. Bình thường không có quan hệ gì. Nhưng khi hai đường được cắt là song song: góc đồng vị bằng nhau, góc so le trong bằng nhau. Đây là giả định gốc của hình học cổ điển. Tiên đề song song Euclid: Qua một điểm ngoài đường thẳng, có đúng một đường song song. Nổi tiếng vì làm đau đầu các nhà toán học 2000 năm, dẫn đến hình học phi Euclid."
292,frame_000292_00-04-51-000.jpg,291.000,00:04:51.000,Một đường cắt hai đường song song,"Ba đường: hai đường và đường thứ ba cắt cả hai, tạo 8 góc. Góc đồng vị, góc so le trong. Bình thường không có quan hệ gì. Nhưng khi hai đường được cắt là song song: góc đồng vị bằng nhau, góc so le trong bằng nhau. Đây là giả định gốc của hình học cổ điển. Tiên đề song song Euclid: Qua một điểm ngoài đường thẳng, có đúng một đường song song. Nổi tiếng vì làm đau đầu các nhà toán học 2000 năm, dẫn đến hình học phi Euclid."
293,frame_000293_00-04-52-000.jpg,292.000,00:04:52.000,Một đường cắt hai đường song song,"Ba đường: hai đường và đường thứ ba cắt cả hai, tạo 8 góc. Góc đồng vị, góc so le trong. Bình thường không có quan hệ gì. Nhưng khi hai đường được cắt là song song: góc đồng vị bằng nhau, góc so le trong bằng nhau. Đây là giả định gốc của hình học cổ điển. Tiên đề song song Euclid: Qua một điểm ngoài đường thẳng, có đúng một đường song song. Nổi tiếng vì làm đau đầu các nhà toán học 2000 năm, dẫn đến hình học phi Euclid."
294,frame_000294_00-04-53-000.jpg,293.000,00:04:53.000,Một đường cắt hai đường song song,"Ba đường: hai đường và đường thứ ba cắt cả hai, tạo 8 góc. Góc đồng vị, góc so le trong. Bình thường không có quan hệ gì. Nhưng khi hai đường được cắt là song song: góc đồng vị bằng nhau, góc so le trong bằng nhau. Đây là giả định gốc của hình học cổ điển. Tiên đề song song Euclid: Qua một điểm ngoài đường thẳng, có đúng một đường song song. Nổi tiếng vì làm đau đầu các nhà toán học 2000 năm, dẫn đến hình học phi Euclid."
295,frame_000295_00-04-54-000.jpg,294.000,00:04:54.000,Một đường cắt hai đường song song,"Ba đường: hai đường và đường thứ ba cắt cả hai, tạo 8 góc. Góc đồng vị, góc so le trong. Bình thường không có quan hệ gì. Nhưng khi hai đường được cắt là song song: góc đồng vị bằng nhau, góc so le trong bằng nhau. Đây là giả định gốc của hình học cổ điển. Tiên đề song song Euclid: Qua một điểm ngoài đường thẳng, có đúng một đường song song. Nổi tiếng vì làm đau đầu các nhà toán học 2000 năm, dẫn đến hình học phi Euclid."
296,frame_000296_00-04-55-000.jpg,295.000,00:04:55.000,Một đường cắt hai đường song song,"Ba đường: hai đường và đường thứ ba cắt cả hai, tạo 8 góc. Góc đồng vị, góc so le trong. Bình thường không có quan hệ gì. Nhưng khi hai đường được cắt là song song: góc đồng vị bằng nhau, góc so le trong bằng nhau. Đây là giả định gốc của hình học cổ điển. Tiên đề song song Euclid: Qua một điểm ngoài đường thẳng, có đúng một đường song song. Nổi tiếng vì làm đau đầu các nhà toán học 2000 năm, dẫn đến hình học phi Euclid."
297,frame_000297_00-04-56-000.jpg,296.000,00:04:56.000,Một đường cắt hai đường song song,"Ba đường: hai đường và đường thứ ba cắt cả hai, tạo 8 góc. Góc đồng vị, góc so le trong. Bình thường không có quan hệ gì. Nhưng khi hai đường được cắt là song song: góc đồng vị bằng nhau, góc so le trong bằng nhau. Đây là giả định gốc của hình học cổ điển. Tiên đề song song Euclid: Qua một điểm ngoài đường thẳng, có đúng một đường song song. Nổi tiếng vì làm đau đầu các nhà toán học 2000 năm, dẫn đến hình học phi Euclid."
298,frame_000298_00-04-57-000.jpg,297.000,00:04:57.000,Tam giác và tổng ba góc,"Từ những đường thẳng và góc, ta bước sang hình đầu tiên có miền trong, đó là tam giác..."
299,frame_000299_00-04-58-000.jpg,298.000,00:04:58.000,Tam giác và tổng ba góc,"Từ những đường thẳng và góc, ta bước sang hình đầu tiên có miền trong, đó là tam giác..."
300,frame_000300_00-04-59-000.jpg,299.000,00:04:59.000,Tam giác và tổng ba góc,"Từ những đường thẳng và góc, ta bước sang hình đầu tiên có miền trong, đó là tam giác..."
